EOS_id,Drug_name,MoA,Target_name,is_hit_3D,n_features_active,activity_RMS_2D,activity_RMS_3D,rank_2D_n_active_pct,rank_2D_RMS_pct,rank_3D_RMS_pct
EOS102387,PD148028,,Replicase polyprotein 1ab,False,48,1.6699120385064616,0.6731237347160812,7.414965986394558,5.850340136054422,9.523809523809524
EOS100001,VINCRISTINE,inhibitor,Tubulin beta-5 chain;Tubulin alpha-4A chain,False,314,5.513057704777139,1.1117028644397555,96.4625850340136,95.23809523809523,62.72108843537415
EOS102224,PD129987,,,False,47,1.6972752528214068,0.5541905494368071,6.394557823129252,7.210884353741497,0.9523809523809524
EOS100019,BISACODYL,negative modulator;inhibitor,Hypoxia-inducible factor 1-alpha;Cytochrome P450 3A4;Prelamin-A/C;Signal transducer and activator of transcription 6;Lysine-specific demethylase 4E;Thyrotropin receptor;Lethal factor;Cytochrome P450 2C9;G-protein coupled receptor 55;Bile salt export pump;Kappa-type opioid receptor;Sodium-dependent dopamine transporter;Aquaporin-3;Sodium/potassium-transporting ATPase,False,46,1.763510084036617,1.0968589570088616,5.442176870748299,11.156462585034014,61.49659863945578
EOS100022,BX-795,inhibitor,"Serine/threonine-protein kinase TBK1;Glycogen synthase kinase-3 beta;[Pyruvate dehydrogenase (acetyl-transferring)] kinase isozyme 1, mitochondrial;Serine/threonine-protein kinase Chk1;Vascular endothelial growth factor receptor 2;Cyclin-dependent kinase 2;protein kinase A;Inhibitor of nuclear factor kappa-B kinase subunit epsilon;3-phosphoinositide-dependent protein kinase 1;Cyclic GMP-AMP synthase;Serine/threonine-protein kinase ULK2;Serine/threonine-protein kinase ULK1",False,188,3.7186808228669705,0.8883334551769902,63.06122448979592,75.23809523809524,39.86394557823129
EOS100030,GW806742X,inhibitor;binding agent;inhibitor,Aurora kinase A;Mixed lineage kinase domain-like protein;Vascular endothelial growth factor receptor 2,False,246,4.667501007195364,0.6233117385379147,84.21768707482993,88.843537414966,4.8979591836734695
EOS100035,GSK180736A,,Ribosomal protein S6 kinase alpha-1;Beta-adrenergic receptor kinase 1;G protein-coupled receptor kinase 5;Ribosomal protein S6 kinase beta-1;Rho-associated protein kinase 1,False,114,2.4416079192663513,1.9484423640899404,41.08843537414966,43.40136054421769,92.10884353741497
EOS100037,CCT128930,,RAC-beta serine/threonine-protein kinase;Cytochrome P450 2C9;Cytochrome P450 2D6;Ribosomal protein S6 kinase beta-1;Glycogen synthase kinase-3 beta;RAC-alpha serine/threonine-protein kinase,False,209,3.2264465128995123,1.148061769804573,71.49659863945578,62.99319727891156,65.578231292517
EOS100045,GNE-3511,inhibitor,Mitogen-activated protein kinase kinase kinase 9;Mitogen-activated protein kinase kinase kinase 11;Mitogen-activated protein kinase kinase kinase 12;Mitogen-activated protein kinase 9;Ribosomal protein S6 kinase beta-1;Mitogen-activated protein kinase kinase kinase 13;Mitogen-activated protein kinase 8;Mitogen-activated protein kinase 10;Mitogen-activated protein kinase kinase kinase 10,False,222,3.76185095130197,1.1373773815124648,76.12244897959184,77.00680272108843,64.21768707482994
EOS100074,SNX-2112,,"Heat shock protein HSP90;Heat shock protein HSP 90-alpha;Heat shock protein 75 kDa, mitochondrial;Heat shock protein HSP 90-beta;Endoplasmin",False,190,3.087391469070313,0.7761242934594305,64.14965986394557,60.544217687074834,24.081632653061224
EOS100135,ETRAVIRINE,inhibitor,Reverse transcriptase/RNaseH;Cruzipain;ATP-binding cassette sub-family C member 2;Potassium voltage-gated channel subfamily H member 2;Reverse transcriptase;ATP-dependent translocase ABCB1;ATP-binding cassette sub-family C member 3;Multidrug resistance-associated protein 1;Broad substrate specificity ATP-binding cassette transporter ABCG2,False,218,3.8372004211996495,0.6083195104971966,74.62585034013605,78.0952380952381,4.081632653061225
EOS101981,DHCAA,,Adenosylhomocysteinase,False,97,2.070559246660561,0.8060332435523139,33.06122448979592,25.850340136054424,28.57142857142857
EOS101943,PD120955,,Mannose-6-phosphate isomerase;Phosphoethanolamine/phosphocholine phosphatase,False,47,1.6748701063344422,0.668484328842827,6.394557823129252,6.122448979591836,8.571428571428571
EOS101917,PD120707,,E3 ubiquitin-protein ligase NEDD4,False,108,2.2397214116199913,0.7110125434920274,37.755102040816325,33.46938775510204,14.69387755102041
EOS101909,WAY-359195,,"Apoptotic protease-activating factor 1;Retinal dehydrogenase 1;Lysosomal alpha-glucosidase;15-hydroxyprostaglandin dehydrogenase [NAD(+)];Lysine-specific demethylase 4E;ATP-dependent DNA helicase Q1;Replicative DNA helicase;Sentrin-specific protease 8;Thioredoxin glutathione reductase;Caspase-9;Caspase-3;Sentrin-specific protease 7;Caspase-6;Caspase-8;Tyrosyl-DNA phosphodiesterase 2;Sentrin-specific protease 6;SUMO-activating enzyme;Bloom syndrome protein;M-phase inducer phosphatase 2;Putative fructose-1,6-bisphosphate aldolase;Menin/Histone-lysine N-methyltransferase MLL;Protein RecA;Microtubule-associated protein tau;Thyroid hormone receptor beta;Caspase-7",False,154,2.7802519610337235,1.0076490830835034,52.721088435374156,53.06122448979592,53.605442176870746
EOS101908,PD119560,,Dihydrofolate reductase;Bifunctional dihydrofolate reductase-thymidylate synthase,False,112,2.2752050626190745,0.9587365268991747,39.86394557823129,35.64625850340136,48.57142857142857
EOS101885,PD121254,,"Indoleamine 2,3-dioxygenase 1",False,94,2.3395437210828587,0.628532536485376,31.83673469387755,38.63945578231293,5.3061224489795915
EOS101872,NSC 44625,,"Carbonic anhydrase;Carbonic anhydrase 2;Carbonic anhydrase 7;Carbonic anhydrase 9;Carbonic anhydrase 1;Carbonic anhydrase 4;Carbonic anhydrase 14;Carbonic anhydrase 6;Carbonic anhydrase 5A, mitochondrial;Carbonic anhydrase, alpha family;Carbonic anhydrase 12;Carbonic anhydrase 5B, mitochondrial;Beta-carbonic anhydrase 1;Carbonic anhydrase 15",False,45,1.7365547743966816,0.8588314889529024,4.489795918367347,9.659863945578232,35.23809523809524
EOS101857,PD121172,,"Heat shock protein 90, putative;Nuclear receptor ROR-gamma;Heat shock protein HSP 90-alpha;Streptokinase A;ATP-dependent molecular chaperone HSP82",False,202,3.38045597894327,0.8290866914784601,68.70748299319727,66.53061224489795,31.700680272108844
EOS100542,AMG-18,,Serine/threonine-protein kinase/endoribonuclease IRE1;Mitogen-activated protein kinase 10,False,131,2.7602998058341472,1.1959817324551036,45.78231292517007,52.244897959183675,69.52380952380952
EOS102437,DIPHYLLIN,,Prelamin-A/C;Huntingtin;Retinal dehydrogenase 1;Nuclear receptor ROR-gamma;Microtubule-associated protein tau;15-hydroxyprostaglandin dehydrogenase [NAD(+)];Lysine-specific demethylase 4E;Lethal factor;Neuropeptide S receptor;ATP-dependent molecular chaperone HSP82,False,239,4.189822588756155,1.8036722139290962,81.9047619047619,83.40136054421768,90.74829931972789
EOS102420,SID 7969543,,Thyrotropin receptor;Cruzipain;3-hydroxyacyl-CoA dehydrogenase type-2;Lysine-specific demethylase 4E;Retinal dehydrogenase 1;Steroidogenic factor 1,False,77,1.907916948649467,0.7152498355467746,25.102040816326532,19.86394557823129,15.374149659863946
EOS100595,AFATINIB,inhibitor,"Epidermal growth factor receptor;Receptor tyrosine-protein kinase erbB-2;Tyrosine-protein kinase Blk;Receptor tyrosine-protein kinase erbB-3;Mitogen-activated protein kinase 14;Adenosine kinase;Receptor-type tyrosine-protein kinase FLT3;Ribosomal protein S6 kinase alpha-6;MAP kinase-interacting serine/threonine-protein kinase 2;Ephrin type-A receptor 6;Dual specificity mitogen-activated protein kinase kinase 5;Myosin light chain kinase, smooth muscle;Tyrosine-protein kinase TXK;Dual specificity tyrosine-phosphorylation-regulated kinase 1B;Casein kinase I isoform epsilon;Dual specificity tyrosine-phosphorylation-regulated kinase 1A;Phosphorylase b kinase gamma catalytic chain, skeletal muscle/heart isoform;STE20-like serine/threonine-protein kinase;Ephrin type-B receptor 6;Tyrosine-protein kinase FRK;MAP kinase-interacting serine/threonine-protein kinase 1;Tyrosine-protein kinase HCK;Hepatocyte growth factor receptor;Phosphorylase b kinase gamma catalytic chain, liver/testis isoform;Receptor tyrosine-protein kinase erbB-4;Interleukin-1 receptor-associated kinase 1;Mitogen-activated protein kinase 9;Mitogen-activated protein kinase 11;Dual specificity tyrosine-phosphorylation-regulated kinase 2;Serine/threonine-protein kinase 17A;Tyrosine-protein kinase ABL1;Serine/threonine-protein kinase SBK1;Tyrosine-protein kinase receptor UFO;MAP kinase-activated protein kinase 2;Cyclin-G-associated kinase;Serine/threonine-protein kinase 10;Proto-oncogene tyrosine-protein kinase LCK;Citron Rho-interacting kinase;Receptor-interacting serine/threonine-protein kinase 2;Proto-oncogene tyrosine-protein kinase Src;Mitogen-activated protein kinase 10;Homeodomain-interacting protein kinase 4",False,177,3.0926208408858114,1.7276690035157445,58.77551020408164,60.816326530612244,88.57142857142857
EOS100590,PF-3845,inhibitor,Fatty-acid amide hydrolase 1,False,152,2.7175136827065334,1.0687172199580217,51.63265306122449,51.156462585034014,59.455782312925166
EOS100586,CHLORHEXIDINE,,Microtubule-associated protein tau;Cytochrome P450 2D6;4'-phosphopantetheinyl transferase ffp;Hexokinase HKDC1;CAAX prenyl protease 2;72 kDa type IV collagenase;Cytochrome P450 2C9;Lysosomal acid glucosylceramidase;Cytochrome P450 1A2;Paired box protein Pax-8;Solute carrier family 22 member 1;Multidrug and toxin extrusion protein 2;Solute carrier family 22 member 3;Melanocortin receptor 4;Solute carrier family 22 member 2;Synaptojanin-2;ATP-dependent molecular chaperone HSP82;Hypoxia-inducible factor 1-alpha;Huntingtin;Cruzipain;Trypanothione reductase;Nuclear receptor ROR-gamma;Mitogen-activated protein kinase 1;Cellular tumor antigen p53;Bloom syndrome protein;Ubiquitin carboxyl-terminal hydrolase 2;Menin/Histone-lysine N-methyltransferase MLL;Polyunsaturated fatty acid lipoxygenase ALOX15;Cytochrome P450 3A4;Matrix metalloproteinase-9;Thyrotropin receptor;Ubiquitin-conjugating enzyme E2 N;DNA repair protein RAD52 homolog;Cytochrome P450 2C19;Lethal factor;Prelamin-A/C;Multidrug and toxin extrusion protein 1,False,100,2.3697229339210386,0.6368326295318825,34.08163265306122,40.0,5.850340136054422
EOS100581,BMS-754807,inhibitor,Protein-tyrosine kinase 2-beta;Insulin-like growth factor 1 receptor;RAC-alpha serine/threonine-protein kinase;Multidrug resistance-associated protein 1;ATP-dependent translocase ABCB1;5'-AMP-activated protein kinase subunit gamma-2;Cytochrome P450 2C19;Receptor-type tyrosine-protein kinase FLT3;Aurora kinase A;Serine/threonine-protein kinase PLK4;Hepatocyte growth factor receptor;Serine/threonine-protein kinase LMTK3;Serine/threonine-protein kinase Nek9;Cytochrome P450 3A4;Ephrin type-A receptor 2;BDNF/NT-3 growth factors receptor;Focal adhesion kinase 1;5'-AMP-activated protein kinase catalytic subunit alpha-1;High affinity nerve growth factor receptor;Non-receptor tyrosine-protein kinase TNK1;5'-AMP-activated protein kinase subunit gamma-1;Cytochrome P450 2C9;Cyclin-dependent kinase 2/cyclin E;Tyrosine-protein kinase Fer;Epithelial discoidin domain-containing receptor 1;Aurora kinase B;Insulin receptor;Tyrosine-protein kinase Fes/Fps;Proto-oncogene tyrosine-protein kinase receptor Ret;Broad substrate specificity ATP-binding cassette transporter ABCG2,False,258,4.234245216316059,1.6256637363591253,85.71428571428571,83.80952380952381,86.53061224489797
EOS100579,7-ETHYL-10-HYDROXYCAMPTOTHECIN,inhibitor,DNA topoisomerase 1;Cytochrome P450 3A4;Broad substrate specificity ATP-binding cassette transporter ABCG2,False,261,4.239725474939099,1.0878784219853541,86.80272108843538,83.94557823129252,60.952380952380956
EOS100578,VARLITINIB,inhibitor,"Receptor-interacting serine/threonine-protein kinase 2;Tyrosine-protein kinase Yes;Receptor tyrosine-protein kinase erbB-2;Ferrochelatase, mitochondrial;Epidermal growth factor receptor;Receptor-interacting serine/threonine-protein kinase 3;Receptor tyrosine-protein kinase erbB-4",False,200,3.6098258345624954,0.7367199014643473,67.75510204081633,72.6530612244898,17.687074829931973
EOS100575,SERTINDOLE,antagonist;inhibitor;antagonist;inverse agonist,Potassium voltage-gated channel subfamily H member 2;D(1A) dopamine receptor;Bile salt export pump;5-hydroxytryptamine receptor 6;ATP-dependent translocase ABCB1;Sodium channel alpha subunit;Alpha-1B adrenergic receptor;Potassium voltage-gated channel subfamily A member 5;Alpha-1D adrenergic receptor;Adrenergic receptor alpha-2;5-hydroxytryptamine receptor 1F;5-hydroxytryptamine receptor 1E;Voltage-gated L-type calcium channel;5-hydroxytryptamine receptor 2A;Alpha-1A adrenergic receptor;Serotonin 2 (5-HT2) receptor;5-hydroxytryptamine receptor 1A;5-hydroxytryptamine receptor 2C;5-hydroxytryptamine receptor 1D;Adrenergic receptor alpha-1;D(3) dopamine receptor;D(2) dopamine receptor;5-hydroxytryptamine receptor 1B;Histamine H1 receptor;D(4) dopamine receptor;Serotonin 2 receptors; 5-HT2a & 5-HT2c,False,225,3.8223772034104444,1.564131632995361,77.41496598639456,77.9591836734694,85.4421768707483
EOS100550,ATGLISTATIN,,Patatin-like phospholipase domain-containing protein 2,False,44,1.7664716367531075,0.9066097284810479,3.4693877551020407,11.564625850340136,41.76870748299319
EOS100536,TYRPHOSTIN A9,,Thyrotropin receptor;Hypoxia-inducible factor 1-alpha;Beta-lactamase;Cytochrome P450 2C9;15-hydroxyprostaglandin dehydrogenase [NAD(+)];Lethal factor;Ferritin light chain;Nuclear factor NF-kappa-B p105 subunit;Cytochrome P450 1A2;ATP-dependent DNA helicase Q1;Cytochrome P450 3A4;Cellular tumor antigen p53;Bloom syndrome protein;Peripheral myelin protein 22;Cytochrome P450 2C19;Retinal dehydrogenase 1;3-hydroxyacyl-CoA dehydrogenase type-2;Neuropeptide S receptor;Microtubule-associated protein tau;Polyunsaturated fatty acid lipoxygenase ALOX15;Thioredoxin glutathione reductase;Prelamin-A/C;Menin/Histone-lysine N-methyltransferase MLL;Geminin;Thrombopoietin;Muscarinic acetylcholine receptor M1;4'-phosphopantetheinyl transferase ffp;Serine/threonine-protein kinase mTOR,False,188,3.2709355138709166,1.4503929786276597,63.06122448979592,64.21768707482994,81.9047619047619
EOS100524,SNS-314,inhibitor,Aurora kinase A;Dual specificity protein kinase CLK4;NT-3 growth factor receptor;SRSF protein kinase 1;MAP kinase-interacting serine/threonine-protein kinase 2;Maternal embryonic leucine zipper kinase;Homeodomain-interacting protein kinase 4;Serine/threonine-protein kinase PLK4;Platelet-derived growth factor receptor beta;Focal adhesion kinase 1;Interleukin-1 receptor-associated kinase 1;Rho-associated protein kinase 2;Epithelial discoidin domain-containing receptor 1;Tyrosine-protein kinase receptor UFO;Vascular endothelial growth factor receptor 2;Ribosomal protein S6 kinase beta-1;Mitogen-activated protein kinase kinase kinase 20;Proto-oncogene tyrosine-protein kinase receptor Ret;Serine/threonine-protein kinase BRSK1;Calcium/calmodulin-dependent protein kinase type II subunit gamma;Mast/stem cell growth factor receptor Kit;Proto-oncogene tyrosine-protein kinase ROS;Calcium/calmodulin-dependent protein kinase type II subunit beta;Peroxisomal acyl-coenzyme A oxidase 3;Ephrin type-A receptor 2;Serine/threonine-protein kinase Nek4;Tyrosine-protein kinase receptor TYRO3;STE20-like serine/threonine-protein kinase;Vascular endothelial growth factor receptor 3;Macrophage colony-stimulating factor 1 receptor;Aurora kinase B;High affinity nerve growth factor receptor;Discoidin domain-containing receptor 2;BDNF/NT-3 growth factors receptor;RAF proto-oncogene serine/threonine-protein kinase;Serine/threonine-protein kinase D2;Interleukin-1 receptor-associated kinase 4;Mitogen-activated protein kinase 13;Casein kinase I isoform gamma-2;Cyclin-dependent kinase 19;Cyclin-dependent kinase 1;Cyclin-dependent kinase 8;Dual specificity tyrosine-phosphorylation-regulated kinase 3;Calcium/calmodulin-dependent protein kinase type II subunit delta;Tyrosine-protein kinase FRK;Protein kinase C delta type;Misshapen-like kinase 1;Serine/threonine-protein kinase Chk2;Hepatocyte growth factor receptor;Serine/threonine-protein kinase Aurora,False,198,3.7676134131940295,2.0819825704339614,67.14285714285714,77.27891156462586,93.60544217687075
EOS100505,ML324,inhibitor,Lysine-specific demethylase 4E;Lethal(3)malignant brain tumor-like protein 1;Lysine-specific demethylase 4A,False,112,2.3120958737286013,1.2667452905066316,39.86394557823129,37.006802721088434,74.28571428571429
EOS100504,M344,,Histone deacetylase;HD2 type histone deacetylase HDA106;Leukotriene A-4 hydrolase;Histone deacetylase 8;Histone deacetylase 1;Histone deacetylase 6,False,157,2.7717730067740742,0.7477713428302375,53.87755102040816,52.6530612244898,19.45578231292517
EOS100479,K02288,,Activin receptor type-1;TGF-beta receptor type-1,False,87,2.155010452184906,0.8580129919569186,29.863945578231295,29.65986394557823,35.10204081632653
EOS100465,DAPIVIRINE,inhibitor,Reverse transcriptase/RNaseH,False,196,3.2441150388916102,0.7134160843996239,66.05442176870748,63.53741496598639,15.10204081632653
EOS100414,UNC2881,,Tyrosine-protein kinase receptor TYRO3;Tyrosine-protein kinase receptor UFO;Tyrosine-protein kinase Mer,False,108,2.3442536470033133,0.9510266588509328,37.755102040816325,38.91156462585034,47.61904761904761
EOS100635,BARASERTIB-HQPA,inhibitor,"Tyrosine-protein kinase ABL1;Mitogen-activated protein kinase kinase kinase 19;Cyclin-dependent kinase 11B;Tyrosine-protein kinase receptor UFO;Aurora kinase C;Tyrosine-protein kinase ZAP-70;Tubulin alpha-1A chain;Cyclin-dependent kinase 7;AP2-associated protein kinase 1;Dual specificity mitogen-activated protein kinase kinase 1;Angiopoietin-1 receptor;Tyrosine-protein kinase Srms;Tyrosine-protein kinase BTK;Dual specificity mitogen-activated protein kinase kinase 2;Mitogen-activated protein kinase kinase kinase 20;Tyrosine-protein kinase Yes;Homeodomain-interacting protein kinase 4;Serine/threonine-protein kinase PAK 1;Homeodomain-interacting protein kinase 2;Tyrosine-protein kinase HCK;Receptor-interacting serine/threonine-protein kinase 2;Cyclin-dependent kinase-like 2;Cyclin-dependent kinase 13;Discoidin domain-containing receptor 2;Mitogen-activated protein kinase kinase kinase kinase 2;Vascular endothelial growth factor receptor 3;Ephrin type-B receptor 6;Protein-tyrosine kinase 6;Tyrosine-protein kinase Lyn;Tyrosine-protein kinase receptor Tie-1;Dual specificity protein kinase TTK;Tyrosine-protein kinase CSK;Leukocyte tyrosine kinase receptor;Ankyrin repeat and protein kinase domain-containing protein 1;Vascular endothelial growth factor receptor 1;Platelet-derived growth factor receptor beta;Citron Rho-interacting kinase;Serine/threonine-protein kinase 36;Cyclin-dependent kinase 11A;Proto-oncogene tyrosine-protein kinase LCK;Epidermal growth factor receptor;Proto-oncogene tyrosine-protein kinase receptor Ret;Serine/threonine-protein kinase PLK4;Casein kinase II subunit alpha';Eukaryotic translation initiation factor 2-alpha kinase 1;Homeodomain-interacting protein kinase 3;Ribosomal protein S6 kinase beta-1;Macrophage-stimulating protein receptor;Receptor tyrosine-protein kinase erbB-4;Dual serine/threonine and tyrosine protein kinase;Dual specificity mitogen-activated protein kinase kinase 5;Serine/threonine-protein kinase 10;Interleukin-1 receptor-associated kinase 3;Receptor tyrosine-protein kinase erbB-2;Aurora kinase B;TRAF2 and NCK-interacting protein kinase;Vascular endothelial growth factor receptor 2;MAP kinase-interacting serine/threonine-protein kinase 2;Serine/threonine-protein kinase Chk2;Mitogen-activated protein kinase kinase kinase 7;Platelet-derived growth factor receptor alpha;Cyclin-dependent kinase 16;Mast/stem cell growth factor receptor Kit;Epithelial discoidin domain-containing receptor 1;Aurora kinase A;Receptor-type tyrosine-protein kinase FLT3;Macrophage colony-stimulating factor 1 receptor;Muscle, skeletal receptor tyrosine-protein kinase;Hepatocyte growth factor receptor;Mitogen-activated protein kinase kinase kinase kinase 5;Tyrosine-protein kinase Blk;Mitogen-activated protein kinase kinase kinase kinase 4;Casein kinase I isoform delta",False,219,4.082520872279486,1.1729796426569257,74.96598639455783,81.63265306122449,67.89115646258503
EOS100634,GO 6983,inhibitor,Protein kinase C gamma type;Protein kinase C zeta type;Protein kinase C delta type;Protein kinase C beta type;Protein kinase C alpha type;L-type calcium channel alpha 1C/beta 2A,False,96,2.224497878619296,0.5974483482625756,32.857142857142854,32.92517006802721,3.537414965986395
EOS100623,LAPATINIB,antagonist;inhibitor,Epidermal growth factor receptor;Insulin receptor;Receptor tyrosine-protein kinase erbB-3;Cytochrome P450 3A4;Phosphatidylinositol 4-kinase beta;Receptor-interacting serine/threonine-protein kinase 2;Proto-oncogene tyrosine-protein kinase receptor Ret;Tubulin alpha-1A chain;Dual specificity mitogen-activated protein kinase kinase 7;Cytochrome P450 3A5;Serine/threonine-protein kinase 10;Cyclin-dependent kinase 2;Tyrosine-protein kinase ABL1;Bile salt export pump;Potassium voltage-gated channel subfamily H member 2;Aurora kinase B;Dual specificity mitogen-activated protein kinase kinase 5;Phosphatidylinositol 3-kinase C2 domain-containing subunit gamma;Receptor tyrosine-protein kinase erbB-4;Menin/Histone-lysine N-methyltransferase MLL;Platelet-derived growth factor receptor beta;STE20-like serine/threonine-protein kinase;Receptor tyrosine-protein kinase erbB-2;Phosphatidylinositol 4-phosphate 3-kinase C2 domain-containing subunit beta,False,139,2.9513036519697855,1.4776165625579276,48.36734693877551,56.19047619047619,82.85714285714286
EOS100619,BREXPIPRAZOLE,antagonist;agonist;partial agonist,D(2) dopamine receptor;5-hydroxytryptamine receptor 2A;5-hydroxytryptamine receptor 1A;5-hydroxytryptamine receptor 2B;5-hydroxytryptamine receptor 7;Alpha-2C adrenergic receptor;Alpha-1B adrenergic receptor,False,118,2.6197742413486753,0.7561840799343393,42.925170068027214,48.843537414965986,20.680272108843536
EOS100616,SAPITINIB,inhibitor,Ephrin type-B receptor 2;Receptor-interacting serine/threonine-protein kinase 3;Adenosine kinase;Cyclin-G-associated kinase;Ephrin type-A receptor 2;Protein-tyrosine kinase 6;Tyrosine-protein kinase Lyn;Ephrin type-A receptor 4;Epidermal growth factor receptor;Ephrin type-A receptor 1;Receptor tyrosine-protein kinase erbB-3;Ephrin type-B receptor 4;Ephrin type-A receptor 5;Receptor-interacting serine/threonine-protein kinase 2;Receptor tyrosine-protein kinase erbB-2;Proto-oncogene tyrosine-protein kinase receptor Ret;Receptor tyrosine-protein kinase erbB-4,False,98,2.286804957676515,0.6461043395369275,33.197278911564624,36.3265306122449,6.258503401360545
EOS100609,TANESPIMYCIN,inhibitor,"Heat shock protein HSP90;Heat shock protein HSP 90-alpha;ATP-dependent molecular chaperone HSC82;Endoplasmin;Heat shock protein HSP 90-beta;Microtubule-associated protein tau;ATP-dependent molecular chaperone HSP82;Heat shock protein 75 kDa, mitochondrial;Prelamin-A/C;Heat-shock protein;Receptor tyrosine-protein kinase erbB-2;Bcr/Abl fusion protein",False,179,3.006494221661453,0.7813823366911333,60.0,57.55102040816327,25.03401360544218
EOS100604,PP 242,inhibitor,"Phosphatidylinositol 4,5-bisphosphate 3-kinase catalytic subunit alpha isoform;Phosphatidylinositol 4-kinase beta;Serine/threonine-protein kinase BRSK1;Death-associated protein kinase 3;Ephrin type-A receptor 1;Ephrin type-A receptor 2;Fibroblast growth factor receptor 1;Fibroblast growth factor receptor 2;Rhodopsin kinase GRK7;Cyclin-dependent kinase 19;Serine/threonine-protein kinase TAO3;Serine/threonine-protein kinase TAO1;Serine/threonine-protein kinase 35;Mitogen-activated protein kinase kinase kinase 20;Ankyrin repeat and protein kinase domain-containing protein 1;Bromodomain-containing protein 4;DNA-dependent protein kinase catalytic subunit;Dual specificity mitogen-activated protein kinase kinase 1;Serine/threonine-protein kinase MARK2;High affinity nerve growth factor receptor;Serine/threonine-protein kinase PAK 6;Serine/threonine-protein kinase PAK 5;Serine/threonine-protein kinase pim-2;Proto-oncogene tyrosine-protein kinase Src;Tyrosine-protein kinase ABL2;ALK tyrosine kinase receptor;Activin receptor type-1B;Interleukin-1 receptor-associated kinase 3;Serine/threonine-protein kinase DCLK3;Dual specificity mitogen-activated protein kinase kinase 2;Tyrosine-protein kinase Mer;Tyrosine-protein kinase BTK;Calcium/calmodulin-dependent protein kinase type 1D;Dual specificity protein kinase CLK2;Casein kinase I isoform delta;AP2-associated protein kinase 1;Myosin-IIIa;Homeodomain-interacting protein kinase 2;Mitogen-activated protein kinase kinase kinase 19;mTORC1;Serine/threonine-protein kinase 10;Serine/threonine-protein kinase PAK 4;Serine/threonine-protein kinase PLK2;cAMP-dependent protein kinase catalytic subunit alpha;Protein-tyrosine kinase 6;Ribosomal protein S6 kinase alpha-5;Ribosomal protein S6 kinase alpha-6;Ribosomal protein S6 kinase beta-1;Bone morphogenetic protein receptor type-2;Serine/threonine-protein kinase 17B;Ephrin type-B receptor 6;Calcium/calmodulin-dependent protein kinase type II subunit alpha;Casein kinase I isoform epsilon;Casein kinase I isoform gamma-1;Dual specificity mitogen-activated protein kinase kinase 5;Misshapen-like kinase 1;Phosphorylase b kinase gamma catalytic chain, liver/testis isoform;Tyrosine-protein kinase Blk;Cytoplasmic tyrosine-protein kinase BMX;Dual specificity tyrosine-phosphorylation-regulated kinase 1A;Ephrin type-A receptor 5;Vascular endothelial growth factor receptor 1;Vascular endothelial growth factor receptor 3;STE20-like serine/threonine-protein kinase;Serine/threonine-protein kinase NLK;Dual serine/threonine and tyrosine protein kinase;BDNF/NT-3 growth factors receptor;Ribosomal protein S6 kinase alpha-3;Tyrosine-protein kinase Fyn;Mitogen-activated protein kinase kinase kinase kinase 1;Cyclin-dependent kinase 8;Tyrosine-protein kinase receptor UFO;Dual specificity mitogen-activated protein kinase kinase 3;Dual specificity tyrosine-phosphorylation-regulated kinase 2;Peripheral plasma membrane protein CASK;Bone morphogenetic protein receptor type-1A;Death-associated protein kinase 1;Serine/threonine-protein kinase PLK3;Tyrosine-protein kinase Lyn;Tyrosine-protein kinase FRK;Serine/threonine-protein kinase receptor R3;Homeodomain-interacting protein kinase 1;Homeodomain-interacting protein kinase 4;Phosphatidylinositol 4-phosphate 5-kinase type-1 gamma;Serine/threonine-protein kinase PLK4;Serine/threonine-protein kinase LATS2;Maternal embryonic leucine zipper kinase;Dual specificity protein kinase CLK4;Leucine-rich repeat serine/threonine-protein kinase 2;Serine/threonine-protein kinase TAO2;Serine/threonine-protein kinase 16;Activated CDC42 kinase 1;Leukocyte tyrosine kinase receptor;Serine/threonine-protein kinase 32A;Homeodomain-interacting protein kinase 3;Serine/threonine-protein kinase pim-3;Activin receptor type-2B;Interferon-induced, double-stranded RNA-activated protein kinase;TGF-beta receptor type-2;Dual specificity protein kinase TTK;Mitogen-activated protein kinase kinase kinase 1;Dual specificity testis-specific protein kinase 1;Mitogen-activated protein kinase kinase kinase 2;Interleukin-1 receptor-associated kinase 4;TGF-beta receptor type-1;Tyrosine-protein kinase CSK;Non-receptor tyrosine-protein kinase TNK1;MAP kinase-interacting serine/threonine-protein kinase 2;Serine/threonine-protein kinase RIO2;Serine/threonine-protein kinase 33;NUAK family SNF1-like kinase 2;Casein kinase I isoform alpha-like;Serine/threonine-protein kinase SIK1;Ephrin type-B receptor 4;RAC-gamma serine/threonine-protein kinase;Myosin-IIIb;Activin receptor type-1;Tyrosine-protein kinase JAK1;Non-receptor tyrosine-protein kinase TYK2;Myotonin-protein kinase;Serine/threonine-protein kinase Chk2;Epithelial discoidin domain-containing receptor 1;Rhodopsin kinase GRK1;Tyrosine-protein kinase TXK;Phosphatidylinositol 3-kinase C2 domain-containing subunit gamma;Cyclin-G-associated kinase;Calcium/calmodulin-dependent protein kinase kinase 2;Proto-oncogene tyrosine-protein kinase LCK;Mitogen-activated protein kinase kinase kinase kinase 2;Platelet-derived growth factor receptor alpha;Serine/threonine-protein kinase ULK2;Receptor-type tyrosine-protein kinase FLT3;Fibroblast growth factor receptor 4;Proto-oncogene tyrosine-protein kinase receptor Ret;Discoidin domain-containing receptor 2;Phosphatidylinositol 4,5-bisphosphate 3-kinase catalytic subunit delta isoform;Phosphatidylinositol 4,5-bisphosphate 3-kinase catalytic subunit gamma isoform;Serine/threonine-protein kinase mTOR;Tyrosine-protein kinase ABL1;Tyrosine-protein kinase JAK2;Mast/stem cell growth factor receptor Kit;Mitogen-activated protein kinase kinase kinase 9;Serine/threonine-protein kinase 26;Platelet-derived growth factor receptor beta;Tyrosine-protein kinase HCK;Fibroblast growth factor receptor 3;Casein kinase I isoform gamma-3;Ephrin type-A receptor 4;Death-associated protein kinase 2;Mitogen-activated protein kinase kinase kinase 7;Serine/threonine-protein kinase 3;Epidermal growth factor receptor;Casein kinase I isoform alpha;Casein kinase II subunit alpha;Ephrin type-A receptor 3;Ephrin type-B receptor 1;Serine/threonine-protein kinase pim-1;cGMP-dependent protein kinase 2;Phosphatidylinositol 4,5-bisphosphate 3-kinase catalytic subunit beta isoform;Phosphatidylinositol 4-phosphate 3-kinase C2 domain-containing subunit beta;Myosin light chain kinase 3;Calcium-dependent protein kinase 1;mTORC2;Angiopoietin-1 receptor;Cyclin-dependent kinase 4;Ephrin type-A receptor 6;MAP kinase-interacting serine/threonine-protein kinase 1;Bone morphogenetic protein receptor type-1B;Interleukin-1 receptor-associated kinase 1;Receptor tyrosine-protein kinase erbB-3;Proto-oncogene tyrosine-protein kinase ROS;Serine/threonine-protein kinase TNNI3K;Ribosomal protein S6 kinase alpha-1;Ribosomal protein S6 kinase alpha-4;Serine/threonine-protein kinase SIK3;Serine/threonine-protein kinase ULK3;Activin receptor type-2A;Cyclin-dependent kinase 7;Mitogen-activated protein kinase kinase kinase 3;Dual specificity mitogen-activated protein kinase kinase 4;Receptor-interacting serine/threonine-protein kinase 2;Serine/threonine-protein kinase BRSK2;BMP-2-inducible protein kinase;TRAF2 and NCK-interacting protein kinase;Tyrosine-protein kinase JAK3;Receptor tyrosine-protein kinase erbB-2;Mitogen-activated protein kinase kinase kinase kinase 4;Serine/threonine-protein kinase PAK 2;Protein kinase C eta type;Tyrosine-protein kinase Yes;Protein kinase C epsilon type;Vascular endothelial growth factor receptor 2;Macrophage colony-stimulating factor 1 receptor;Casein kinase I isoform gamma-2;Casein kinase II subunit alpha';Ephrin type-B receptor 2;Serine/threonine-protein kinase SIK2;Tyrosine-protein kinase Fgr;Serine/threonine-protein kinase 32B;Atypical kinase COQ8A, mitochondrial;Receptor-interacting serine/threonine-protein kinase 4;Phosphatidylinositol 5-phosphate 4-kinase type-2 gamma;Atypical kinase COQ8B, mitochondrial;Serine/threonine-protein kinase PknB;Myosin light chain kinase, smooth muscle;Serine/threonine-protein kinase B-raf;Dual specificity protein kinase CLK1;Ephrin type-A receptor 8;PAS domain-containing serine/threonine-protein kinase",False,191,3.274415630927837,0.830068919068482,64.5578231292517,64.35374149659864,31.97278911564626
EOS100598,BI 2536,inhibitor,"Serine/threonine-protein kinase Nek3;Transcription initiation factor TFIID subunit 1;Serine/threonine-protein kinase Nek2;Casein kinase I isoform alpha;Casein kinase I isoform gamma-2;Ribosomal protein S6 kinase alpha-2;Calcium/calmodulin-dependent protein kinase type II subunit delta;Tyrosine-protein kinase Mer;Interleukin-1 receptor-associated kinase 4;STE20-like serine/threonine-protein kinase;AP2-associated protein kinase 1;Interferon-induced, double-stranded RNA-activated protein kinase;Ferrochelatase, mitochondrial;Adenosine kinase;Death-associated protein kinase 3;Ribosomal protein S6 kinase alpha-4;Phosphorylase b kinase gamma catalytic chain, liver/testis isoform;Hepatocyte growth factor receptor;Cyclin-dependent kinase 4;Dual specificity protein kinase CLK1;Mitogen-activated protein kinase 10;Tyrosine-protein kinase SYK;Dual specificity protein kinase CLK3;Calcium/calmodulin-dependent protein kinase type II subunit gamma;Serine/threonine-protein kinase Nek7;Hormonally up-regulated neu tumor-associated kinase;Tyrosine-protein kinase Fes/Fps;Calcium/calmodulin-dependent protein kinase type II subunit beta;Focal adhesion kinase 1;Phosphatidylinositol 4,5-bisphosphate 3-kinase catalytic subunit delta isoform;Pyridoxal kinase;Cyclin-G-associated kinase;Serine/threonine-protein kinase NIM1;Calcium/calmodulin-dependent protein kinase type II subunit alpha;Homeodomain-interacting protein kinase 4;Serine/threonine-protein kinase RIO1;Mitogen-activated protein kinase kinase kinase 19;Homeodomain-interacting protein kinase 2;Serine/threonine-protein kinase DCLK1;Casein kinase I isoform gamma-3;Dual specificity protein kinase CLK2;Misshapen-like kinase 1;Bromodomain testis-specific protein;Interleukin-1 receptor-associated kinase 1;Serine/threonine-protein kinase 16;Ribosomal protein S6 kinase alpha-5;Serine/threonine-protein kinase Chk2;Bromodomain-containing protein 4;Serine/threonine-protein kinase PLK1;Myosin light chain kinase, smooth muscle;Calcium/calmodulin-dependent protein kinase kinase 1;Phosphatidylinositol 5-phosphate 4-kinase type-2 gamma;Casein kinase I isoform gamma-1;Death-associated protein kinase 1;Receptor-type tyrosine-protein kinase FLT3;Serine/threonine-protein kinase 33;Serine/threonine-protein kinase PLK3;Ribosomal protein S6 kinase alpha-1;Myosin-IIIa;Serine/threonine-protein kinase D2;Serine/threonine-protein kinase TAO3;Homeodomain-interacting protein kinase 1;Calcium/calmodulin-dependent protein kinase type 1D;Myotonin-protein kinase;Myosin-IIIb;Casein kinase I isoform epsilon;Epidermal growth factor receptor;Serine/threonine-protein kinase 10;Serine/threonine-protein kinase RIO3;Mitogen-activated protein kinase 7;Serine/threonine-protein kinase D1;Leukocyte tyrosine kinase receptor;Protein-tyrosine kinase 2-beta;Casein kinase I isoform delta;ALK tyrosine kinase receptor;Dual specificity protein kinase TTK;Death-associated protein kinase 2;Calcium/calmodulin-dependent protein kinase kinase 2;Serine/threonine-protein kinase D3;Homeodomain-interacting protein kinase 3;Tyrosine-protein kinase ABL1;Ribosomal protein S6 kinase alpha-6;Citron Rho-interacting kinase;Serine/threonine-protein kinase PLK2;Cyclin-dependent kinase 7;Rhodopsin kinase GRK7",False,292,5.520585177686374,0.9621556558903747,92.99319727891157,95.37414965986395,49.25170068027211
EOS100722,CHLORQUINALDOL,,Nuclear receptor ROR-gamma;Vacuolar aminopeptidase 1;Botulinum neurotoxin type A;Microtubule-associated protein tau,False,155,2.740880294291873,1.9549813437410493,53.12925170068027,51.83673469387755,92.24489795918367
EOS100719,BEDAQUILINE,inhibitor,ATP synthase subunit c;Potassium voltage-gated channel subfamily H member 2;Replicase polyprotein 1ab;ATP synthase,False,47,1.7836112582412176,0.6890954491388076,6.394557823129252,12.653061224489795,10.748299319727892
EOS100712,CYCLOSERINE,inhibitor,"Glutamate NMDA receptor;Bloom syndrome protein;3-hydroxyacyl-CoA dehydrogenase type-2;Cytochrome P450 3A4;Thyrotropin receptor;Glutamate receptor ionotropic, NMDA 1;Glutamate receptor ionotropic, NMDA 2C;Mitogen-activated protein kinase 1;Menin/Histone-lysine N-methyltransferase MLL;Hypoxia-inducible factor 1-alpha;Prelamin-A/C;Survival motor neuron protein;D-alanine--D-alanine ligase;D-alanine--D-alanine ligase A;Alanine racemase",False,161,2.557603610440453,1.772796715385342,54.285714285714285,47.21088435374149,89.79591836734694
EOS100711,JW55,,Poly [ADP-ribose] polymerase tankyrase-1;Poly [ADP-ribose] polymerase tankyrase-2;Tankyrase 1/2,False,182,3.002766107275367,1.0726888713416085,60.952380952380956,57.14285714285714,59.863945578231295
EOS100708,TERBINAFINE,inhibitor,Squalene monooxygenase;Prelamin-A/C;Nuclear receptor ROR-gamma;Sodium-dependent noradrenaline transporter;Sigma non-opioid intracellular receptor 1;Cytochrome P450 2D6;Alpha-2A adrenergic receptor;ATP-dependent molecular chaperone HSP82;Squalene epoxidase ERG1,False,193,3.0269223846854967,0.8002358368537825,65.23809523809524,58.36734693877551,27.89115646258503
EOS100675,MYCOPHENOLIC ACID,inhibitor,Lysine-specific demethylase 4E;Cytochrome P450 1A2;UDP-glucuronosyltransferase 2B7;Survival motor neuron protein;Retinal dehydrogenase 1;Lethal factor;15-hydroxyprostaglandin dehydrogenase [NAD(+)];Inosine-5'-monophosphate dehydrogenase 1;Inosine-5'-monophosphate dehydrogenase 2;Prelamin-A/C;Cytochrome P450 3A4;Inosine-5'-monophosphate dehydrogenase (IMPDH);3-hydroxyacyl-CoA dehydrogenase type-2,False,153,2.7758137066953097,0.8862649424250181,52.10884353741496,52.925170068027214,39.31972789115646
EOS100661,BMS-536924,,Insulin-like growth factor 1 receptor;Cytochrome P450 1A2;Cytochrome P450 2C9;Cytochrome P450 3A4;Epidermal growth factor receptor;Hepatocyte growth factor receptor;Vascular endothelial growth factor receptor 2;Cytochrome P450 2C19;Insulin receptor;Proto-oncogene tyrosine-protein kinase LCK;Dual specificity mitogen-activated protein kinase kinase 1;Focal adhesion kinase 1;Receptor tyrosine-protein kinase erbB-2,False,183,3.063864447078348,0.7449388862236059,61.564625850340136,59.183673469387756,18.911564625850342
EOS100657,AZD-8055,inhibitor,"Potassium voltage-gated channel subfamily H member 2;PI3-kinase p110-alpha/p85-alpha;Phosphatidylinositol 4,5-bisphosphate 3-kinase catalytic subunit alpha isoform;Serine/threonine-protein kinase mTOR;mTORC2;mTORC1;Ferrochelatase, mitochondrial",False,192,3.2057817738134005,0.7783338660740897,64.82993197278911,62.44897959183674,24.353741496598637
EOS100656,PP-121,inhibitor,"LIM domain kinase 1;Cyclin-dependent-like kinase 5;Casein kinase I isoform alpha;Mitogen-activated protein kinase kinase kinase kinase 5;Rho-associated protein kinase 2;Focal adhesion kinase 1;Death-associated protein kinase 3;Fibroblast growth factor receptor 1;Insulin-like growth factor 1 receptor;Tyrosine-protein kinase JAK2;Dual specificity mitogen-activated protein kinase kinase 1;Protein kinase C theta type;5'-AMP-activated protein kinase catalytic subunit alpha-1;Activated CDC42 kinase 1;Mitogen-activated protein kinase 9;Serine/threonine-protein kinase ATR;Tyrosine-protein kinase BTK;Phosphatidylinositol 4-kinase beta;Tyrosine-protein kinase Fyn;Inhibitor of nuclear factor kappa-B kinase subunit epsilon;Cyclin-dependent kinase 8;Rho-associated protein kinase 1;Tyrosine-protein kinase receptor TYRO3;Bcr/Abl fusion protein;Dual specificity protein kinase CLK2;Macrophage colony-stimulating factor 1 receptor;Glycogen synthase kinase-3 alpha;Mitogen-activated protein kinase kinase kinase kinase 2;Mitogen-activated protein kinase kinase kinase kinase 4;Proto-oncogene tyrosine-protein kinase receptor Ret;Epidermal growth factor receptor;Serine/threonine-protein kinase mTOR;Platelet-derived growth factor receptor beta;Dual specificity protein kinase CLK4;Phosphatidylinositol 4,5-bisphosphate 3-kinase catalytic subunit delta isoform;Tyrosine-protein kinase HCK;Dual specificity mitogen-activated protein kinase kinase 2;Phosphatidylinositol 4,5-bisphosphate 3-kinase catalytic subunit alpha isoform;Platelet-derived growth factor receptor alpha;Leukocyte tyrosine kinase receptor;Proto-oncogene tyrosine-protein kinase Src;Serine/threonine-protein kinase TAO1;Mitogen-activated protein kinase 8;Activin receptor type-1;Macrophage-stimulating protein receptor;cAMP-dependent protein kinase catalytic subunit alpha;MAP/microtubule affinity-regulating kinase 3;Serine/threonine-protein kinase D3;Tyrosine-protein kinase ABL1;Phosphatidylinositol 4,5-bisphosphate 3-kinase catalytic subunit beta isoform;ALK tyrosine kinase receptor;Proto-oncogene tyrosine-protein kinase LCK;Vascular endothelial growth factor receptor 2;Phosphatidylinositol 4,5-bisphosphate 3-kinase catalytic subunit gamma isoform;DNA-dependent protein kinase catalytic subunit;Ephrin type-B receptor 4;Vascular endothelial growth factor receptor 1;Serine/threonine-protein kinase PAK 4;Leucine-rich repeat serine/threonine-protein kinase 2;Mitogen-activated protein kinase 14",False,224,3.485003537948629,1.9351179261862854,77.07482993197279,69.25170068027211,91.97278911564626
EOS100650,ELVITEGRAVIR,inhibitor,Integrase;Reverse transcriptase/RNaseH,False,60,1.8707409627480351,1.69786993696543,17.346938775510203,17.959183673469386,88.16326530612245
EOS100649,VER 155008,,Endoplasmic reticulum chaperone BiP;Heat shock cognate 71 kDa protein,False,222,4.5380778918607385,1.4323548780143809,76.12244897959184,87.61904761904762,81.36054421768706
EOS100641,BIX-01294,inhibitor,Histone-lysine N-methyltransferase EHMT2;Histone-lysine N-methyltransferase EHMT1;Serine/threonine-protein kinase mTOR,False,328,6.0240162043807715,0.8592058018370187,98.2312925170068,97.55102040816327,35.374149659863946
EOS102411,BISINDOLYLMALEIMIDE IV,inhibitor,Protein kinase C (PKC);Protein kinase C alpha type;Calcium/calmodulin-dependent protein kinase type II subunit delta;Cyclin-dependent kinase 4/cyclin D1;Protein kinase C epsilon type;Serine/threonine-protein kinase pim-1;cAMP-dependent protein kinase catalytic subunit alpha;Protein kinase C beta type;NAD-dependent protein deacetylase sirtuin-2;Tyrosine-protein kinase ABL;Cyclin-dependent kinase 2/cyclin E;Protein kinase C gamma type;Cyclin-dependent kinase 1/cyclin B,False,83,2.075012738397787,1.0455844416506905,28.29931972789116,26.122448979591837,56.734693877551024
EOS102395,TBBZ,,Casein kinase II subunit alpha;Casein kinase 2;Dual specificity tyrosine-phosphorylation-regulated kinase 1A;Casein kinase II;Casein kinase II subunit alpha';Menin/Histone-lysine N-methyltransferase MLL;Nuclear receptor ROR-gamma,False,144,2.7258956016564424,0.7382194643597382,49.523809523809526,51.56462585034014,18.095238095238095
EOS102393,METHYLROSANILINE,,"Hexose transporter 1;Glucose transporter;Solute carrier family 2, facilitated glucose transporter member 1",False,253,4.3898291108093614,1.0686913117518122,85.10204081632654,85.3061224489796,59.31972789115646
EOS102388,THIOGUANOSINE,,"Bloom syndrome protein;Lethal(3)malignant brain tumor-like protein 1;Microtubule-associated protein tau;Replicase polyprotein 1ab;4'-phosphopantetheinyl transferase ffp;DNA polymerase beta;ATP-dependent DNA helicase Q1;Tyrosyl-DNA phosphodiesterase 1;Retinal dehydrogenase 1;Lysine-specific demethylase 4E;Putative fructose-1,6-bisphosphate aldolase;Induced myeloid leukemia cell differentiation protein Mcl-1 homolog;Menin/Histone-lysine N-methyltransferase MLL",False,143,2.721592087705734,1.7798938724800581,49.25170068027211,51.29251700680272,90.06802721088435
EOS102384,DIMETHYLETHYLAMINE,agonist,Trace amine-associated receptor 5,False,64,1.7874865138720073,0.6976423285203349,19.319727891156464,12.925170068027212,12.244897959183673
EOS102381,PRUNETIN,inhibitor,"Aldehyde dehydrogenase, mitochondrial;Nitric oxide synthase, inducible",False,58,1.8051074983610378,0.5959530276100085,16.462585034013603,13.60544217687075,3.2653061224489797
EOS102378,SKF 97541,agonist,GABA<sub>B</sub> receptor;Gamma-aminobutyric acid type B receptor subunit 1;Thyrotropin receptor;Prelamin-A/C;Bloom syndrome protein;Thrombopoietin;Muscarinic acetylcholine receptor M1;Cytochrome P450 1A2,False,47,1.6223862771587583,0.5904288563176657,6.394557823129252,3.2653061224489797,2.7210884353741496
EOS102344,GIâ?530139,activator,Potassium channel subfamily K member 2;Potassium channel subfamily K member 10,False,75,2.1393322126250625,1.099905811830263,23.877551020408163,29.115646258503403,61.904761904761905
EOS102335,ML111,,Retinal dehydrogenase 1;ATP-sensitive inward rectifier potassium channel 1;Microtubule-associated protein tau;Prelamin-A/C;4'-phosphopantetheinyl transferase ffp,False,148,2.5038137987947247,0.517281020497424,50.68027210884354,45.85034013605443,0.13605442176870747
EOS102333,KRESOXIM-METHYL,,Cytochrome b,False,186,2.966402979023293,1.3489820449183214,62.31292517006802,56.4625850340136,78.0952380952381
EOS102328,DETHIOBIOTIN,,,False,50,1.6319679810419008,0.6366562737476855,9.387755102040817,3.8095238095238098,5.714285714285714
EOS102327,GEDATOLISIB,inhibitor,"Serine/threonine-protein kinase mTOR;Phosphatidylinositol 4,5-bisphosphate 3-kinase catalytic subunit delta isoform;Phosphatidylinositol 4,5-bisphosphate 3-kinase catalytic subunit gamma isoform;Phosphatidylinositol 4-phosphate 3-kinase C2 domain-containing subunit beta;Phosphatidylinositol 4,5-bisphosphate 3-kinase catalytic subunit alpha isoform;Phosphatidylinositol 3-kinase catalytic subunit type 3;Phosphatidylinositol 4,5-bisphosphate 3-kinase catalytic subunit beta isoform",False,228,3.442072702220901,0.9857683521550528,78.36734693877551,68.57142857142857,51.56462585034014
EOS102308,4-NONYLPHENYLBORONIC ACID,,Fatty-acid amide hydrolase 1;Lipoprotein lipase;Monoglyceride lipase;Endothelial lipase;Transient receptor potential cation channel subfamily V member 1,False,53,2.003534652252016,0.8548012075739833,11.904761904761903,24.081632653061224,34.82993197278911
EOS100824,ERASTIN,,Voltage-dependent anion-selective channel protein 2;Cystine/glutamate transporter,False,71,1.8774335539453766,0.959454751141741,21.904761904761905,18.231292517006803,48.843537414965986
EOS100823,CAY10603,inhibitor,Histone deacetylase 6;Histone deacetylase 2;Histone deacetylase 3;Polyamine deacetylase HDAC10;Histone deacetylase 8;Histone deacetylase 1,False,222,3.4176294687338586,1.0225363828765859,76.12244897959184,67.21088435374149,54.82993197278911
EOS100822,PHA-793887,inhibitor,"Cyclin-dependent kinase 2/cyclin E1;Cyclin-dependent kinase 7/ cyclin H;Cyclin-dependent-like kinase 5;Cyclin-dependent kinase 12;Serine/threonine-protein kinase 26;Serine/threonine-protein kinase D3;Phosphorylase b kinase gamma catalytic chain, liver/testis isoform;Glycogen synthase kinase-3 alpha;Cyclin-dependent kinase 13;Cyclin-dependent kinase 4/cyclin D1;Cyclin-dependent kinase 5/CDK5 activator 1;Cyclin-dependent kinase 2/cyclin A;Serine/threonine-protein kinase ULK1;Serine/threonine-protein kinase D2;Cyclin-dependent kinase 9;CDK9/cyclin T1;Cyclin-dependent kinase 2;Cyclin-dependent kinase 16;Glycogen synthase kinase-3 beta;Cyclin-dependent kinase 1/cyclin B1;Mitogen-activated protein kinase 3;Phenylalanine--tRNA ligase beta subunit;Dual specificity protein kinase CLK1;Dual specificity protein kinase CLK2;Cyclin-dependent kinase 3;Cyclin-dependent kinase 1;Protein kinase C theta type;General transcription and DNA repair factor IIH helicase subunit XPD;Cyclin-dependent kinase 7;Serine/threonine-protein kinase PAK 4;Mitogen-activated protein kinase 15;Cyclin-dependent kinase",False,184,3.08846064594092,1.1498710925874924,61.836734693877546,60.68027210884354,65.85034013605441
EOS100817,PENTAMIDINE,other,Protein tyrosine phosphatase type IVA 2;Sodium-dependent dopamine transporter;Serine/threonine-protein kinase mTOR;Muscarinic acetylcholine receptor M5;Muscarinic acetylcholine receptor M4;Multidrug and toxin extrusion protein 2;Solute carrier family 22 member 1;Cytochrome P450 2D6;Multidrug and toxin extrusion protein 1;D(3) dopamine receptor;Muscarinic acetylcholine receptor M2;Diamine acetyltransferase 1;Sodium-dependent noradrenaline transporter;5-hydroxytryptamine receptor 2A;5-hydroxytryptamine receptor 2C;Solute carrier family 22 member 3;Alpha-2A adrenergic receptor;Amiloride-sensitive amine oxidase [copper-containing];Glutamate NMDA receptor; GRIN1/GRIN2A;Solute carrier family 22 member 2;Amine oxidase [flavin-containing] A;Coagulation factor X;Protein arginine N-methyltransferase 1;Hypoxia-inducible factor 1-alpha;Muscarinic acetylcholine receptor M1;Lysine-specific demethylase 4E;Thrombopoietin;DNA polymerase beta;Geminin;Prelamin-A/C;Retinal dehydrogenase 1;Pyruvate kinase PKM;Glutamate NMDA receptor;Plasminogen;Protein S100-B;Protein tyrosine phosphatase type IVA 3;Alpha-1A adrenergic receptor;Potassium voltage-gated channel subfamily H member 2;Protein tyrosine phosphatase type IVA 1;Suppressor of tumorigenicity 14 protein;Alpha-1B adrenergic receptor;Acrosin;tRNA (cytosine(38)-C(5))-methyltransferase,False,112,2.2997867547484163,0.6822075413246494,39.86394557823129,36.734693877551024,10.204081632653061
EOS100812,AZ 3146,inhibitor,Aurora kinase A;Dual specificity protein kinase TTK;CDK2/Cyclin A,False,106,2.364093058958009,1.1699037634063043,36.53061224489796,39.59183673469388,67.3469387755102
EOS100801,BREFELDIN A,,Thyroid hormone receptor beta;Thioredoxin glutathione reductase;Nuclear receptor subfamily 0 group B member 1;Major prion protein,False,391,7.992360781692135,1.1724630909866822,99.8639455782313,99.45578231292517,67.75510204081633
EOS100800,BARICITINIB,inhibitor,Serine/threonine-protein kinase N1;Casein kinase I isoform gamma-1;JAK1/JAK2/TYK2;JAK2/TYK2;Calcium/calmodulin-dependent protein kinase type II subunit gamma;Protein kinase C alpha type;Rho-associated protein kinase 1;Non-receptor tyrosine-protein kinase TNK1;Mitogen-activated protein kinase kinase kinase 1;Casein kinase I isoform gamma-2;MAP/microtubule affinity-regulating kinase 3;Dual specificity protein kinase CLK1;Serine/threonine-protein kinase ULK1;cAMP-dependent protein kinase catalytic subunit alpha;Protein kinase C delta type;Citron Rho-interacting kinase;Eukaryotic translation initiation factor 2-alpha kinase 1;Calcium/calmodulin-dependent protein kinase type II subunit delta;Serine/threonine-protein kinase N2;AP2-associated protein kinase 1;Uncharacterized protein FLJ45252;Rho-associated protein kinase 2;Cyclin-G-associated kinase;Tyrosine-protein kinase JAK2;Non-receptor tyrosine-protein kinase TYK2;JAK3/JAK1;Tyrosine-protein kinase JAK1;Septin-9;JAK1/TYK2;Tyrosine-protein kinase JAK3;BMP-2-inducible protein kinase;Serine/threonine-protein kinase MARK2;Protein kinase C beta type;Proto-oncogene tyrosine-protein kinase receptor Ret;Protein-tyrosine kinase 2-beta,False,50,1.7682822498886777,1.0691093687051192,9.387755102040817,11.972789115646258,59.591836734693885
EOS100795,AMCINONIDE,agonist,Nuclear receptor ROR-gamma;Hypoxia-inducible factor 1-alpha;Cruzipain;Neuropeptide S receptor;Glucocorticoid receptor;Annexin A1,False,138,2.4910996717873513,0.9443814212913125,47.95918367346938,45.57823129251701,47.074829931972786
EOS100776,FLUVASTATIN,competitive inhibitor,3-hydroxy-3-methylglutaryl-coenzyme A reductase;NAD-dependent protein deacetylase sirtuin-6;Sodium/bile acid cotransporter,False,234,4.0938903482055755,1.1423201911880754,80.74829931972789,82.17687074829932,64.62585034013605
EOS100760,PALBOCICLIB,inhibitor,Dual specificity protein kinase CLK1;CDK4/Cyclin D3;CDK9/cyclin T1;Dual specificity protein kinase CLK2;Macrophage-stimulating protein receptor;5'-AMP-activated protein kinase catalytic subunit alpha-1;Leucine-rich repeat serine/threonine-protein kinase 2;Rho-associated protein kinase 2;Mitogen-activated protein kinase 8;Dual specificity mitogen-activated protein kinase kinase 4;Phosphatidylinositol 5-phosphate 4-kinase type-2 alpha;Uncharacterized protein FLJ45252;Proto-oncogene tyrosine-protein kinase receptor Ret;Receptor-type tyrosine-protein kinase FLT3;Mitogen-activated protein kinase kinase kinase kinase 2;Serine/threonine-protein kinase 16;Serine/threonine-protein kinase TAO2;Cyclin-dependent kinase 4/cyclin D;Hepatocyte growth factor receptor;Mitogen-activated protein kinase 9;Mitogen-activated protein kinase kinase kinase kinase 4;Dual specificity tyrosine-phosphorylation-regulated kinase 1A;BMP-2-inducible protein kinase;Cyclin-dependent kinase 17;Cyclin-dependent kinase 1/cyclin B1;Cyclin-dependent kinase 2/cyclin E1;CDK9/Cyclin K;Phosphatidylinositol 5-phosphate 4-kinase type-2 gamma;CDK6/cyclin D3;Cyclin-dependent kinase 4;Casein kinase II subunit alpha';ALK tyrosine kinase receptor;Death-associated protein kinase 3;Tyrosine-protein kinase JAK3;CDK2/Cyclin A;Cyclin-dependent kinase 4/cyclin D1;CDK6/cyclin D1;Serine/threonine-protein kinase D2;Cyclin-dependent kinase 6;Serine/threonine-protein kinase Chk1;Serine/threonine-protein kinase TAO1;Cyclin-dependent-like kinase 5;Serine/threonine-protein kinase D3;Serine/threonine-protein kinase Nek2;Serine/threonine-protein kinase TAO3;Cyclin-dependent kinase 9;Ribosomal protein S6 kinase alpha-3;Dual specificity tyrosine-phosphorylation-regulated kinase 1B;cAMP-dependent protein kinase catalytic subunit PRKX;Serine/threonine-protein kinase PAK 4;Dual specificity protein kinase CLK4;Mitogen-activated protein kinase kinase kinase kinase 5;CDK6/cyclin D2;Cyclin-dependent kinase 2;AP2-associated protein kinase 1;Cyclin-dependent kinase 16;Dual specificity protein kinase TTK,False,88,2.3403063167327978,1.0429206983338442,30.34013605442177,38.775510204081634,56.59863945578232
EOS100757,GANETESPIB,inhibitor,"Heat shock protein 75 kDa, mitochondrial;Heat shock protein HSP 90-alpha;Heat shock protein HSP90;Heat shock protein HSP 90-beta;Endoplasmin",False,156,2.755099411623624,0.6709211534038164,53.46938775510204,51.97278911564626,8.707482993197278
EOS100746,AT-9283,inhibitor,"Tyrosine-protein kinase Mer;TRAF2 and NCK-interacting protein kinase;Serine/threonine-protein kinase 10;Uncharacterized protein FLJ45252;Hepatocyte growth factor receptor;Maternal embryonic leucine zipper kinase;Mitogen-activated protein kinase 10;LIM domain kinase 2;Proto-oncogene tyrosine-protein kinase LCK;Cyclin-G-associated kinase;Tyrosine-protein kinase CSK;Bone morphogenetic protein receptor type-2;Acyl-CoA dehydrogenase family member 10;Ribosomal protein S6 kinase alpha-2;Vascular endothelial growth factor receptor 3;Serine/threonine-protein kinase SIK3;Fibroblast growth factor receptor 3;Serine/threonine-protein kinase SIK2;Serine/threonine-protein kinase D3;Serine/threonine-protein kinase PAK 4;Mitogen-activated protein kinase kinase kinase kinase 1;Mitogen-activated protein kinase kinase kinase 3;Ribosomal protein S6 kinase beta-1;Serine/threonine-protein kinase D2;5'-AMP-activated protein kinase subunit gamma-1;cAMP-dependent protein kinase catalytic subunit alpha;Serine/threonine-protein kinase N1;Myosin light chain kinase 3;Mitogen-activated protein kinase 8;Mitogen-activated protein kinase kinase kinase kinase 5;Tyrosine-protein kinase Tec;Vascular endothelial growth factor receptor 2;Cyclin-dependent kinase 6;Serine/threonine-protein kinase PAK 6;STE20-like serine/threonine-protein kinase;Protein kinase C beta type;Protein kinase C alpha type;MAP kinase-activated protein kinase 5;Mitogen-activated protein kinase kinase kinase 5;Mitogen-activated protein kinase kinase kinase 2;Tyrosine-protein kinase Fgr;Proto-oncogene tyrosine-protein kinase receptor Ret;Serine/threonine-protein kinase ULK3;Tyrosine-protein kinase SYK;Ribosomal protein S6 kinase alpha-6;Ribosomal protein S6 kinase alpha-1;Protein-tyrosine kinase 6;Cyclin-dependent kinase-like 3;Breakpoint cluster region protein;TGF-beta receptor type-2;TGF-beta receptor type-1;Serine/threonine-protein kinase TBK1;5'-AMP-activated protein kinase subunit gamma-2;cAMP-dependent protein kinase catalytic subunit beta;Serine/threonine-protein kinase Nek9;Dual specificity mitogen-activated protein kinase kinase 6;Inhibitor of nuclear factor kappa-B kinase subunit epsilon;Serine/threonine-protein kinase receptor R3;Tyrosine-protein kinase ABL2;Cyclin-dependent kinase 4;Cyclin-dependent kinase 10;Tyrosine-protein kinase BTK;Mitogen-activated protein kinase kinase kinase 1;Cyclin-dependent-like kinase 5;Glycogen synthase kinase-3 alpha;Dual specificity mitogen-activated protein kinase kinase 5;Tyrosine-protein kinase JAK1;Tyrosine-protein kinase Fer;Ephrin type-A receptor 7;Casein kinase II subunit alpha';Cell division cycle 7-related protein kinase;Activin receptor type-1;AP2-associated protein kinase 1;Serine/threonine-protein kinase 17A;Aurora kinase B;Tyrosine-protein kinase Lyn;Dual specificity tyrosine-phosphorylation-regulated kinase 1A;Tyrosine-protein kinase JAK2;Aurora kinase A;LIM domain kinase 1;Serine/threonine-protein kinase MARK2;Serine/threonine-protein kinase LATS1;Tyrosine-protein kinase HCK;G protein-coupled receptor kinase 6;Tyrosine-protein kinase Fyn;Ephrin type-B receptor 6;Ephrin type-A receptor 2;Cyclin-dependent kinase 9;Ribosomal protein S6 kinase alpha-4;Serine/threonine-protein kinase D1;Receptor-type tyrosine-protein kinase FLT3;Tyrosine-protein kinase Yes;Non-receptor tyrosine-protein kinase TYK2;Ribosomal protein S6 kinase alpha-3;Mitogen-activated protein kinase kinase kinase kinase 4;MAP/microtubule affinity-regulating kinase 3;Cyclin-dependent kinase 16;Vascular endothelial growth factor receptor 1;Mitotic checkpoint serine/threonine-protein kinase BUB1;BMP-2-inducible protein kinase;Activin receptor type-1B;Platelet-derived growth factor receptor alpha;Glycogen synthase kinase-3 beta;Ephrin type-A receptor 4;Dual specificity protein kinase CLK1;Cyclin-dependent kinase 17;Bone morphogenetic protein receptor type-1B;Bone morphogenetic protein receptor type-1A;AarF domain-containing protein kinase 1;Proto-oncogene tyrosine-protein kinase Src;[Pyruvate dehydrogenase (acetyl-transferring)] kinase isozyme 1, mitochondrial;Fibroblast growth factor receptor 1;5'-AMP-activated protein kinase catalytic subunit alpha-1;Fibroblast growth factor receptor 2;Tyrosine-protein kinase JAK3;Tyrosine-protein kinase ABL1;Serine/threonine-protein kinase Chk1;cAMP-dependent protein kinase catalytic subunit gamma;Serine/threonine-protein kinase PLK4;Serine/threonine-protein kinase N2;Serine/threonine-protein kinase Nek3;Mitogen-activated protein kinase 9;Mitogen-activated protein kinase kinase kinase 11;Dual specificity tyrosine-phosphorylation-regulated kinase 2;Serine/threonine-protein kinase 16;Ribosomal protein S6 kinase alpha-5;Serine/threonine-protein kinase TAO1",False,230,4.051540462279371,2.373014722684968,79.31972789115646,81.36054421768706,96.73469387755102
EOS100872,NITROXOLINE,inhibitor,"Retinal dehydrogenase 1;Bromodomain-containing protein 4;Catechol O-methyltransferase;Caspase-6;Polyunsaturated fatty acid lipoxygenase ALOX12;Microtubule-associated protein tau;Lysine-specific demethylase 4E;Methionine aminopeptidase 2;Prostaglandin G/H synthase 2;Cathepsin B;Heat shock protein 90, putative;Nuclear receptor ROR-gamma;Prelamin-A/C;Putative fructose-1,6-bisphosphate aldolase;Huntingtin;Cystathionine gamma-lyase;Heat shock protein HSP 90-alpha;Protein RecA;Replicative DNA helicase;Thioredoxin glutathione reductase;ATP-dependent molecular chaperone HSP82",False,103,2.1468164909352967,1.3469336730011292,35.30612244897959,29.38775510204082,77.9591836734694
EOS100871,ETP-46464,,Serine/threonine-protein kinase mTOR;Serine/threonine-protein kinase ATR,True,213,3.5817565505852578,2.1509093042565617,72.58503401360544,72.38095238095238,94.42176870748298
EOS100869,MENADIONE,activator;cofactor;agonist,"M-phase inducer phosphatase 1;Fructose-bisphosphate aldolase A;Trypanothione reductase;Hypoxia-inducible factor 1-alpha;Serine-protein kinase ATM;1-acylglycerol-3-phosphate O-acyltransferase ABHD5/Perilipin-5;Cytochrome P450 1A2;Cytochrome P450 2C19;Pyruvate kinase PKM;15-hydroxyprostaglandin dehydrogenase [NAD(+)];Bloom syndrome protein;Cytochrome P450 3A4;Lysosomal alpha-glucosidase;Amine oxidase [flavin-containing] B;Amine oxidase [flavin-containing] A;Ubiquitin carboxyl-terminal hydrolase isozyme L3;Dual specificity protein phosphatase 1;Vitamin K-dependent gamma-carboxylase;Vitamin K epoxide reductase complex subunit 1;Vitamin K epoxide reductase complex subunit 1-like protein 1;Prothrombin;Coagulation factor IX;Vitamin K-dependent protein C;Vitamin K-dependent protein S;Osteocalcin;Beta-lactamase;Thioredoxin glutathione reductase;Alpha-synuclein;Prelamin-A/C;GroEL/GroES;HSP60/HSP10;Nuclear receptor ROR-gamma;Retinal dehydrogenase 1;4'-phosphopantetheinyl transferase ffp;Ubiquitin carboxyl-terminal hydrolase 2;Hemoglobin subunit beta;Aldehyde oxidase 1;M-phase inducer phosphatase 3;Dual specificity protein phosphatase 6;Glyceraldehyde-3-phosphate dehydrogenase;Menin/Histone-lysine N-methyltransferase MLL;Cellular tumor antigen p53;Glutathione reductase;M-phase inducer phosphatase 2;Cytochrome P450 2D6;Cytochrome P450 2C9;Perilipin-1/ABHD5;Thiosulfate sulfurtransferase;Microtubule-associated protein tau;Putative fructose-1,6-bisphosphate aldolase;Lethal factor;Indoleamine 2,3-dioxygenase 1;Botulinum neurotoxin type A",False,55,1.703818737914253,0.7817913433568121,13.945578231292515,7.755102040816326,25.442176870748302
EOS100868,MI-2,,Menin;Menin/Histone-lysine N-methyltransferase MLL,False,62,1.8889376092017474,0.7414312647862559,18.503401360544217,18.911564625850342,18.367346938775512
EOS100864,PF-03758309,inhibitor,"Serine/threonine-protein kinase PAK 1;Serine/threonine-protein kinase 16;Cyclin-G-associated kinase;Cyclin-dependent kinase 18;Aurora kinase B;Serine/threonine-protein kinase 24;Ribosomal protein S6 kinase alpha-6;Receptor-type tyrosine-protein kinase FLT3;Tyrosine-protein kinase ABL2;Serine/threonine-protein kinase PAK 5;Wee1-like protein kinase;Ribosomal protein S6 kinase alpha-4;Cyclin-dependent kinase 17;Serine/threonine-protein kinase D3;Protein kinase C delta type;Serine/threonine-protein kinase ULK3;Ribosomal protein S6 kinase alpha-1;Uncharacterized protein FLJ45252;cGMP-dependent protein kinase 1;Serine/threonine-protein kinase D2;Maternal embryonic leucine zipper kinase;Mitogen-activated protein kinase 3;MAP/microtubule affinity-regulating kinase 4;Serine/threonine-protein kinase SIK2;Platelet-derived growth factor receptor beta;Protein-tyrosine kinase 2-beta;Serine/threonine-protein kinase 3;Protein kinase C beta type;5'-AMP-activated protein kinase subunit gamma-1;cAMP-dependent protein kinase catalytic subunit beta;Phosphorylase b kinase gamma catalytic chain, liver/testis isoform;Potassium voltage-gated channel subfamily H member 2;Serine/threonine-protein kinase 38;Serine/threonine-protein kinase STK11;Inhibitor of nuclear factor kappa-B kinase subunit epsilon;General transcription and DNA repair factor IIH helicase subunit XPD;Dual specificity protein kinase CLK1;Cyclin-dependent kinase 3;Calcium/calmodulin-dependent protein kinase type IV;Serine/threonine-protein kinase MARK2;Fibroblast growth factor receptor 1;Cyclin-dependent kinase 16;Ribosomal protein S6 kinase alpha-3;MAP/microtubule affinity-regulating kinase 3;CDK7/Cyclin H/MNAT1;Tyrosine-protein kinase Fyn;Beta-adrenergic receptor kinase 1;Tyrosine-protein kinase Fer;Proto-oncogene tyrosine-protein kinase Src;Serine/threonine-protein kinase PAK 6;Myosin light chain kinase 3;Mitogen-activated protein kinase 7;Mitogen-activated protein kinase 1;Glycogen synthase kinase-3 alpha;Tyrosine-protein kinase BTK;Aurora kinase A;AP2-associated protein kinase 1;Serine/threonine-protein kinase 26;Proto-oncogene tyrosine-protein kinase receptor Ret;Serine/threonine-protein kinase PAK 2;Serine/threonine-protein kinase 4;Serine/threonine-protein kinase PAK 4;Serine/threonine-protein kinase TBK1;5'-AMP-activated protein kinase subunit gamma-2;cAMP-dependent protein kinase catalytic subunit gamma;Tyrosine-protein kinase Yes;5'-AMP-activated protein kinase catalytic subunit alpha-1;Serine/threonine-protein kinase Chk1;Serine/threonine-protein kinase PAK 3;Breakpoint cluster region protein;Calcium/calmodulin-dependent protein kinase type II subunit delta;Cyclin-dependent kinase 7;Serine/threonine-protein kinase ICK;Mitogen-activated protein kinase kinase kinase kinase 3;Mitogen-activated protein kinase kinase kinase kinase 1;Serine/threonine-protein kinase LATS1;Cyclin-dependent kinase-like 5;Calcium/calmodulin-dependent protein kinase type II subunit gamma;BMP-2-inducible protein kinase;Protein kinase C theta type;Protein kinase C alpha type;cAMP-dependent protein kinase catalytic subunit alpha;High affinity nerve growth factor receptor;Ribosomal protein S6 kinase alpha-5;Protein kinase C iota type;Serine/threonine-protein kinase N1;Mitogen-activated protein kinase kinase kinase 11;Dual specificity protein kinase CLK4;Calcium/calmodulin-dependent protein kinase kinase 2;Tyrosine-protein kinase Tec;Ribosomal protein S6 kinase beta-1;Serine/threonine-protein kinase PLK4;Glycogen synthase kinase-3 beta",False,188,3.0859279362535377,1.174319843642886,63.06122448979592,60.40816326530612,68.16326530612244
EOS100858,CHS-828,,Cytochrome P450 2C9;Cytochrome P450 2C19;Cytochrome P450 2D6;Cytochrome P450 3A4;Nicotinamide phosphoribosyltransferase,False,162,2.644240389643414,0.7027731859239099,54.625850340136054,49.38775510204081,12.925170068027212
EOS100856,BMS-777607,inhibitor,High affinity nerve growth factor receptor;Hepatocyte growth factor receptor;Serine/threonine-protein kinase PLK4;Tyrosine-protein kinase FRK;Tyrosine-protein kinase ABL2;Vascular endothelial growth factor receptor 2;Macrophage-stimulating protein receptor;Aurora kinase B;Proto-oncogene tyrosine-protein kinase receptor Ret;Mitogen-activated protein kinase kinase kinase kinase 2;Dual specificity mitogen-activated protein kinase kinase 5;Platelet-derived growth factor receptor alpha;Tyrosine-protein kinase ABL1;Tyrosine-protein kinase receptor TYRO3;Receptor-type tyrosine-protein kinase FLT3;Proto-oncogene tyrosine-protein kinase LCK;Tyrosine-protein kinase receptor UFO;Discoidin domain-containing receptor 2;Epithelial discoidin domain-containing receptor 1;BDNF/NT-3 growth factors receptor;Tyrosine-protein kinase Mer;Mast/stem cell growth factor receptor Kit,False,170,3.40299544657756,1.1482044258455248,57.2108843537415,66.93877551020408,65.71428571428571
EOS100850,ANISOMYCIN,,"Hexose transporter 1;Glucose transporter;Solute carrier family 2, facilitated glucose transporter member 1;Heat shock factor protein 1;ATP-dependent molecular chaperone HSP82",False,261,3.9271836819914605,1.085777204679926,86.80272108843538,79.18367346938776,60.816326530612244
EOS100847,PF 573228,,Focal adhesion kinase 1;Cyclin-dependent kinase 1/cyclin B1;Cyclin-dependent kinase 7,False,156,3.3131414971079756,1.0700252378413277,53.46938775510204,65.578231292517,59.72789115646259
EOS100837,PD153035,,"Tyrosine-protein kinase ABL1;Cyclin-G-associated kinase;Platelet-derived growth factor receptor beta;Receptor tyrosine-protein kinase erbB-2;Receptor tyrosine-protein kinase erbB-4;Cytochrome P450 2C9;Lysine-specific demethylase 4E;Cytochrome P450 1A2;Cytochrome P450 3A4;Ephrin type-B receptor 2;Putative fructose-1,6-bisphosphate aldolase;Thyrotropin receptor;Fructose-1,6-bisphosphatase 1;Mitogen-activated protein kinase 1;Nuclear receptor ROR-gamma;Cytochrome P450 2C19;MAP kinase-interacting serine/threonine-protein kinase 1;Microtubule-associated protein tau;Vascular endothelial growth factor receptor 2;Proto-oncogene tyrosine-protein kinase Src;MAP kinase p38;Cytochrome P450 2D6;Lethal factor;Cyclin-dependent kinase 1;Epidermal growth factor receptor and ErbB2 (HER1 and HER2);Epidermal growth factor receptor;Broad substrate specificity ATP-binding cassette transporter ABCG2",False,318,6.096722015751467,0.7929316047779035,96.87074829931973,97.82312925170068,26.93877551020408
EOS100835,NECROSTATIN-1,inhibitor,"Nuclear receptor ROR-gamma;Cellular tumor antigen p53;Indoleamine 2,3-dioxygenase 1;Receptor-interacting serine/threonine-protein kinase 1;Survival motor neuron protein;Microtubule-associated protein tau;4'-phosphopantetheinyl transferase ffp;3-hydroxyacyl-CoA dehydrogenase type-2;Alpha-galactosidase A;Cytochrome P450 3A4;Thyroid hormone receptor beta",False,135,2.4485722240956136,0.9936710504637197,47.21088435374149,43.80952380952381,52.38095238095239
EOS100834,MK-1775,inhibitor,Tyrosine-protein kinase JAK2;Breakpoint cluster region protein;Protein kinase C theta type;Tyrosine-protein kinase SYK;Mitogen-activated protein kinase kinase kinase kinase 4;Inhibitor of nuclear factor kappa-B kinase subunit epsilon;Focal adhesion kinase 1;Tyrosine-protein kinase ABL1;Serine/threonine-protein kinase PLK1;Activated CDC42 kinase 1;Adenosine kinase;Serine/threonine-protein kinase WNK3;Cyclin-dependent-like kinase 5;Leucine-rich repeat serine/threonine-protein kinase 2;Dual specificity protein kinase CLK4;Casein kinase II subunit alpha';Cyclin-G-associated kinase;Serine/threonine-protein kinase TBK1;AarF domain-containing protein kinase 1;Serine/threonine-protein kinase D3;Mitogen-activated protein kinase kinase kinase 11;Cyclin-dependent kinase 16;Serine/threonine-protein kinase Nek3;Membrane-associated tyrosine- and threonine-specific cdc2-inhibitory kinase;Wee1-like protein kinase 2;Serine/threonine-protein kinase PAK 4;Tyrosine-protein kinase JAK3;Tyrosine-protein kinase receptor TYRO3;Proto-oncogene tyrosine-protein kinase LCK;Serine/threonine-protein kinase TAO1;Tyrosine-protein kinase Fyn;Ephrin type-B receptor 6;Wee1-like protein kinase;Casein kinase I isoform alpha;Mitogen-activated protein kinase kinase kinase kinase 5;Serine/threonine-protein kinase Nek2;Mitogen-activated protein kinase kinase kinase 4,False,205,3.964145002469004,0.8948977066546802,69.72789115646259,80.1360544217687,40.816326530612244
EOS101036,SU6656,inhibitor,Nuclear factor NF-kappa-B p105 subunit;Cytochrome P450 2C19;Aurora kinase C;Survival motor neuron protein;Ferritin light chain;Signal transducer and activator of transcription 6;Geminin;Proto-oncogene tyrosine-protein kinase LCK;Aurora kinase B;Receptor-type tyrosine-protein kinase FLT3;Hypoxia-inducible factor 1-alpha;NPC intracellular cholesterol transporter 1;Retinal dehydrogenase 1;Peripheral myelin protein 22;Hemoglobin subunit beta;Thioredoxin glutathione reductase;Cytochrome P450 1A2;Serine/threonine-protein kinase 3;Lethal factor;Serine/threonine-protein kinase mTOR;Cytochrome P450 2C9;Mitogen-activated protein kinase 1;Serine/threonine-protein kinase BRSK2;Cytochrome P450 3A4;Proto-oncogene tyrosine-protein kinase Src;ALK tyrosine kinase receptor;Prelamin-A/C;Cruzipain;Polyunsaturated fatty acid lipoxygenase ALOX15;Bloom syndrome protein;Muscarinic acetylcholine receptor M1;Neuropeptide S receptor;ATP-dependent DNA helicase Q1;Cytochrome P450 2D6;Microtubule-associated protein tau;Beta-lactamase;Tyrosine-protein kinase Yes;Tyrosine-protein kinase Fyn;Tyrosine-protein kinase Lyn;Menin/Histone-lysine N-methyltransferase MLL;Histone-lysine N-methyltransferase 2A;Ras-related protein Rab-9A;Proto-oncogene tyrosine-protein kinase receptor Ret,False,259,4.295730321457076,1.3069491543612195,85.91836734693878,84.62585034013605,76.87074829931973
EOS101014,CLEMASTINE,antagonist;allosteric modulator,Thrombopoietin;Alpha-2B adrenergic receptor;Alpha-1A adrenergic receptor;Solute carrier family 22 member 1;Serine/threonine-protein kinase mTOR;D(3) dopamine receptor;Potassium voltage-gated channel subfamily H member 2;Alpha-1D adrenergic receptor;D(2) dopamine receptor;5-hydroxytryptamine receptor 6;D(1A) dopamine receptor;Histamine H2 receptor;5-hydroxytryptamine receptor 2B;Sodium-dependent dopamine transporter;5-hydroxytryptamine receptor 2A;5-hydroxytryptamine receptor 2C;Sodium-dependent noradrenaline transporter;Muscarinic acetylcholine receptor M3;Muscarinic acetylcholine receptor M5;Cytochrome P450 2D6;Sigma non-opioid intracellular receptor 1;Cytochrome P450 3A4;Cytochrome P450 2C9;5-hydroxytryptamine receptor 1B;Alpha-1B adrenergic receptor;Sigma intracellular receptor 2;Cytochrome P450 2C19;Muscarinic acetylcholine receptor M1;Cellular tumor antigen p53;Muscarinic acetylcholine receptor M2;Alpha-2A adrenergic receptor;Alpha-2C adrenergic receptor;Lethal factor;Muscarinic acetylcholine receptor M4;Histamine H1 receptor;Thyrotropin receptor;P2X purinoceptor 7,False,115,2.2933338196275215,0.8353759926917288,41.564625850340136,36.46258503401361,32.517006802721085
EOS100999,5-IODOTUBERCIDIN,,"Adenosine kinase;Dual specificity tyrosine-phosphorylation-regulated kinase 1A;Histone-lysine N-methyltransferase, H3 lysine-79 specific;Mitogen-activated protein kinase 1",False,188,3.5152618169301864,0.8797652970641194,63.06122448979592,70.47619047619048,38.50340136054422
EOS100992,NERATINIB,inhibitor,"Casein kinase I isoform epsilon;Wee1-like protein kinase;Serine/threonine-protein kinase 25;Serine/threonine-protein kinase 4;Serine/threonine-protein kinase 3;Uncharacterized aarF domain-containing protein kinase 5;Serine/threonine-protein kinase 17A;Vascular endothelial growth factor receptor 2;Tyrosine-protein kinase JAK3;Focal adhesion kinase 1;Serine/threonine-protein kinase 17B;Tyrosine-protein kinase TXK;Tyrosine-protein kinase Lyn;Tyrosine-protein kinase HCK;TRAF2 and NCK-interacting protein kinase;NUAK family SNF1-like kinase 1;Cyclin-dependent kinase 16;Calcium/calmodulin-dependent protein kinase type 1D;Mitogen-activated protein kinase kinase kinase 2;Mitogen-activated protein kinase kinase kinase kinase 5;Cyclin-G-associated kinase;Mitogen-activated protein kinase kinase kinase kinase 1;Misshapen-like kinase 1;Activated CDC42 kinase 1;Angiopoietin-1 receptor;Ribosomal protein S6 kinase alpha-1;Mitogen-activated protein kinase kinase kinase kinase 3;Dual serine/threonine and tyrosine protein kinase;Tyrosine-protein kinase ABL1;Bile salt export pump;eIF-2-alpha kinase GCN2;Homeodomain-interacting protein kinase 4;Tyrosine-protein kinase SYK;Serine/threonine-protein kinase PAK 2;Cyclin-dependent kinase 7;Tyrosine-protein kinase receptor UFO;Interleukin-1 receptor-associated kinase 1;Serine/threonine-protein kinase PAK 6;Serine/threonine-protein kinase D3;Serine/threonine-protein kinase 32B;Serine/threonine-protein kinase SIK2;Insulin receptor-related protein;Tyrosine-protein kinase receptor Tie-1;Proto-oncogene tyrosine-protein kinase Src;Proto-oncogene tyrosine-protein kinase LCK;Tyrosine-protein kinase Fgr;Mitogen-activated protein kinase kinase kinase kinase 2;Casein kinase I isoform gamma-3;Insulin receptor;Mitogen-activated protein kinase kinase kinase kinase 4;Mitogen-activated protein kinase kinase kinase 20;NUAK family SNF1-like kinase 2;Tyrosine-protein kinase BTK;Tyrosine-protein kinase Fyn;Epidermal growth factor receptor;Serine/threonine-protein kinase Chk1;Serine/threonine-protein kinase 36;STE20-like serine/threonine-protein kinase;Mitogen-activated protein kinase kinase kinase 12;Serine/threonine-protein kinase 10;Mitogen-activated protein kinase kinase kinase 4;Hepatocyte growth factor receptor;Serine/threonine-protein kinase D1;Tyrosine-protein kinase Mer;Dual specificity mitogen-activated protein kinase kinase 7;Serine/threonine-protein kinase 35;Receptor tyrosine-protein kinase erbB-2;Dual specificity mitogen-activated protein kinase kinase 1;Mitogen-activated protein kinase kinase kinase 10;Mitogen-activated protein kinase kinase kinase 3;Serine/threonine-protein kinase 26;Serine/threonine-protein kinase TAO3;Microtubule-associated serine/threonine-protein kinase 1;Macrophage colony-stimulating factor 1 receptor;Ferrochelatase, mitochondrial;Mitogen-activated protein kinase kinase kinase 13;Wee1-like protein kinase 2;Mitogen-activated protein kinase kinase kinase 9;Ribosomal protein S6 kinase alpha-2;Serine/threonine-protein kinase D2;Casein kinase I isoform gamma-2;Dual specificity mitogen-activated protein kinase kinase 5;Tyrosine-protein kinase Blk;Serine/threonine-protein kinase 33;Mitogen-activated protein kinase kinase kinase 19;Ephrin type-B receptor 6;Tyrosine-protein kinase CSK;Receptor tyrosine-protein kinase erbB-4;Serine/threonine-protein kinase Chk2;Serine/threonine-protein kinase SIK1;Protein-tyrosine kinase 2-beta;Dual specificity mitogen-activated protein kinase kinase 2;Receptor-type tyrosine-protein kinase FLT3;Tyrosine-protein kinase Yes;Mitogen-activated protein kinase 8;Serine/threonine-protein kinase 24;Serine/threonine-protein kinase Nek3;Serine/threonine-protein kinase Nek2;Receptor tyrosine-protein kinase erbB-3;Maternal embryonic leucine zipper kinase;Tyrosine-protein kinase Fer;Mitogen-activated protein kinase 10;Serine/threonine-protein kinase PAK 1;Macrophage-stimulating protein receptor;Mitogen-activated protein kinase kinase kinase 11;Tyrosine-protein kinase Fes/Fps;ATP-binding cassette sub-family C member 4",False,51,1.7715938944181906,1.1664357343788845,10.54421768707483,12.108843537414966,66.93877551020408
EOS100990,TRIPTOLIDE,,Nuclear receptor ROR-gamma;dCTP pyrophosphatase 1;Prostaglandin G/H synthase 2;Prelamin-A/C;Proteinase-activated receptor 2,False,177,3.1461875218929585,0.7555943373436219,58.77551020408164,61.7687074829932,20.54421768707483
EOS100981,WNT-974,inhibitor,Protein-serine O-palmitoleoyltransferase porcupine,False,117,2.3925716853026633,0.9368556140834035,42.31292517006803,40.68027210884353,46.53061224489796
EOS100956,MK-8776,inhibitor,MAP/microtubule affinity-regulating kinase 3;Protein kinase C iota type;Ribosomal protein S6 kinase alpha-6;Ribosomal protein S6 kinase alpha-4;Myosin light chain kinase 3;STE20-like serine/threonine-protein kinase;Proto-oncogene tyrosine-protein kinase receptor Ret;Ribosyldihydronicotinamide dehydrogenase [quinone];Casein kinase II subunit alpha';TGF-beta receptor type-2;Serine/threonine-protein kinase 10;Serine/threonine-protein kinase D2;Protein kinase C delta type;Serine/threonine-protein kinase LATS1;Serine/threonine-protein kinase pim-1;Maternal embryonic leucine zipper kinase;Dual specificity mitogen-activated protein kinase kinase 2;Interleukin-1 receptor-associated kinase 4;BMP-2-inducible protein kinase;Serine/threonine-protein kinase Chk1;Dual specificity mitogen-activated protein kinase kinase 5;Serine/threonine-protein kinase PAK 4;26S proteasome regulatory subunit 6B;Mitogen-activated protein kinase kinase kinase 1;Serine/threonine-protein kinase SIK2,False,211,3.4415501900636545,1.545763242507239,71.9047619047619,68.29931972789116,84.62585034013605
EOS100955,MRT67307,inhibitor,"Serine/threonine-protein kinase ULK2;Serine/threonine-protein kinase ULK1;Inhibitor of nuclear factor kappa-B kinase subunit epsilon;Serine/threonine-protein kinase TBK1;[Pyruvate dehydrogenase (acetyl-transferring)] kinase isozyme 1, mitochondrial",False,262,5.453016283526402,2.092786026581787,87.27891156462584,94.6938775510204,93.87755102040816
EOS100926,GSK1904529,inhibitor,Insulin receptor;Mitogen-activated protein kinase 14;Insulin-like growth factor 1 receptor;Aurora kinase B;Tyrosine-protein kinase Fer;Tyrosine-protein kinase FRK,False,65,1.8213073633472079,0.8840546408293667,19.79591836734694,15.10204081632653,38.775510204081634
EOS100922,NOCODAZOLE,,Tubulin;Thyrotropin receptor;Prelamin-A/C;Amine oxidase [flavin-containing] A;Adenosine receptor A1;Sodium-dependent dopamine transporter;Serine/threonine-protein kinase mTOR;Adenosine receptor A2a;Peripheral myelin protein 22;Neuropeptide S receptor;Microtubule-associated protein tau;CREB-binding protein;Huntingtin;Nuclear factor NF-kappa-B p105 subunit;Tyrosine-protein kinase ABL1;Inositol monophosphatase 1;NPC intracellular cholesterol transporter 1;Retinal dehydrogenase 1;Geminin;Cellular tumor antigen p53;Bloom syndrome protein;Hypoxia-inducible factor 1-alpha;Nuclear receptor ROR-gamma;Tubulin alpha-1A chain;Cytochrome P450 1A2;Thrombopoietin;Lethal factor;5-hydroxytryptamine receptor 2B,False,253,4.535253949897502,1.0010592923288728,85.10204081632654,87.48299319727892,52.925170068027214
EOS100916,SU9516,inhibitor;inhibitor;binding agent,"Serine/threonine-protein kinase PLK4;Nuclear receptor ROR-gamma;Endonuclease 4;Nuclear factor NF-kappa-B p105 subunit;Cyclin-dependent kinase 4;Cytochrome P450 3A4;Microtubule-associated protein tau;Platelet-derived growth factor receptor beta;Cyclin-dependent kinase 9;Calcium/calmodulin-dependent protein kinase type II subunit delta;Mitogen-activated protein kinase 1;Aurora kinase A;Serine/threonine-protein kinase BRSK1;Dual specificity protein kinase CLK4;Vascular endothelial growth factor receptor 1;Rho-associated protein kinase 2;Homeodomain-interacting protein kinase 2;MAP kinase-interacting serine/threonine-protein kinase 2;Mitogen-activated protein kinase kinase kinase kinase 2;Misshapen-like kinase 1;Mitogen-activated protein kinase 9;Fibroblast growth factor receptor 1;Interleukin-1 receptor-associated kinase 4;Ferritin light chain;Thrombopoietin;Tyrosine-protein kinase receptor UFO;Prelamin-A/C;ATP-dependent molecular chaperone HSP82;Cyclin-dependent kinase 5/CDK5 activator 1;Cyclin-dependent kinase 2/cyclin E1;Cyclin-dependent kinase 1/cyclin B1;Serine/threonine-protein kinase mTOR;Latent membrane protein 1;CDK9/cyclin T1;Cyclin-dependent kinase 4/cyclin D1;DNA polymerase beta;Inositol monophosphatase 1;Interferon-induced, double-stranded RNA-activated protein kinase;Geminin;Beta-lactamase;Peripheral myelin protein 22;Glycogen synthase kinase-3;Neuropeptide S receptor;Muscarinic acetylcholine receptor M1;NPC intracellular cholesterol transporter 1;Cyclin-dependent kinase 1/cyclin B;Proto-oncogene tyrosine-protein kinase Src;CDK2/Cyclin A;Proto-oncogene tyrosine-protein kinase LCK;Serine/threonine-protein kinase Sgk2;MAP/microtubule affinity-regulating kinase 3;Tyrosine-protein kinase FRK;Non-receptor tyrosine-protein kinase TYK2;Proto-oncogene tyrosine-protein kinase ROS;Cyclin-dependent-like kinase 5;Casein kinase I isoform delta;Ribosomal protein S6 kinase beta-1;Tyrosine-protein kinase JAK2;Homeodomain-interacting protein kinase 4;Maternal embryonic leucine zipper kinase;Tyrosine-protein kinase JAK3;Serine/threonine-protein kinase pim-1;Tyrosine-protein kinase Blk;Serine/threonine-protein kinase pim-3;Serine/threonine-protein kinase TAO1;Cyclin-dependent kinase 2;Calcium/calmodulin-dependent protein kinase type II subunit gamma;Vascular endothelial growth factor receptor 2;Serine/threonine-protein kinase N2;Receptor-type tyrosine-protein kinase FLT3;Phosphorylase b kinase gamma catalytic chain, liver/testis isoform;Mitogen-activated protein kinase kinase kinase kinase 4;Proto-oncogene tyrosine-protein kinase receptor Ret;Vascular endothelial growth factor receptor 3;Rho-associated protein kinase 1;Cyclin-dependent kinase 7;Ribosomal protein S6 kinase alpha-3;5'-AMP-activated protein kinase catalytic subunit alpha-1;Fibroblast growth factor receptor 3;3-phosphoinositide-dependent protein kinase 1;Glycogen synthase kinase-3 beta;Glycogen synthase kinase-3 alpha;High affinity nerve growth factor receptor;Dual specificity protein kinase CLK2;Dual specificity tyrosine-phosphorylation-regulated kinase 1A;Serine/threonine-protein kinase D2;Mitogen-activated protein kinase kinase kinase kinase 5;Serine/threonine-protein kinase 3;Serine/threonine-protein kinase Chk1;Interleukin-1 receptor-associated kinase 1;Serine/threonine-protein kinase MARK2;STE20-like serine/threonine-protein kinase;BDNF/NT-3 growth factors receptor;Cyclin-dependent kinase 1;Serine/threonine-protein kinase 17A;Serine/threonine-protein kinase Chk2;Aurora kinase B;CDK7/Cyclin H/MNAT1",False,221,3.9612250962889286,0.7317821104275748,75.51020408163265,80.0,17.27891156462585
EOS100908,8-AZAGUANINE,,"Transcriptional activator protein LasR;Cellular tumor antigen p53;Hypoxia-inducible factor 1-alpha;Hemoglobin subunit beta;Thyroid hormone receptor beta;Putative fructose-1,6-bisphosphate aldolase;Microphthalmia-associated transcription factor",False,81,1.9619762355770591,0.8394713451818644,27.27891156462585,22.312925170068027,33.197278911564624
EOS100885,CP-673451,inhibitor,Platelet-derived growth factor receptor alpha;Mast/stem cell growth factor receptor Kit;Platelet-derived growth factor receptor beta,False,284,4.852287895646684,0.8942532700741221,91.49659863945578,90.06802721088435,40.40816326530612
EOS102304,TANDUTINIB,inhibitor,Mast/stem cell growth factor receptor Kit;Platelet-derived growth factor receptor beta;Macrophage colony-stimulating factor 1 receptor;Receptor-type tyrosine-protein kinase FLT3,False,71,1.9610700610516583,0.9303684547349862,21.904761904761905,22.176870748299322,45.442176870748305
EOS102299,W-13 HYDROCHLORIDE,,Cytochrome P450 2C19;Cytochrome P450 2D6;Cytochrome P450 3A4;Cytochrome P450 2C9;Cytochrome P450 1A2,False,53,1.8288252079816916,0.8374081907028241,11.904761904761903,15.782312925170066,32.7891156462585
EOS102296,ORG 12962,agonist,5-hydroxytryptamine receptor 2B;5-hydroxytryptamine receptor 2A;5-hydroxytryptamine receptor 2C,False,75,2.0360333281729055,0.5220486643534812,23.877551020408163,24.761904761904763,0.27210884353741494
EOS102213,TERPYRIDINE,,"Lethal factor;Alkaline phosphatase, tissue-nonspecific isozyme;C-C chemokine receptor type 8;C-C chemokine receptor type 1;C-C chemokine receptor type 5;Latent membrane protein 1;Lethal(3)malignant brain tumor-like protein 1;Mitogen-activated protein kinase 1;Heat shock protein 90, putative;Cellular tumor antigen p53;Huntingtin;Putative fructose-1,6-bisphosphate aldolase;Alkaline phosphatase, germ cell type;Prelamin-A/C;Lysine-specific demethylase 4E;Heat shock protein HSP 90-alpha;Intestinal-type alkaline phosphatase;Nuclear receptor ROR-gamma;ATP-dependent molecular chaperone HSP82",False,261,4.294836281276861,1.1337538703006944,86.80272108843538,84.48979591836735,63.6734693877551
EOS102203,ML123,activator,Mucolipin-3;Corticotropin-releasing factor receptor 2/Corticotropin-releasing factor-binding protein,False,52,1.8346118277388963,0.7244225362052448,11.224489795918368,16.462585034013603,16.054421768707485
EOS102202,ML094,,Polyunsaturated fatty acid lipoxygenase ALOX15,False,55,1.8375154185494171,0.9181005898759472,13.945578231292515,16.870748299319725,43.673469387755105
EOS102172,MADRASIN,,Prelamin-A/C;Ras-related protein Rab-9A;Nuclear receptor ROR-gamma;NPC intracellular cholesterol transporter 1;Huntingtin;Cruzipain;Neuropeptide S receptor;Microtubule-associated protein tau;Retinal dehydrogenase 1;X-box-binding protein 1;Dual specificity protein kinase CLK1,False,60,1.8293067795411637,0.6904799643069806,17.346938775510203,15.918367346938775,11.156462585034014
EOS102140,WAY-324168,,Huntingtin;Microphthalmia-associated transcription factor;Paired box protein Pax-8,False,283,5.057015564078408,0.8158613933506563,91.08843537414965,91.70068027210885,30.34013605442177
EOS102139,WAY-322351,,"Thyrotropin receptor;3-hydroxyacyl-CoA dehydrogenase type-2;15-hydroxyprostaglandin dehydrogenase [NAD(+)];dTDP-4-dehydrorhamnose 3,5-epimerase;Huntingtin;Mitogen-activated protein kinase 1;Lethal factor;Cellular tumor antigen p53;Nuclear receptor ROR-gamma;Microtubule-associated protein tau;4'-phosphopantetheinyl transferase ffp;Polyunsaturated fatty acid lipoxygenase ALOX15;Prelamin-A/C;Neuropeptide S receptor",False,73,1.9824411459165698,1.0468358686833636,22.993197278911566,22.993197278911566,57.006802721088434
EOS102128,DL-BENZYLSUCCINIC ACID,,Carboxypeptidase B;Mast cell carboxypeptidase A;Carboxypeptidase B2;Carboxypeptidase A1,False,52,1.653792416009445,0.7827428043190598,11.224489795918368,5.034013605442176,25.578231292517007
EOS101087,UBENIMEX,,Puromycin-sensitive aminopeptidase;Cytosol aminopeptidase;72 kDa type IV collagenase;Aminopeptidase N;Leukotriene A-4 hydrolase;M1 family aminopeptidase;Aminopeptidase B;Leucyl-cystinyl aminopeptidase;DNA-(apurinic or apyrimidinic site) endonuclease;Prelamin-A/C;Neuropeptide S receptor;Peripheral myelin protein 22;Endoplasmic reticulum aminopeptidase 1;Solute carrier family 15 member 2,False,41,1.8286659401070913,0.848500467955374,1.5646258503401362,15.646258503401361,34.42176870748299
EOS101084,MASITINIB,inhibitor,Tyrosine-protein kinase ABL1;Ribosyldihydronicotinamide dehydrogenase [quinone];Tyrosine-protein kinase HCK;Breakpoint cluster region protein;Proto-oncogene tyrosine-protein kinase Src;Serine/threonine-protein kinase RIO2;Serine/threonine-protein kinase pim-3;Epithelial discoidin domain-containing receptor 1;ADP/ATP translocase 3;Macrophage colony-stimulating factor 1 receptor;Receptor tyrosine-protein kinase erbB-2;Tyrosine-protein kinase Blk;Serine/threonine-protein kinase pim-1;Platelet-derived growth factor receptor;Fibroblast growth factor receptor 1;Fibroblast growth factor receptor 2;Peroxisomal acyl-coenzyme A oxidase 1;Tyrosine-protein kinase FRK;Platelet-derived growth factor receptor beta;Ephrin type-A receptor 8;Tyrosine-protein kinase ABL2;Tyrosine-protein kinase Lyn;Discoidin domain-containing receptor 2;Tyrosine-protein kinase Yes;Tyrosine-protein kinase Fyn;Platelet-derived growth factor receptor alpha;Proto-oncogene tyrosine-protein kinase LCK;Tyrosine-protein kinase Fgr;Epidermal growth factor receptor;Mitogen-activated protein kinase kinase kinase 20;Mast/stem cell growth factor receptor Kit;Ephrin type-A receptor 3;Serine/threonine-protein kinase B-raf;Fibroblast growth factor receptor 3,False,211,3.632728882787016,1.2421205968770772,71.9047619047619,73.19727891156462,72.51700680272108
EOS101083,KU-55933,inhibitor,"Serine-protein kinase ATM;Serine/threonine-protein kinase mTOR;Phosphatidylinositol 4,5-bisphosphate 3-kinase catalytic subunit beta isoform;DNA-dependent protein kinase catalytic subunit;Phosphatidylinositol 4,5-bisphosphate 3-kinase catalytic subunit alpha isoform",False,103,2.3697283542547254,0.9045409187768377,35.30612244897959,40.136054421768705,41.63265306122449
EOS101082,AZD-1480,inhibitor,Serine/threonine-protein kinase PLK4;Focal adhesion kinase 1;Signal transducer and activator of transcription 3;Casein kinase II subunit alpha';Cyclin-dependent kinase 3;Proto-oncogene tyrosine-protein kinase receptor Ret;Serine/threonine-protein kinase PAK 4;Non-receptor tyrosine-protein kinase TNK1;Serine/threonine-protein kinase 4;Activated CDC42 kinase 1;Receptor-type tyrosine-protein kinase FLT3;Serine/threonine-protein kinase STK11;STE20-like serine/threonine-protein kinase;Protein-tyrosine kinase 2-beta;Tyrosine-protein kinase JAK1;High affinity nerve growth factor receptor;Fibroblast growth factor receptor 1;Aurora kinase B;Tyrosine-protein kinase JAK3;Tyrosine-protein kinase JAK2;Aurora kinase A;Tyrosine-protein kinase Fer;STE20-related kinase adapter protein alpha;Serine/threonine-protein kinase 3;Serine/threonine-protein kinase 10;Signal transducer and activator of transcription 5A,False,60,1.9511184438737408,1.4816329750467172,17.346938775510203,21.360544217687075,83.12925170068027
EOS101081,IVACAFTOR,positive modulator;potentiator,Cystic fibrosis transmembrane conductance regulator,False,153,2.4883771132039647,0.64496569504064,52.10884353741496,45.17006802721089,6.122448979591836
EOS101079,CANERTINIB,inhibitor,"Epidermal growth factor receptor;Tyrosine-protein kinase Tec;Ephrin type-B receptor 2;Dual specificity mitogen-activated protein kinase kinase 2;Dual specificity tyrosine-phosphorylation-regulated kinase 2;Vascular endothelial growth factor receptor 1;MAP kinase-interacting serine/threonine-protein kinase 1;Tyrosine-protein kinase TXK;Casein kinase I isoform gamma-2;Dual specificity testis-specific protein kinase 1;Ephrin type-A receptor 3;Aurora kinase C;Ephrin type-A receptor 1;Hepatocyte growth factor receptor;Interleukin-1 receptor-associated kinase 3;Proto-oncogene tyrosine-protein kinase Src;Tubulin alpha-1A chain;Cytoplasmic tyrosine-protein kinase BMX;Tyrosine-protein kinase Yes;Mitogen-activated protein kinase 10;Homeodomain-interacting protein kinase 4;Dual specificity tyrosine-phosphorylation-regulated kinase 1A;Platelet-derived growth factor receptor beta;Breakpoint cluster region protein;ALK tyrosine kinase receptor;Activin receptor type-1;Serine/threonine-protein kinase ULK3;Interleukin-1 receptor-associated kinase 1;Hormonally up-regulated neu tumor-associated kinase;Tyrosine-protein kinase Fgr;Mitogen-activated protein kinase kinase kinase 19;Receptor tyrosine-protein kinase erbB-3;Mitogen-activated protein kinase 4;Serine/threonine-protein kinase 17B;Serine/threonine-protein kinase RIO1;TRAF2 and NCK-interacting protein kinase;Casein kinase I isoform epsilon;Tyrosine-protein kinase receptor Tie-1;Dipeptidyl peptidase 1;Receptor-interacting serine/threonine-protein kinase 3;Dual specificity mitogen-activated protein kinase kinase 7;Interleukin-1 receptor-associated kinase 4;Platelet-derived growth factor receptor alpha;Myotonin-protein kinase;Tyrosine-protein kinase Fyn;Serine/threonine-protein kinase SIK2;Mitogen-activated protein kinase kinase kinase 2;Mitogen-activated protein kinase kinase kinase kinase 2;Misshapen-like kinase 1;Dual specificity mitogen-activated protein kinase kinase 1;Serine/threonine-protein kinase 35;Atypical kinase COQ8B, mitochondrial;Protein-tyrosine kinase 6;Ephrin type-B receptor 6;Receptor tyrosine-protein kinase erbB-4;Receptor tyrosine-protein kinase erbB-2;Ephrin type-B receptor 4;Tyrosine-protein kinase JAK3;Cyclin-G-associated kinase;Leucine-rich repeat serine/threonine-protein kinase 2;Ephrin type-A receptor 6;Ephrin type-A receptor 5;Receptor-interacting serine/threonine-protein kinase 2;STE20-like serine/threonine-protein kinase;Proto-oncogene tyrosine-protein kinase LCK;Mitogen-activated protein kinase kinase kinase kinase 5;Ephrin type-B receptor 1;Tyrosine-protein kinase ABL1;Tyrosine-protein kinase receptor UFO;Mitogen-activated protein kinase 9;Aurora kinase B;Leukocyte tyrosine kinase receptor;Ribosomal protein S6 kinase alpha-1;Proto-oncogene tyrosine-protein kinase receptor Ret;Mitogen-activated protein kinase 6;Mitogen-activated protein kinase kinase kinase 20;Dual specificity mitogen-activated protein kinase kinase 5;Atypical kinase COQ8A, mitochondrial;Serine/threonine-protein kinase TNNI3K;Mast/stem cell growth factor receptor Kit;Tyrosine-protein kinase FRK;Tyrosine-protein kinase Blk;Tyrosine-protein kinase ITK/TSK;Receptor-type tyrosine-protein kinase FLT3;Epithelial discoidin domain-containing receptor 1;Tyrosine-protein kinase CSK;Tyrosine-protein kinase HCK;Mitogen-activated protein kinase kinase kinase 3;Bone morphogenetic protein receptor type-1B;Serine/threonine-protein kinase SIK3;Tyrosine-protein kinase receptor TYRO3;Casein kinase I isoform delta;TGF-beta receptor type-2;TGF-beta receptor type-1;Tyrosine-protein kinase Srms;Citron Rho-interacting kinase;Ephrin type-A receptor 4;Serine/threonine-protein kinase 10;Tyrosine-protein kinase BTK;Tyrosine-protein kinase Lyn;Ephrin type-A receptor 8;Serine/threonine-protein kinase 17A;Tyrosine-protein kinase ABL2;MAP kinase-interacting serine/threonine-protein kinase 2;Ephrin type-A receptor 7;BMP-2-inducible protein kinase;Mitogen-activated protein kinase kinase kinase 4;Serine/threonine-protein kinase 36;Mitogen-activated protein kinase kinase kinase 7",False,118,2.424461096742155,0.7080897840900826,42.925170068027214,42.585034013605444,14.285714285714285
EOS101076,SB 202190,inhibitor,"cAMP-dependent protein kinase catalytic subunit alpha;Ribosomal protein S6 kinase alpha-1;Prelamin-A/C;Protein-tyrosine kinase 6;Activin receptor type-1B;NT-3 growth factor receptor;STE20-like serine/threonine-protein kinase;Atypical kinase COQ8B, mitochondrial;Serine/threonine-protein kinase B-raf;Tau-tubulin kinase 2;Mitogen-activated protein kinase 1;Thrombopoietin;3-hydroxyacyl-CoA dehydrogenase type-2;Nuclear factor NF-kappa-B p105 subunit;Casein kinase I isoform alpha-like;Mitogen-activated protein kinase 8;Serine/threonine-protein kinase 36;MAP kinase p38;Cytochrome P450 2D6;Epithelial discoidin domain-containing receptor 1;Dual specificity mitogen-activated protein kinase kinase 2;BDNF/NT-3 growth factors receptor;Glucagon receptor;Proto-oncogene tyrosine-protein kinase ROS;Mitogen-activated protein kinase kinase kinase kinase 4;Polyunsaturated fatty acid lipoxygenase ALOX15;cAMP-dependent protein kinase catalytic subunit beta;Serine/threonine-protein kinase NLK;Dual specificity protein kinase TTK;Serine/threonine-protein kinase D3;Cytochrome P450 2C19;Dual specificity protein kinase CLK4;Citron Rho-interacting kinase;Tubulin alpha-1A chain;Peripheral myelin protein 22;Polyunsaturated fatty acid 5-lipoxygenase;Serine/threonine-protein kinase LATS2;Activin receptor type-2B;p38 MAP kinase alpha/beta;Geminin;Thyrotropin receptor;Microtubule-associated protein tau;Epidermal growth factor receptor;Cyclin-G-associated kinase;Receptor-interacting serine/threonine-protein kinase 2;Tyrosine-protein kinase FRK;Cytochrome P450 1A2;Retinal dehydrogenase 1;Endonuclease 4;Ribosomal protein S6 kinase alpha-6;Mitogen-activated protein kinase 9;Glycogen synthase kinase-3 beta;Mitogen-activated protein kinase 11;Mitogen-activated protein kinase 12;Casein kinase I isoform epsilon;TRAF2 and NCK-interacting protein kinase;Mitogen-activated protein kinase 10;Serine/threonine-protein kinase 32B;Mitogen-activated protein kinase 14;Casein kinase I isoform delta;Lysine-specific demethylase 4E;Lethal factor;Serine/threonine-protein kinase MRCK gamma;Insulin-like growth factor 1 receptor;Serine/threonine-protein kinase MRCK beta;RAF proto-oncogene serine/threonine-protein kinase;Ephrin type-A receptor 6;Tau-tubulin kinase 1;Bromodomain testis-specific protein;Bromodomain-containing protein 4;Discoidin domain-containing receptor 2;Casein kinase I isoform alpha;Cytochrome P450 2C9;Cytochrome P450 3A4;15-hydroxyprostaglandin dehydrogenase [NAD(+)];Bloom syndrome protein;Beta-lactamase;Tyrosinase",False,242,4.689141834237145,1.0543044913558044,83.33333333333334,89.25170068027211,57.82312925170068
EOS101069,SERTRALINE,inhibitor;binding agent;inhibitor;binding agent;degrader;inhibitor;degrader,Nuclear receptor ROR-gamma;5-hydroxytryptamine receptor 2A;Cytochrome P450 2J2;Sodium-dependent noradrenaline transporter;Histone-lysine N-methyltransferase 2A;Cytochrome P450 2C19;Sigma intracellular receptor 2;Sigma non-opioid intracellular receptor 1;Serine/threonine-protein kinase mTOR;Alpha-2A adrenergic receptor;Muscarinic acetylcholine receptor M5;Melanocortin receptor 5;4'-phosphopantetheinyl transferase ffp;5-hydroxytryptamine receptor 2B;Alpha-2C adrenergic receptor;Alpha-2B adrenergic receptor;Potassium voltage-gated channel subfamily H member 2;5-hydroxytryptamine receptor 2C;Voltage-dependent L-type calcium channel subunit alpha-1C;Muscarinic acetylcholine receptor M2;Muscarinic acetylcholine receptor M4;ATP-dependent translocase ABCB1;Cytochrome P450 2D6;Beta-lactamase;Menin/Histone-lysine N-methyltransferase MLL;Polyunsaturated fatty acid lipoxygenase ALOX15;Geminin;Prelamin-A/C;Ferritin light chain;Thrombopoietin;Sodium-dependent serotonin transporter;Nuclear factor NF-kappa-B p105 subunit;Microtubule-associated protein tau;Lethal factor;Thyrotropin receptor;Mitogen-activated protein kinase 1;Alpha-1B adrenergic receptor;Muscarinic acetylcholine receptor M1;Cellular tumor antigen p53;Transporter;Sodium-dependent dopamine transporter;Peripheral myelin protein 22;Cytochrome P450 3A4;Cytochrome P450 1A2;Bile salt export pump;Transcriptional activator protein LuxR;Sigma receptor,False,293,5.167446518659525,1.4616915585802215,93.46938775510203,92.38095238095238,82.44897959183673
EOS101066,METHOTREXATE,inhibitor,"Dihydrofolate reductase;Thymidylate synthase;Bifunctional dihydrofolate reductase-thymidylate synthase;Latent membrane protein 1;Menin/Histone-lysine N-methyltransferase MLL;4'-phosphopantetheinyl transferase ffp;Caspase-1;Streptokinase A;Nuclear receptor coactivator 3;Thymidylate synthase/GAR transformylase/AICAR transformylase;Bifunctional purine biosynthesis protein ATIC;DNA-(apurinic or apyrimidinic site) endonuclease;ATP-binding cassette sub-family C member 3;Folate receptor beta;Folate receptor alpha;Proton-coupled folate transporter;Reduced folate transporter;DNA polymerase beta;Polyunsaturated fatty acid lipoxygenase ALOX15;Caspase-7;Retinal dehydrogenase 1;Tyrosyl-DNA phosphodiesterase 1;Prelamin-A/C;High mobility group protein B1;Lysine-specific demethylase 4E;3-hydroxyacyl-CoA dehydrogenase type-2;Microtubule-associated protein tau;Cellular tumor antigen p53;Alpha-galactosidase A;15-hydroxyprostaglandin dehydrogenase [NAD(+)];Bloom syndrome protein;Pteridine reductase 1;Folylpolyglutamate synthase, mitochondrial",False,183,3.1202157289895776,0.8404566000450563,61.564625850340136,61.49659863945578,33.605442176870746
EOS101064,SB 222200,antagonist,Nuclear factor NF-kappa-B p105 subunit;Nuclear receptor ROR-gamma;Cytochrome P450 3A4;Retinal dehydrogenase 1;Histone-lysine N-methyltransferase 2A;Muscarinic acetylcholine receptor M1;Menin/Histone-lysine N-methyltransferase MLL;Cytochrome P450 1A2;Lethal factor;Cytochrome P450 2C9;Neuropeptide S receptor;Bloom syndrome protein;Thyrotropin receptor;Peripheral myelin protein 22;Hypoxia-inducible factor 1-alpha;Cytochrome P450 2C19;Neuromedin-K receptor;Substance-K receptor,False,189,2.9406277524345934,1.1193677721800228,63.6734693877551,55.646258503401356,62.99319727891156
EOS101059,ENTACAPONE,inhibitor,Catechol O-methyltransferase;Alpha-ketoglutarate-dependent dioxygenase FTO;Menin/Histone-lysine N-methyltransferase MLL;Prelamin-A/C;Histone-lysine N-methyltransferase 2A;4'-phosphopantetheinyl transferase ffp;ATP-binding cassette sub-family C member 4;ATP-binding cassette sub-family C member 3;G-protein coupled receptor 35;Bile salt export pump,False,168,2.8159199425873793,1.200387993668711,56.394557823129254,53.46938775510204,69.79591836734694
EOS101058,DABIGATRAN ETEXILATE,inhibitor,Prothrombin;Thrombin,False,175,2.814301564042518,0.6709471468444089,58.16326530612245,53.333333333333336,8.843537414965986
EOS101051,TPCA-1,inhibitor,"Tyrosine-protein kinase JAK2;Interferon-induced, double-stranded RNA-activated protein kinase;Inhibitor of nuclear factor kappa-B kinase subunit beta;Menin/Histone-lysine N-methyltransferase MLL",False,182,3.3817191043629573,1.0728143843916436,60.952380952380956,66.66666666666666,60.0
EOS101050,CABOZANTINIB,antagonist;inhibitor;inhibitor,"Hepatocyte growth factor receptor;Fibroblast growth factor receptor 1;Vascular endothelial growth factor receptor 1;Epithelial discoidin domain-containing receptor 1;Ferrochelatase, mitochondrial;High affinity nerve growth factor receptor;Ephrin type-A receptor 2;Tyrosine-protein kinase HCK;Protein-tyrosine kinase 6;Tyrosine-protein kinase Lyn;Receptor-interacting serine/threonine-protein kinase 3;Aurora kinase A;Proto-oncogene tyrosine-protein kinase LCK;Dual specificity mitogen-activated protein kinase kinase 5;Kinesin-1 heavy chain/ Tyrosine-protein kinase receptor RET;Coiled-coil domain-containing protein 6/Tyrosine-protein kinase receptor RET;Vascular endothelial growth factor receptor 3;Proto-oncogene tyrosine-protein kinase Src;Receptor-interacting serine/threonine-protein kinase 2;Receptor-type tyrosine-protein kinase FLT3;Angiopoietin-1 receptor;Breakpoint cluster region protein;Tyrosine-protein kinase ABL2;Discoidin domain-containing receptor 2;Phosphatidylinositol 5-phosphate 4-kinase type-2 gamma;Tyrosine-protein kinase ABL1;Proto-oncogene tyrosine-protein kinase receptor Ret;Mast/stem cell growth factor receptor Kit;Tyrosine-protein kinase receptor UFO;Macrophage-stimulating protein receptor;Tyrosine-protein kinase FRK;Epidermal growth factor receptor;Vascular endothelial growth factor receptor 2;RET proto-oncogene",False,106,2.3968105415164263,0.9269230246597043,36.53061224489796,40.95238095238095,45.17006802721089
EOS101041,Y-27632,inhibitor,Rho-associated protein kinase 1;Serine/threonine-protein kinase N2;Rho-associated protein kinase 2;Protein kinase C epsilon type;Potassium voltage-gated channel subfamily H member 2;Polyunsaturated fatty acid lipoxygenase ALOX15;Cytochrome P450 3A4;Prelamin-A/C;Ribosomal protein S6 kinase alpha-5;C-C motif chemokine 2,False,112,2.3644896779539564,0.8418426981862578,39.86394557823129,39.72789115646258,33.74149659863945
EOS101180,AGOMELATINE,agonist;antagonist,"Melatonin receptor type 1A;5-hydroxytryptamine receptor 2C;Guanylyl cyclase, &alpha;<sub>1</sub>&beta;<sub>1</sub>;Melatonin receptor;Melatonin receptor type 1B;5-hydroxytryptamine receptor 2A;5-hydroxytryptamine receptor 2B",False,46,1.746481380635333,0.7628099801668586,5.442176870748299,10.068027210884352,21.63265306122449
EOS101179,RO-4584820,inhibitor,Cyclin-dependent kinase 4/cyclin D1;Glycogen synthase kinase-3 beta;Serine/threonine-protein kinase N2;Cyclin-dependent kinase 15;Cyclin-dependent kinase 12;Dual specificity protein kinase CLK1;Dual specificity tyrosine-phosphorylation-regulated kinase 1A;Calcium/calmodulin-dependent protein kinase type II subunit gamma;Dual specificity protein kinase CLK3;Dual specificity protein kinase CLK2;Rho-associated protein kinase 2;Serine/threonine-protein kinase MAK;Mitogen-activated protein kinase kinase kinase 1;Serine/threonine-protein kinase ICK;Serine/threonine-protein kinase TAO2;Dual specificity protein kinase CLK4;Cyclin-dependent kinase 11A;Dual serine/threonine and tyrosine protein kinase;Peripheral plasma membrane protein CASK;Tyrosine-protein kinase ABL1;Cyclin-dependent kinase 16;STE20-like serine/threonine-protein kinase;Serine/threonine-protein kinase TNNI3K;Mitogen-activated protein kinase 15;Serine/threonine-protein kinase TAO3;Cyclin-dependent kinase 13;Myotonin-protein kinase;Cyclin-dependent kinase 1;Serine/threonine-protein kinase 10;Rho-associated protein kinase 1;Ribosomal protein S6 kinase alpha-2;Calcium/calmodulin-dependent protein kinase type II subunit delta;Calcium/calmodulin-dependent protein kinase kinase 2;Cyclin-dependent kinase 4;Cyclin-dependent kinase 3;Cyclin-dependent kinase 7;Phosphatidylinositol 4-kinase beta;Mitogen-activated protein kinase 7;Cyclin-dependent kinase 18;Dual specificity protein kinase TTK;Cyclin-dependent-like kinase 5;Calcium/calmodulin-dependent protein kinase type II subunit alpha;Cyclin-dependent kinase 2;Cyclin-dependent kinase 2 homolog;Mitogen-activated protein kinase kinase kinase kinase 2;Epidermal growth factor receptor;Cyclin-dependent kinase 14;Glycogen synthase kinase-3 alpha;Serine/threonine-protein kinase TAO1;Serine/threonine-protein kinase DCLK3;Cyclin-dependent kinase 11B;Cyclin-dependent kinase 17;Calcium/calmodulin-dependent protein kinase type II subunit beta;Cyclin-dependent kinase 9;Cyclin-dependent kinase-like 5;Dual specificity tyrosine-phosphorylation-regulated kinase 1B,False,295,5.374325438503402,1.1705339143599927,94.28571428571428,94.01360544217687,67.4829931972789
EOS101176,JNK-IN-7,inhibitor,Mitogen-activated protein kinase 9;Mitogen-activated protein kinase 8;Mitogen-activated protein kinase 10;Interleukin-1 receptor-associated kinase 1;Mitogen-activated protein kinase kinase kinase 19;Mitogen-activated protein kinase 6;Serine/threonine-protein kinase RIO2;Phosphatidylinositol 5-phosphate 4-kinase type-2 gamma;Cyclin-dependent kinase-like 5;Potassium channel subfamily T member 2;Serine/threonine-protein kinase 17A,False,238,3.98969367707412,0.9321421322041529,81.56462585034014,80.54421768707482,45.57823129251701
EOS101172,JAK INHIBITOR I,inhibitor,Non-receptor tyrosine-protein kinase TYK2;Fibroblast growth factor receptor;Tyrosine-protein kinase CSK;Tyrosine-protein kinase Fyn;MAP kinase p38;Inhibitor of nuclear factor kappa-B kinase subunit beta;Fibroblast growth factor receptor 2;Mitogen-activated protein kinase kinase kinase kinase 2;Vascular endothelial growth factor receptor 1;Proto-oncogene tyrosine-protein kinase receptor Ret;Cyclin-dependent kinase 2;Platelet-derived growth factor receptor;ALK tyrosine kinase receptor;Activated CDC42 kinase 1;Mitogen-activated protein kinase 8;Serine/threonine-protein kinase pim-1;cAMP-dependent protein kinase catalytic subunit alpha;Mitogen-activated protein kinase; ERK1/ERK2;Angiopoietin-1 receptor;Serine/threonine-protein kinase TBK1;Macrophage-stimulating protein receptor;5'-AMP-activated protein kinase catalytic subunit alpha-1;Ribosomal protein S6 kinase alpha-3;Dual specificity protein kinase CLK4;Death-associated protein kinase 3;Tyrosine-protein kinase JAK1;G protein-coupled receptor kinase 5;Tyrosine-protein kinase HCK;Leukocyte tyrosine kinase receptor;Dual specificity mitogen-activated protein kinase kinase 2;Focal adhesion kinase 1;Aurora kinase B;Serine/threonine-protein kinase D3;Leucine-rich repeat serine/threonine-protein kinase 2;BDNF/NT-3 growth factors receptor;Protein kinase C theta type;Inhibitor of nuclear factor kappa-B kinase subunit epsilon;Mitogen-activated protein kinase 9;Tyrosine-protein kinase JAK3;Protein kinase C alpha type;Vascular endothelial growth factor receptor 3;Dual specificity mitogen-activated protein kinase kinase 1;NT-3 growth factor receptor;Serine/threonine-protein kinase Chk1;Rho-associated protein kinase 1;Tyrosine-protein kinase JAK2;Dual specificity mitogen-activated protein kinase kinase; MEK1/2;Vascular endothelial growth factor receptor 2;Maternal embryonic leucine zipper kinase,False,151,2.857185450452134,1.28173989523678,51.42857142857142,54.285714285714285,75.23809523809524
EOS101166,AZD3463,inhibitor,ALK tyrosine kinase receptor;Insulin-like growth factor 1 receptor,False,240,4.0912075826951435,0.8649679282773043,82.44897959183673,81.9047619047619,36.3265306122449
EOS101161,FLUNISOLIDE,agonist,Progesterone receptor;Glucocorticoid receptor,False,59,1.8104802574683243,0.6964147600344198,16.870748299319725,14.14965986394558,12.108843537414966
EOS101152,BAY-598,inhibitor,N-lysine methyltransferase SMYD2;Proteinase-activated receptor 1,False,65,1.9244316254927014,0.5836678727316809,19.79591836734694,20.408163265306122,1.9047619047619049
EOS101151,VX-702,inhibitor,"Serine/threonine-protein kinase D3;Myosin light chain kinase, smooth muscle;Mitogen-activated protein kinase 11;Phosphatidylinositol 4-kinase beta;Rho-associated protein kinase 1;ALK tyrosine kinase receptor;MAP kinase-activated protein kinase 2;Activin receptor type-2B;Serine/threonine-protein kinase NLK;Mitogen-activated protein kinase 10;Serine/threonine-protein kinase D2;Mitogen-activated protein kinase 14;Mitogen-activated protein kinase 9",False,73,2.041284202752195,0.7948748523080664,22.993197278911566,24.897959183673468,27.074829931972786
EOS101147,INGENOL MEBUTATE,activator,Protein kinase C (PKC);Protein kinase C beta type;Protein kinase C delta type;Protein kinase C epsilon type;Protein kinase C alpha type;Protein kinase C gamma type,False,325,6.123607100899256,0.989896381777463,97.95918367346938,98.09523809523809,52.10884353741496
EOS101120,SB-505124,inhibitor,TGF-beta receptor type-1;Activin receptor type-1B;Nuclear receptor ROR-gamma;Mitogen-activated protein kinase 14;Receptor-interacting serine/threonine-protein kinase 2,False,103,3.0515911035223646,2.0771016871687045,35.30612244897959,58.77551020408164,93.46938775510203
EOS101115,TYRPHOSTIN AG-1478,inhibitor,"Epidermal growth factor receptor;Lethal factor;Cytochrome P450 2D6;Polyunsaturated fatty acid lipoxygenase ALOX15;Mitogen-activated protein kinase 14;Hypoxia-inducible factor 1-alpha;3-hydroxyacyl-CoA dehydrogenase type-2;Prelamin-A/C;Tyrosine-protein kinase ABL;Geminin;4'-phosphopantetheinyl transferase ffp;Fructose-1,6-bisphosphatase 1;Cytochrome P450 1A2;Cytochrome P450 3A4;Cellular tumor antigen p53;Bloom syndrome protein;Lysine-specific demethylase 4E;Nuclear factor NF-kappa-B p105 subunit;MAP kinase-interacting serine/threonine-protein kinase 1;Proto-oncogene tyrosine-protein kinase Src;Membrane-associated tyrosine- and threonine-specific cdc2-inhibitory kinase;15-hydroxyprostaglandin dehydrogenase [NAD(+)];Peripheral myelin protein 22;Retinal dehydrogenase 1;Alpha-galactosidase A;Muscarinic acetylcholine receptor M1;RAF proto-oncogene serine/threonine-protein kinase;Menin/Histone-lysine N-methyltransferase MLL;Mitogen-activated protein kinase 1;Microtubule-associated protein tau;Proto-oncogene tyrosine-protein kinase LCK",False,190,3.4500374503958993,1.406171781132814,64.14965986394557,68.70748299319727,80.54421768707482
EOS101101,SB 225002,antagonist,C-X-C chemokine receptor type 2;Menin/Histone-lysine N-methyltransferase MLL;C-X-C chemokine receptor type 1,False,299,5.092282123572319,0.9008046393402896,95.10204081632652,92.24489795918367,41.49659863945578
EOS101098,TIVOZANIB,inhibitor,Breakpoint cluster region protein;Ephrin type-A receptor 2;Receptor-type tyrosine-protein kinase FLT3;Mast/stem cell growth factor receptor Kit;Vascular endothelial growth factor receptor;Epithelial discoidin domain-containing receptor 1;Platelet-derived growth factor receptor beta;Receptor-interacting serine/threonine-protein kinase 3;Ephrin type-B receptor 3;Vascular endothelial growth factor receptor 3;Mitogen-activated protein kinase kinase kinase kinase 2;Ephrin type-B receptor 4;Ephrin type-A receptor 4;Aurora kinase B;Vascular endothelial growth factor receptor 1;Phosphatidylethanolamine-binding protein 1;Tyrosine-protein kinase ABL2;Platelet-derived growth factor receptor alpha;Ephrin type-B receptor 2;Hepatocyte growth factor receptor;Tyrosine-protein kinase FRK;Ephrin type-A receptor 5;Tyrosine-protein kinase ABL1;Vascular endothelial growth factor receptor 2;Receptor-interacting serine/threonine-protein kinase 2;Protein-tyrosine kinase 6;Serine/threonine-protein kinase 10;Proto-oncogene tyrosine-protein kinase receptor Ret;Discoidin domain-containing receptor 2;Tyrosine-protein kinase Lyn;Proto-oncogene tyrosine-protein kinase LCK;Fibroblast growth factor receptor 1,False,149,2.6141944521532015,1.674752798745781,50.884353741496604,48.57142857142857,87.75510204081633
EOS101097,IRINOTECAN,inhibitor,"Lysine-specific demethylase 4E;Prelamin-A/C;DNA topoisomerase 1;Solute carrier family 22 member 2;Solute carrier family 22 member 3;Alpha-2C adrenergic receptor;Multidrug and toxin extrusion protein 1;Muscarinic acetylcholine receptor M4;Solute carrier family 22 member 1;Multidrug and toxin extrusion protein 2;Paired box protein Pax-8;Nuclear receptor coactivator 3;Interstitial collagenase;Cytochrome P450 3A4;Acetylcholinesterase;Alpha-galactosidase A;15-hydroxyprostaglandin dehydrogenase [NAD(+)];3-hydroxyacyl-CoA dehydrogenase type-2;Cruzipain;Lysosomal alpha-glucosidase;Retinal dehydrogenase 1;DNA topoisomerase I, mitochondrial",False,309,4.966591046270775,0.7001508400907426,95.64625850340136,91.02040816326532,12.51700680272109
EOS101092,RALTITREXED,inhibitor;antagonist,"Thymidylate synthase;Bifunctional dihydrofolate reductase-thymidylate synthase;Dihydrofolate reductase;Reduced folate transporter;Folate receptor alpha;Folate receptor beta;Proton-coupled folate transporter;Folylpolyglutamate synthase, mitochondrial",False,219,3.9100411964386006,0.7617505121867251,74.96598639455783,78.50340136054422,21.360544217687075
EOS101246,REGORAFENIB,inhibitor,Mitogen-activated protein kinase 14;Serine/threonine-protein kinase B-raf;Tyrosine-protein kinase ABL1;Discoidin domain-containing receptor 2;Receptor-type tyrosine-protein kinase FLT3;RAF proto-oncogene serine/threonine-protein kinase;Ephrin type-A receptor 5;Bifunctional epoxide hydrolase 2;Cyclin-dependent kinase 17;Ephrin type-A receptor 2;MAP kinase-activated protein kinase 2;Vascular endothelial growth factor receptor 1;Glycine receptor subunit alpha-1;Platelet-derived growth factor receptor alpha;Fibroblast growth factor receptor 2;High affinity nerve growth factor receptor;Tyrosine-protein kinase FRK;Vascular endothelial growth factor receptor 3;Receptor-interacting serine/threonine-protein kinase 3;Platelet-derived growth factor receptor beta;Ephrin type-A receptor 1;Vascular endothelial growth factor receptor 2;Breakpoint cluster region protein;Fibroblast growth factor receptor 1;Dual specificity protein kinase TTK;Mast/stem cell growth factor receptor Kit;Proto-oncogene tyrosine-protein kinase receptor Ret;LIM domain kinase 1;Mitogen-activated protein kinase 11;Angiopoietin-1 receptor;Dual specificity protein kinase CLK1;Epithelial discoidin domain-containing receptor 1;Mitogen-activated protein kinase kinase kinase 1;Receptor-interacting serine/threonine-protein kinase 2;Mitogen-activated protein kinase kinase kinase 20;RET proto-oncogene,False,240,3.9046893881286375,1.4374609034496366,82.44897959183673,78.36734693877551,81.63265306122449
EOS101239,SEMAGACESTAT,inhibitor,Gamma-secretase;Presenilin-1,False,43,1.7233068980799333,1.2552740683781354,2.6530612244897958,8.843537414965986,73.60544217687075
EOS101223,DYCLONINE,inhibitor;blocker,Thyroid hormone receptor beta;Cytochrome P450 2D6;Retinal dehydrogenase 1;Cytochrome P450 2C9;Cytochrome P450 1A2;Prelamin-A/C;Lethal factor;Inositol monophosphatase 1;Nuclear receptor ROR-gamma;Acetylcholinesterase;Cytochrome P450 3A4;Thioredoxin glutathione reductase;Microtubule-associated protein tau;Ferritin light chain;Sodium channel protein type 10 subunit alpha;Sodium channel alpha subunit,False,44,1.5912765980223966,1.1439135534150155,3.4693877551020407,2.0408163265306123,65.03401360544217
EOS101221,GSK650394,inhibitor,Calcium/calmodulin-dependent protein kinase kinase 2;Serine/threonine-protein kinase Sgk2;Aurora kinase A;Serine/threonine-protein kinase Sgk1,False,194,3.488614944108383,0.8944846178779998,65.64625850340136,69.38775510204081,40.54421768707483
EOS101219,ML323,inhibitor,Ubiquitin carboxyl-terminal hydrolase 1/WD repeat-containing protein 48;Ubiquitin carboxyl-terminal hydrolase 1,False,122,2.259153417495307,1.285684137963512,44.285714285714285,34.5578231292517,75.51020408163265
EOS101205,PIMOZIDE,antagonist;inhibitor;blocker,ATP-dependent translocase ABCB1;5-hydroxytryptamine receptor 2A;Mu-type opioid receptor;Voltage-dependent T-type calcium channel subunit alpha-1H;5-hydroxytryptamine receptor 6;Cytochrome P450 3A4;Voltage-gated L-type calcium channel;Voltage-dependent T-type calcium channel subunit alpha-1G;Voltage-dependent T-type calcium channel subunit alpha-1I;Potassium voltage-gated channel subfamily A member 10;Kappa-type opioid receptor;Endonuclease 4;Peripheral myelin protein 22;Menin/Histone-lysine N-methyltransferase MLL;Muscarinic acetylcholine receptor M1;Lethal factor;Cellular tumor antigen p53;Inositol monophosphatase 1;Polyunsaturated fatty acid lipoxygenase ALOX15;DNA-(apurinic or apyrimidinic site) endonuclease;Geminin;Ubiquitin carboxyl-terminal hydrolase 1/WD repeat-containing protein 48;G protein-activated inward rectifier potassium channel 2;Serine/threonine-protein kinase mTOR;Solute carrier family 22 member 2;Potassium channel subfamily K member 2;Glycine receptor subunit alpha-1;Sodium channel protein type 2 subunit alpha;Histamine H1 receptor;Mitogen-activated protein kinase 1;D(3) dopamine receptor;4'-phosphopantetheinyl transferase ffp;Potassium voltage-gated channel subfamily H member 2;Dopamine receptor;Beta-lactamase;Lysine-specific demethylase 4E;D(2) dopamine receptor;5-hydroxytryptamine receptor 1A;5-hydroxytryptamine receptor 7;Delta-type opioid receptor;Nuclear factor NF-kappa-B p105 subunit;Huntingtin;Hypoxia-inducible factor 1-alpha;Retinal dehydrogenase 1;Bloom syndrome protein;Neuropeptide S receptor;Cytochrome P450 1A2;Ubiquitin carboxyl-terminal hydrolase 1;Histamine H4 receptor;Prelamin-A/C;Ferritin light chain;Thrombopoietin;Microtubule-associated protein tau;Nuclear receptor ROR-gamma;Cytochrome P450 2D6;Sodium channel alpha subunit;Cytochrome P450 2C19;Calmodulin-1,False,205,3.628468846879849,1.5684448679690925,69.72789115646259,73.06122448979592,85.578231292517
EOS101198,I-BET151,inhibitor,"Bromodomain-containing protein 4;Bromodomain-containing protein 2;Bromodomain-containing protein 3;Cytochrome P450 3A4;cAMP-specific 3',5'-cyclic phosphodiesterase 4B;Bromodomain testis-specific protein;Cytochrome P450 2C9;CREB-binding protein",False,107,2.26019386500853,1.197228519607408,37.142857142857146,34.82993197278911,69.65986394557822
EOS101196,PROGESTERONE,activator;agonist;agonist;potentiator;agonist;antagonist;partial agonist;potentiator;binding agent;inhibitor;agonist;inhibitor;degrader;substrate;inhibitor;potentiator;activator;binding agent;agonist;degrader,"Progesterone receptor;Estrogen receptor;Thrombopoietin;Short transient receptor potential channel 5;Sterol O-acyltransferase 1;Sex hormone-binding globulin;Fatty acid-binding protein, intestinal;Lysine-specific demethylase 4E;Cytochrome P450 2C9;Corticosteroid-binding globulin;C-8 sterol isomerase ERG2;Cation channel sperm-associated protein 4;P2X purinoceptor 3;G-protein coupled bile acid receptor 1;Peripheral myelin protein 22;Bile salt export pump;Solute carrier family 22 member 1;Solute carrier family 22 member 3;Solute carrier family 22 member 2;Steroid 17-alpha-hydroxylase/17,20 lyase;Kappa-type opioid receptor;Alpha-1-acid glycoprotein 1;Neuropeptide S receptor;Hypoxia-inducible factor 1-alpha;Ferritin light chain;ATP-dependent translocase ABCB1;Retinal dehydrogenase 1;Nuclear receptor ROR-gamma;Androgen receptor;Cation channel sperm-associated protein 2;Mitogen-activated protein kinase 1;Menin/Histone-lysine N-methyltransferase MLL;Cytochrome P450 3A4;Mineralocorticoid receptor;Steroid 5-alpha-reductase;Cation channel sperm-associated protein 3;Glucocorticoid receptor;Cation channel sperm-associated protein 1;Thyrotropin receptor;Muscarinic acetylcholine receptor M1;Sigma non-opioid intracellular receptor 1;Fatty acid-binding protein, liver;Prelamin-A/C;Microtubule-associated protein tau;Estrogen receptor beta",False,41,1.537980463291145,0.8872325631051118,1.5646258503401362,0.6802721088435374,39.72789115646258
EOS101195,AZT,,Peripheral myelin protein 22;Bloom syndrome protein;Prelamin-A/C,True,158,2.654103114092726,2.1163369764715574,54.14965986394557,49.65986394557823,94.14965986394557
EOS101193,CTEP,allosteric modulator,Metabotropic glutamate receptor 5;Potassium voltage-gated channel subfamily H member 2,False,74,1.9148962601223878,0.8052841311515581,23.333333333333332,20.272108843537413,28.29931972789116
EOS101181,FLUOXETINE,antagonist;inhibitor;blocker,Transporter;Voltage-dependent L-type calcium channel subunit alpha-1C;Geminin;Cytochrome P450 3A4;Menin/Histone-lysine N-methyltransferase MLL;Ferritin light chain;15-hydroxyprostaglandin dehydrogenase [NAD(+)];Potassium channel subfamily K member 2;Serine/threonine-protein kinase mTOR;Alpha-2B adrenergic receptor;Potassium voltage-gated channel subfamily H member 2;Sigma intracellular receptor 2;Cytochrome P450 2D6;Muscarinic acetylcholine receptor M1;Muscarinic acetylcholine receptor M3;Muscarinic acetylcholine receptor M5;Alpha-2A adrenergic receptor;Neuronal acetylcholine receptor subunit alpha-2;Neuronal acetylcholine receptor subunit alpha-3;Neuronal acetylcholine receptor subunit beta-4;Peripheral myelin protein 22;Albumin;Histamine H3 receptor;Sigma non-opioid intracellular receptor 1;Cytochrome P450 2C19;G protein-activated inward rectifier potassium channel 2;Sodium-dependent serotonin transporter;Sodium-dependent noradrenaline transporter;Sodium-dependent dopamine transporter;Adrenergic receptor alpha-1;Adrenergic receptor alpha-2;Potassium voltage-gated channel subfamily C member 1;Serotonin 1 (5-HT1) receptor;Acetylcholinesterase;5-hydroxytryptamine receptor 2C;5-hydroxytryptamine receptor 6;5-hydroxytryptamine receptor 2A;Equilibrative nucleoside transporter 4;Prelamin-A/C;Huntingtin;5-hydroxytryptamine receptor 2B;Anoctamin-1,False,56,1.7794315714355375,1.0639821600784374,14.69387755102041,12.380952380952381,58.77551020408164
EOS101299,PRAZOSIN,antagonist;inverse agonist;antagonist;antagonist;binding agent;inhibitor,"Lethal factor;Geminin;Sodium channel alpha subunits; brain (Types I, II, III);5-hydroxytryptamine receptor 1D;5-hydroxytryptamine receptor 2A;Serotonin 2 (5-HT2) receptor;5-hydroxytryptamine receptor 1A;Ribosyldihydronicotinamide dehydrogenase [quinone];Interstitial collagenase;Menin/Histone-lysine N-methyltransferase MLL;Non-structural protein 1;Peripheral myelin protein 22;Putative fructose-1,6-bisphosphate aldolase;Endonuclease 4;Muscarinic acetylcholine receptor M1;Thioredoxin glutathione reductase;Solute carrier family 22 member 1;Serine/threonine-protein kinase mTOR;5-hydroxytryptamine receptor 2B;Solute carrier family 22 member 2;D(4) dopamine receptor;Solute carrier family 22 member 3;ATP-binding cassette sub-family C member 4;Matrix metalloproteinase-9;Multidrug and toxin extrusion protein 1;Multidrug and toxin extrusion protein 2;Thrombopoietin;Mitogen-activated protein kinase 1;Beta-casein;Alpha-1A adrenergic receptor;Adrenergic receptor alpha-1;Adrenergic receptor alpha-2;Alpha-2B adrenergic receptor;D(2) dopamine receptor;Nuclear factor NF-kappa-B p105 subunit;3-hydroxyacyl-CoA dehydrogenase type-2;Cytochrome P450 1A2;Nuclear receptor ROR-gamma;Retinal dehydrogenase 1;Alpha-galactosidase A;Cytochrome P450 3A4;Alpha-1B adrenergic receptor;Lysosomal alpha-glucosidase;Adrenergic receptor alpha;Microtubule-associated protein tau;Alpha-2C adrenergic receptor;Alpha-1D adrenergic receptor;Alpha-2A adrenergic receptor;Hypoxia-inducible factor 1-alpha;15-hydroxyprostaglandin dehydrogenase [NAD(+)];Cellular tumor antigen p53;Potassium voltage-gated channel subfamily H member 2;Prelamin-A/C;Lysine-specific demethylase 4E;Latent membrane protein 1",False,245,4.213586095792028,0.8056580825040354,83.94557823129252,83.6734693877551,28.435374149659864
EOS101296,NU7441,inhibitor,"Phosphatidylinositol 4,5-bisphosphate 3-kinase catalytic subunit beta isoform;Phosphatidylinositol 4,5-bisphosphate 3-kinase catalytic subunit alpha isoform;Phosphatidylinositol 4,5-bisphosphate 3-kinase catalytic subunit gamma isoform;DNA-dependent protein kinase catalytic subunit;Serine/threonine-protein kinase mTOR;Phosphatidylinositol 4,5-bisphosphate 3-kinase catalytic subunit delta isoform;Bromodomain-containing protein 4;Bromodomain testis-specific protein;Potassium voltage-gated channel subfamily H member 2",False,168,2.9693566486827,0.588902184394575,56.394557823129254,56.59863945578232,2.4489795918367347
EOS101294,RUXOLITINIB,inhibitor,"Serine/threonine-protein kinase TAO3;JAK2/TYK2;Calcium/calmodulin-dependent protein kinase type II subunit beta;Casein kinase I isoform alpha;Dual specificity tyrosine-phosphorylation-regulated kinase 1A;Calcium/calmodulin-dependent protein kinase type II subunit gamma;Leucine-rich repeat serine/threonine-protein kinase 2;JAK3/JAK1;STE20-related kinase adapter protein alpha;Mitogen-activated protein kinase kinase kinase 15;Serine/threonine-protein kinase PLK4;Microtubule-associated serine/threonine-protein kinase 1;Serine/threonine-protein kinase 26;Serine/threonine-protein kinase MARK2;BMP-2-inducible protein kinase;Receptor-interacting serine/threonine-protein kinase 4;Serine/threonine-protein kinase SBK1;Aurora kinase C;Tyrosine-protein kinase JAK1;NUAK family SNF1-like kinase 2;Calcium/calmodulin-dependent protein kinase type 1G;Dual specificity mitogen-activated protein kinase kinase 2;Mitogen-activated protein kinase kinase kinase 2;MAP kinase-interacting serine/threonine-protein kinase 2;Casein kinase I isoform gamma-1;Homeodomain-interacting protein kinase 2;Serine/threonine-protein kinase RIO1;Oxysterols receptor LXR-beta;Serine/threonine-protein kinase ULK1;Dual specificity tyrosine-phosphorylation-regulated kinase 2;Protein kinase C epsilon type;Dual specificity mitogen-activated protein kinase kinase 3;Serine/threonine-protein kinase 17B;Serine/threonine-protein kinase PLK1;Mitogen-activated protein kinase kinase kinase 19;Ribosomal protein S6 kinase alpha-2;Serine/threonine-protein kinase/endoribonuclease IRE1;Mitogen-activated protein kinase kinase kinase kinase 2;BDNF/NT-3 growth factors receptor;Serine/threonine-protein kinase VRK2;Serine/threonine-protein kinase 25;STE20/SPS1-related proline-alanine-rich protein kinase;Inhibitor of nuclear factor kappa-B kinase subunit epsilon;Serine/threonine-protein kinase PAK 5;Ribosomal protein S6 kinase alpha-5;Inhibitor of nuclear factor kappa-B kinase subunit beta;Calcium/calmodulin-dependent protein kinase type 1;Serine/threonine-protein kinase SIK3;Ribosomal protein S6 kinase alpha-4;Bone morphogenetic protein receptor type-1B;Myosin light chain kinase, smooth muscle;Rhodopsin kinase GRK7;Uncharacterized protein FLJ45252;Mitogen-activated protein kinase kinase kinase 11;Cyclin-dependent kinase 7;Interleukin-1 receptor-associated kinase 1;Death-associated protein kinase 3;Bone morphogenetic protein receptor type-2;High affinity nerve growth factor receptor;Activated CDC42 kinase 1;Histone deacetylase 6;Serine/threonine-protein kinase DCLK1;Myotonin-protein kinase;ALK tyrosine kinase receptor;Dual specificity mitogen-activated protein kinase kinase 1;JAK1/JAK2/TYK2;Mitogen-activated protein kinase kinase kinase 7;Serine/threonine-protein kinase DCLK3;Calcium/calmodulin-dependent protein kinase type IV;Serine/threonine-protein kinase PAK 6;Serine/threonine-protein kinase RIO2;Maternal embryonic leucine zipper kinase;Rho-associated protein kinase 1;Serine/threonine-protein kinase PLK3;Rho-associated protein kinase 2;Dual specificity protein kinase TTK;Serine/threonine-protein kinase RIO3;Tyrosine-protein kinase ABL1;Ephrin type-A receptor 3;NT-3 growth factor receptor;Serine/threonine-protein kinase TAO2;Calcium/calmodulin-dependent protein kinase type II subunit delta;MAP/microtubule affinity-regulating kinase 3;Serine/threonine-protein kinase Nek3;Serine/threonine-protein kinase Nek7;JAK1/TYK2;Serine/threonine-protein kinase TBK1;MAP kinase-activated protein kinase 5;Ribosomal protein S6 kinase alpha-1;Rhodopsin kinase GRK1;G protein-coupled receptor kinase 4;Calcium/calmodulin-dependent protein kinase type II subunit alpha;Serine/threonine-protein kinase PknB;Mitogen-activated protein kinase kinase kinase 3;Casein kinase II subunit alpha';Serine/threonine-protein kinase PAK 4;Phosphorylase b kinase gamma catalytic chain, liver/testis isoform;Mast/stem cell growth factor receptor Kit;Serine/threonine-protein kinase 16;Non-receptor tyrosine-protein kinase TYK2;Tyrosine-protein kinase JAK3;SRSF protein kinase 1;Dual specificity mitogen-activated protein kinase kinase 4;Tyrosine-protein kinase JAK2;AP2-associated protein kinase 1;Calcium/calmodulin-dependent protein kinase type 1D;Serine/threonine-protein kinase PLK2;Casein kinase II subunit alpha;Dual specificity protein kinase CLK1;Serine/threonine-protein kinase DCLK2;Homeodomain-interacting protein kinase 1;Leukocyte tyrosine kinase receptor;Protein kinase C alpha type;Serine/threonine-protein kinase ULK3;Phosphatidylinositol 4-kinase beta;Proto-oncogene tyrosine-protein kinase receptor Ret;Mitogen-activated protein kinase 8;Ankyrin repeat and protein kinase domain-containing protein 1;Serine/threonine-protein kinase N1;Uncharacterized serine/threonine-protein kinase SBK3;Phosphorylase b kinase gamma catalytic chain, skeletal muscle/heart isoform;cGMP-dependent protein kinase 2;Dual specificity protein kinase CLK4;Serine/threonine-protein kinase ULK2;Ribosomal protein S6 kinase alpha-6;Death-associated protein kinase 2;Mitogen-activated protein kinase kinase kinase 1;Homeodomain-interacting protein kinase 3;Cyclin-G-associated kinase;Serine/threonine-protein kinase 17A;Ephrin type-B receptor 6;Peripheral plasma membrane protein CASK;Serine/threonine-protein kinase OSR1;Death-associated protein kinase 1;Serine/threonine-protein kinase B-raf;Dual specificity protein kinase CLK2;SRSF protein kinase 3;Citron Rho-interacting kinase;Serine/threonine-protein kinase TAO1;JAK2/JAK1",False,52,1.7332761064518314,1.33131544945712,11.224489795918368,9.387755102040817,77.41496598639456
EOS101290,INDISULAM,inhibitor,"Carbonic anhydrase;Carbonic anhydrase 2;Carbonic anhydrase 5B, mitochondrial;Carbonic anhydrase 5A, mitochondrial;Carbonic anhydrase 15;Beta-carbonic anhydrase 1;Carbonic anhydrase 1;Carbonic anhydrase 9;Carbonic anhydrase 12;Carbonic anhydrase 3;Carbonic anhydrase 7;Carbonic anhydrase 6;Carbonic anhydrase 14;Carbonic anhydrase 4",False,169,2.7727433642804984,0.8864750446705536,56.87074829931973,52.7891156462585,39.455782312925166
EOS101288,SOTRASTAURIN,inhibitor,"Protein kinase C delta type;Tyrosine-protein kinase ABL1;Dual specificity mitogen-activated protein kinase kinase 1;Calcium/calmodulin-dependent protein kinase type II subunit gamma;Serine/threonine-protein kinase ICK;Serine/threonine-protein kinase PLK1;Calcium/calmodulin-dependent protein kinase type 1D;Receptor tyrosine-protein kinase erbB-2;Cyclin-dependent kinase 2/cyclin A;Cyclin-dependent kinase 1;Tyrosine-protein kinase JAK3;Misshapen-like kinase 1;Serine/threonine-protein kinase Sgk2;Glycogen synthase kinase-3 beta;Calcium/calmodulin-dependent protein kinase type II subunit beta;MAP/microtubule affinity-regulating kinase 3;Serine/threonine-protein kinase TAO1;G protein-coupled receptor kinase 5;Serine/threonine-protein kinase pim-3;Tyrosine-protein kinase receptor UFO;Calcium/calmodulin-dependent protein kinase type II subunit alpha;Serine/threonine-protein kinase BRSK1;Dual specificity protein kinase CLK2;Serine/threonine-protein kinase pim-2;Macrophage-stimulating protein receptor;5'-AMP-activated protein kinase catalytic subunit alpha-1;RAC-beta serine/threonine-protein kinase;Dual specificity tyrosine-phosphorylation-regulated kinase 3;Cytochrome P450 3A4;3-phosphoinositide-dependent protein kinase 1;Ribosomal protein S6 kinase alpha-6;[Pyruvate dehydrogenase (acetyl-transferring)] kinase isozyme 1, mitochondrial;Epidermal growth factor receptor;cGMP-dependent protein kinase 1;Protein kinase C iota type;Calcium/calmodulin-dependent protein kinase type II subunit delta;Tyrosine-protein kinase Fer;Protein kinase C epsilon type;Tyrosine-protein kinase Fyn;STE20-like serine/threonine-protein kinase;GTP-binding protein 4;Protein kinase C theta type;Protein kinase C alpha type;Glycogen synthase kinase-3 alpha;Ribosomal protein S6 kinase alpha-3;Mitogen-activated protein kinase kinase kinase kinase 4;Ribosomal protein S6 kinase beta-1;Leucine-rich repeat serine/threonine-protein kinase 2;Platelet-derived growth factor receptor beta;Cyclin-dependent-like kinase 5;Serine/threonine-protein kinase N2;Mitogen-activated protein kinase kinase kinase kinase 5;Serine/threonine-protein kinase pim-1;Serine/threonine-protein kinase N1;Protein kinase C beta type;Vascular endothelial growth factor receptor 2;Tyrosine-protein kinase JAK1;Protein kinase C eta type;Vascular endothelial growth factor receptor 3;Focal adhesion kinase 1;RAC-alpha serine/threonine-protein kinase;TRAF2 and NCK-interacting protein kinase;Protein kinase C zeta type;Leukocyte tyrosine kinase receptor;Serine/threonine-protein kinase 3;Cyclin-dependent kinase 2;Protein kinase C gamma type;Protein kinase C (PKC)",False,70,1.9441903429099765,1.226970197430655,21.564625850340136,20.952380952380953,70.74829931972789
EOS101285,AZ191,inhibitor,Dual specificity tyrosine-phosphorylation-regulated kinase 1B;Dual specificity tyrosine-phosphorylation-regulated kinase 1A;Insulin-like growth factor 1 receptor;Cyclin-dependent kinase 2,False,80,2.272918098341122,0.9158363023743963,26.93877551020408,35.374149659863946,42.857142857142854
EOS101282,PD 169316,,Nuclear factor NF-kappa-B p105 subunit;Polyunsaturated fatty acid 5-lipoxygenase;Serine/threonine-protein kinase mTOR;Geminin;Peripheral myelin protein 22;Retinal dehydrogenase 1;Muscarinic acetylcholine receptor M1;Non-structural protein 1;Cruzipain;Microtubule-associated protein tau;Thrombopoietin;ATP-dependent DNA helicase Q1;Mitogen-activated protein kinase 1;Cytochrome P450 3A4;Neuropeptide S receptor;Thyroid hormone receptor beta;Mitogen-activated protein kinase 14;Menin/Histone-lysine N-methyltransferase MLL;Prelamin-A/C;Bloom syndrome protein;Tyrosinase,False,75,2.00875302084076,1.1005152737424608,23.877551020408163,24.353741496598637,62.04081632653061
EOS101277,RG-4733,inhibitor,Gamma-secretase;Presenilin-1,False,57,1.950099106681134,1.134065258075176,15.578231292517005,21.224489795918366,63.8095238095238
EOS101269,VENETOCLAX,antagonist;antagonist;inhibitor,Bcl-2-like protein 2;Apoptosis regulator Bcl-2;Bcl-2-like protein 1;Aspartyl/asparaginyl beta-hydroxylase;Induced myeloid leukemia cell differentiation protein Mcl-1 homolog,False,140,2.5054244796503977,0.9219277455519721,48.707482993197274,45.98639455782313,44.761904761904766
EOS101268,VILAZODONE,agonist;agonist;partial agonist;inhibitor,D(2) dopamine receptor;5-hydroxytryptamine receptor 7;5-HT<sub>3</sub>AB;5-hydroxytryptamine receptor 2C;Adrenergic receptor alpha-2;5-hydroxytryptamine receptor 1D;5-hydroxytryptamine receptor 1B;Histamine H1 receptor;D(3) dopamine receptor;5-hydroxytryptamine receptor 1A;5-hydroxytryptamine receptor 6;5-hydroxytryptamine receptor 4;Sodium-dependent serotonin transporter;5-hydroxytryptamine receptor 2A;D(4) dopamine receptor;Acetylcholinesterase;Adrenergic receptor alpha-1,False,131,2.6061583514350595,1.127935660094799,45.78231292517007,48.16326530612245,63.129251700680264
EOS101258,HESPERADIN,inhibitor,"Protein-tyrosine kinase 2-beta;Leukocyte tyrosine kinase receptor;Proto-oncogene tyrosine-protein kinase ROS;5'-AMP-activated protein kinase catalytic subunit alpha-1;Ribosomal protein S6 kinase alpha-4;Solute carrier family 2, facilitated glucose transporter member 1;Aurora kinase B-A;Tyrosine-protein kinase Fes/Fps;Focal adhesion kinase 1;Serine/threonine-protein kinase BRSK2;Hexose transporter 1;Aurora kinase A;Serine/threonine-protein kinase PAK 2;Ribosomal protein S6 kinase alpha-5;Glucose transporter;Non-receptor tyrosine-protein kinase TYK2;Aurora kinase B;Maternal embryonic leucine zipper kinase",False,200,3.2392441102115916,1.1817999611371097,67.75510204081633,63.40136054421769,68.70748299319727
EOS101257,PHA-767491,inhibitor,Ribosomal protein S6 kinase alpha-5;Casein kinase II subunit alpha;Protein kinase C delta type;Casein kinase I isoform gamma-1;Homeodomain-interacting protein kinase 2;Mitogen-activated protein kinase kinase kinase kinase 2;Interleukin-1 receptor-associated kinase 1;Serine/threonine-protein kinase pim-3;Interleukin-1 receptor-associated kinase 4;Cyclin-dependent kinase 8;cAMP-dependent protein kinase catalytic subunit PRKX;Serine/threonine-protein kinase 17A;Leucine-rich repeat serine/threonine-protein kinase 2;Casein kinase I isoform gamma-3;Protein kinase C zeta type;Serine/threonine-protein kinase Chk2;Mitogen-activated protein kinase 13;Serine/threonine-protein kinase BRSK1;MAP kinase-activated protein kinase 2;Serine/threonine-protein kinase N2;Death-associated protein kinase 3;cGMP-dependent protein kinase 2;Serine/threonine-protein kinase PLK4;Mitogen-activated protein kinase 1;Mitogen-activated protein kinase 12;Serine/threonine-protein kinase MARK2;Tyrosine-protein kinase JAK3;Lymphokine-activated killer T-cell-originated protein kinase;Serine/threonine-protein kinase D3;Casein kinase I isoform alpha;Serine/threonine-protein kinase TAO1;Serine/threonine-protein kinase PLK3;Dual specificity protein kinase CLK2;Ribosomal protein S6 kinase alpha-3;Cyclin-dependent kinase 1;MAP kinase-activated protein kinase 5;Dual specificity tyrosine-phosphorylation-regulated kinase 3;Dual specificity tyrosine-phosphorylation-regulated kinase 1A;Dual specificity tyrosine-phosphorylation-regulated kinase 1B;cGMP-dependent protein kinase 1;PAS domain-containing serine/threonine-protein kinase;Dual specificity protein kinase CLK4;Rho-associated protein kinase 1;Dual specificity tyrosine-phosphorylation-regulated kinase 4;Serine/threonine-protein kinase D2;Misshapen-like kinase 1;Casein kinase I isoform gamma-2;STE20-like serine/threonine-protein kinase;RAC-alpha serine/threonine-protein kinase;Cyclin-dependent-like kinase 5;Cyclin-dependent kinase 2;Cell division cycle 7-related protein kinase;Glycogen synthase kinase-3 alpha;Activin receptor type-1;Homeodomain-interacting protein kinase 4;MAP kinase-activated protein kinase 3;MAP kinase-interacting serine/threonine-protein kinase 1;Cyclin-dependent kinase 9;Serine/threonine-protein kinase PLK1;Glycogen synthase kinase-3 beta;cAMP-dependent protein kinase catalytic subunit alpha;MAP kinase-interacting serine/threonine-protein kinase 2;Serine/threonine-protein kinase MRCK alpha;Ribosomal protein S6 kinase alpha-4;Serine/threonine-protein kinase Nek4;Protein kinase C theta type;Ribosomal protein S6 kinase beta-1;Serine/threonine-protein kinase Sgk2;Casein kinase I isoform delta;Rho-associated protein kinase 2,False,179,3.7634244837659763,0.7131067047418689,60.0,77.14285714285715,14.829931972789115
EOS101250,AP26113,,Aurora kinase A;ALK tyrosine kinase receptor;Insulin receptor;Proto-oncogene tyrosine-protein kinase ROS;Insulin-like growth factor 1 receptor;EML4-ALK,False,290,4.240223528849101,1.3072561062063686,92.51700680272108,84.08163265306122,77.00680272108843
EOS101249,PLX-4720,inhibitor,Dual specificity testis-specific protein kinase 1;Phosphatidylinositol 4-kinase beta;Myosin light chain kinase family member 4;Aurora kinase B;Homeodomain-interacting protein kinase 1;Serine/threonine-protein kinase DCLK3;Serine/threonine-protein kinase 36;Ephrin type-B receptor 6;Tyrosine-protein kinase CSK;Calcium-dependent protein kinase 1;Serine/threonine-protein kinase Nek2;Tyrosine-protein kinase Fyn;Dual specificity mitogen-activated protein kinase kinase 5;Homeodomain-interacting protein kinase 2;Serine/threonine-protein kinase RIO2;TRAF2 and NCK-interacting protein kinase;Cyclin-dependent kinase 8;Tyrosine-protein kinase Lyn;Tyrosine-protein kinase Fes/Fps;Serine/threonine-protein kinase PLK4;Fibroblast growth factor receptor 2;Aurora kinase C;Tyrosine-protein kinase Srms;Cyclin-dependent kinase 19;Mitogen-activated protein kinase kinase kinase kinase 5;Serine/threonine-protein kinase PAK 1;Vascular endothelial growth factor receptor 1;Tyrosine-protein kinase Blk;Activin receptor type-2B;Tyrosine-protein kinase HCK;STE20-like serine/threonine-protein kinase;Bone morphogenetic protein receptor type-1B;Protein-tyrosine kinase 6;Tyrosine-protein kinase Yes;Receptor-interacting serine/threonine-protein kinase 1;Dual specificity tyrosine-phosphorylation-regulated kinase 2;TGF-beta receptor type-2;Dual specificity mitogen-activated protein kinase kinase 2;Dual specificity protein kinase CLK1;Homeodomain-interacting protein kinase 3;Tyrosine-protein kinase Fgr;Mitogen-activated protein kinase kinase kinase 20;Dual specificity mitogen-activated protein kinase kinase 1;Proto-oncogene tyrosine-protein kinase Src;Tyrosine-protein kinase ABL2;Tyrosine-protein kinase ABL1;Serine/threonine-protein kinase B-raf;Receptor-type tyrosine-protein kinase FLT3;Pirin;Fibroblast growth factor receptor 1;Serine/threonine-protein kinase DCLK1;Serine/threonine-protein kinase Sgk3;LIM domain kinase 1;Epithelial discoidin domain-containing receptor 1;eIF-2-alpha kinase GCN2;Discoidin domain-containing receptor 2;Serine/threonine-protein kinase Nek11;Homeodomain-interacting protein kinase 4;Macrophage colony-stimulating factor 1 receptor;Proto-oncogene tyrosine-protein kinase LCK;Vascular endothelial growth factor receptor 2;Serine/threonine-protein kinase 16;Dual specificity protein kinase CLK2;Calcium/calmodulin-dependent protein kinase type 1;Dual specificity mitogen-activated protein kinase kinase 4;RAF proto-oncogene serine/threonine-protein kinase;LIM domain kinase 2;Serine/threonine-protein kinase SIK2;Platelet-derived growth factor receptor beta;Misshapen-like kinase 1;Platelet-derived growth factor receptor alpha;Serine/threonine-protein kinase OSR1;Receptor-interacting serine/threonine-protein kinase 2;Tyrosine-protein kinase FRK;Casein kinase I isoform gamma-2;Activated CDC42 kinase 1;Mast/stem cell growth factor receptor Kit;Serine/threonine-protein kinase SIK1,False,262,3.7552388425376932,0.6271927448232525,87.27891156462584,76.73469387755102,5.170068027210884
EOS101358,SONIDEGIB,antagonist;inhibitor,Smoothened homolog;Sonic hedgehog protein,False,79,2.1558508514706336,0.8128148938751653,26.258503401360546,29.795918367346943,29.523809523809526
EOS101356,PF-04691502,inhibitor,"Phosphatidylinositol 4,5-bisphosphate 3-kinase catalytic subunit alpha isoform;Serine/threonine-protein kinase mTOR;Casein kinase II subunit alpha';RAC-alpha serine/threonine-protein kinase;PI3-kinase class I;Phosphatidylinositol 4,5-bisphosphate 3-kinase catalytic subunit gamma isoform;Phosphatidylinositol 3-kinase C2 domain-containing subunit gamma;Phosphatidylinositol 4-phosphate 3-kinase C2 domain-containing subunit beta;Phosphatidylinositol 4,5-bisphosphate 3-kinase catalytic subunit delta isoform;Phosphatidylinositol 4,5-bisphosphate 3-kinase catalytic subunit beta isoform;Phosphatidylinositol 4-kinase beta",False,198,3.294610992135949,0.6910974115462731,67.14285714285714,64.89795918367346,11.292517006802722
EOS101354,CP-724714,inhibitor,"Dual specificity mitogen-activated protein kinase kinase 5;Cyclin-dependent kinase 19;Receptor tyrosine-protein kinase erbB-2;Epidermal growth factor receptor;Tubulin alpha-1A chain;Ferrochelatase, mitochondrial;Cyclin-dependent kinase 8;MAP kinase-interacting serine/threonine-protein kinase 2",False,82,2.1561549050709505,1.3995265771738046,27.823129251700678,29.931972789115648,80.27210884353741
EOS101345,BX-912,inhibitor,protein kinase A;Serine/threonine-protein kinase Chk1;3-phosphoinositide-dependent protein kinase 1;Vascular endothelial growth factor receptor 2;Cyclin-dependent kinase 2;Aurora kinase A;Glycogen synthase kinase-3 beta,False,285,4.894241539515823,0.7668402949594197,91.9047619047619,90.34013605442178,22.585034013605444
EOS101343,KU-60019,inhibitor,Serine-protein kinase ATM;Phosphatidylinositol 3-kinase catalytic subunit type 3;DNA-dependent protein kinase catalytic subunit;Serine/threonine-protein kinase ATR,False,192,3.4978650432867044,1.0930401904772915,64.82993197278911,69.93197278911565,61.224489795918366
EOS101337,-5,inhibitor,Tyrosine-protein kinase ABL1;Bcr/Abl fusion protein,False,56,1.9791573758717536,1.2570778646516816,14.69387755102041,22.857142857142858,73.87755102040816
EOS101334,HS-173,inhibitor,"Phosphatidylinositol 4,5-bisphosphate 3-kinase catalytic subunit alpha isoform;PI3-kinase p110-delta/p85-alpha;Phosphatidylinositol 4,5-bisphosphate 3-kinase catalytic subunit beta isoform;PI3-kinase p110-alpha/p85-alpha;Phosphatidylinositol 4,5-bisphosphate 3-kinase catalytic subunit gamma isoform",False,260,4.602481771144468,0.917366221510914,86.25850340136054,88.57142857142857,43.26530612244898
EOS101330,DOLUTEGRAVIR,inhibitor,Integrase;Broad substrate specificity ATP-binding cassette transporter ABCG2;Sigma intracellular receptor 2;Sigma non-opioid intracellular receptor 1;Cytochrome P450 3A4;Solute carrier family 22 member 2;Vesicular acetylcholine transporter,False,57,2.0583640389767623,0.6542590939842048,15.578231292517005,25.578231292517007,7.346938775510205
EOS101328,BAMBUTEROL,inhibitor;agonist,Beta-lactamase;Acetylcholinesterase;Cholinesterase;Cytochrome P450 2D6;Beta-2 adrenergic receptor,False,48,1.750521992866771,0.5855444717672925,7.414965986394558,10.204081632653061,2.1768707482993195
EOS101318,SILMITASERTIB,inhibitor,"Cyclin-dependent kinase 1/cyclin B1;5'-AMP-activated protein kinase subunit gamma-1;Casein kinase II;Cyclin-dependent kinase 1;Dual specificity tyrosine-phosphorylation-regulated kinase 1A;Serine/threonine-protein kinase ICK;Dual specificity protein kinase CLK1;Mitogen-activated protein kinase kinase kinase 11;Serine/threonine-protein kinase PLK1;Serine/threonine-protein kinase 26;Casein kinase II alpha'/ beta;Cyclin-dependent kinase 2;Cyclin-dependent kinase 7;Glycogen synthase kinase-3 alpha;Serine/threonine-protein kinase MARK2;Serine/threonine-protein kinase N1;5'-AMP-activated protein kinase subunit gamma-2;Receptor-interacting serine/threonine-protein kinase 3;Ribosomal protein S6 kinase alpha-1;Ribosomal protein S6 kinase alpha-6;STE20-like serine/threonine-protein kinase;Serine/threonine-protein kinase pim-2;Bone morphogenetic protein receptor type-2;Cyclin-dependent-like kinase 5;Eukaryotic translation initiation factor 2-alpha kinase 1;Serine/threonine-protein kinase ULK1;Glycogen synthase kinase-3 beta;Casein kinase II subunit alpha;Cyclin-dependent kinase 1/cyclin B;Death-associated protein kinase 3;Receptor-type tyrosine-protein kinase FLT3;Serine/threonine-protein kinase Chk1;Cyclin-G-associated kinase;MAP kinase-activated protein kinase 3;Phosphatidylinositol 5-phosphate 4-kinase type-2 gamma;5'-AMP-activated protein kinase catalytic subunit alpha-1;Serine/threonine-protein kinase 10;EKC/KEOPS complex subunit Tp53rk;Casein kinase 2;MAP kinase-activated protein kinase 2;Phosphorylase b kinase gamma catalytic chain, liver/testis isoform;Serine/threonine-protein kinase TAO1;Non-receptor tyrosine-protein kinase TYK2;Serine/threonine-protein kinase TBK1;Dual specificity protein kinase CLK2;Casein kinase II subunit beta;Homeodomain-interacting protein kinase 3;Dual specificity protein kinase CLK3;Serine/threonine-protein kinase pim-1;Casein kinase II subunit alpha';Cyclin-dependent kinase 16;Dual specificity tyrosine-phosphorylation-regulated kinase 1B;Cyclin-dependent kinase 2/cyclin E1",False,274,4.493940697526841,1.0460305265251384,88.843537414966,86.80272108843538,56.87074829931973
EOS101313,GSK269962A,inhibitor,Protein kinase C gamma type;Death-associated protein kinase 3;STE20-like serine/threonine-protein kinase;Mitogen-activated protein kinase kinase kinase kinase 5;Rho-associated protein kinase 1;RAC-gamma serine/threonine-protein kinase;Aurora kinase B;MAP kinase-interacting serine/threonine-protein kinase 2;Protein kinase C iota type;Serine/threonine-protein kinase D2;Serine/threonine-protein kinase 17A;Serine/threonine-protein kinase N2;MAP/microtubule affinity-regulating kinase 3;Serine/threonine-protein kinase pim-1;Serine/threonine-protein kinase MARK2;Homeodomain-interacting protein kinase 4;cAMP-dependent protein kinase catalytic subunit alpha;Serine/threonine-protein kinase MRCK alpha;Protein kinase C delta type;cAMP-dependent protein kinase catalytic subunit PRKX;Receptor-type tyrosine-protein kinase FLT3;Glycogen synthase kinase-3 beta;Cell division cycle 7-related protein kinase;Glycogen synthase kinase-3 alpha;Calcium/calmodulin-dependent protein kinase type II subunit beta;Testis-specific serine/threonine-protein kinase 1;RAC-beta serine/threonine-protein kinase;cGMP-dependent protein kinase 2;Serine/threonine-protein kinase Sgk2;Proto-oncogene tyrosine-protein kinase LCK;Serine/threonine-protein kinase pim-3;Rho-associated protein kinase 2;Cyclin-dependent kinase 2;Aurora kinase A;SRSF protein kinase 1;Homeodomain-interacting protein kinase 2;Ribosomal protein S6 kinase alpha-1;Serine/threonine-protein kinase PLK4;Protein kinase C zeta type;Ribosomal protein S6 kinase alpha-3;Ribosomal protein S6 kinase beta-1;Serine/threonine-protein kinase D3;Vascular endothelial growth factor receptor 3;Ribosomal protein S6 kinase alpha-5;RAC-alpha serine/threonine-protein kinase;cGMP-dependent protein kinase 1;Dual specificity protein kinase CLK4,False,227,4.514293736092903,1.5055532882258595,77.75510204081633,87.07482993197279,83.53741496598639
EOS101305,GSK2334470,inhibitor,"3-phosphoinositide-dependent protein kinase 1;Aurora kinase A;Aurora kinase B;Phosphatidylinositol 4,5-bisphosphate 3-kinase catalytic subunit gamma isoform;Rho-associated protein kinase 1",False,269,4.533294527081583,0.9146701441816985,88.23129251700679,87.34693877551021,42.31292517006803
EOS101302,ENTOSPLETINIB,inhibitor,Tyrosine-protein kinase BTK;Tyrosine-protein kinase SYK;Mast/stem cell growth factor receptor Kit;Tyrosine-protein kinase JAK2;Receptor-type tyrosine-protein kinase FLT3,True,99,2.2125594564425697,2.304204839859086,33.53741496598639,32.244897959183675,95.91836734693877
EOS102123,COMPOUND 2 [PMID: 25408830],binding agent;inhibitor,Prelamin-A/C;Peregrin;Bromodomain-containing protein 4;Nuclear receptor ROR-gamma,False,38,1.4778088974207308,0.831912343857683,0.6802721088435374,0.13605442176870747,32.10884353741497
EOS102097,WAY-336893,,Inosine-5'-monophosphate dehydrogenase,False,77,1.9537001033649992,0.9860413268586833,25.102040816326532,21.768707482993197,51.70068027210885
EOS102082,MMV019555,,Acetylcholinesterase;Cholinesterase;Carboxylic ester hydrolase,False,348,8.08528582747745,1.3963212186806797,99.04761904761905,99.59183673469387,79.8639455782313
EOS102077,WAY-322044,,"cAMP and cAMP-inhibited cGMP 3',5'-cyclic phosphodiesterase 10A;Dual 3',5'-cyclic-AMP and -GMP phosphodiesterase 11A",False,37,1.623827913511786,0.8227261327299623,0.4761904761904762,3.4013605442176873,31.15646258503401
EOS102073,HQ-415,,Thioredoxin glutathione reductase;Microtubule-associated protein tau;Cellular tumor antigen p53;Inositol monophosphatase 1,False,209,3.423502301807177,0.8135315654154962,71.49659863945578,67.75510204081633,29.795918367346943
EOS102066,PD065565,,Cholinesterase;Acetylcholinesterase;NADPH oxidase 1,False,32,1.5517753638402045,1.3319449767693619,0.20408163265306123,1.0884353741496597,77.55102040816327
EOS102062,ML189,,Microtubule-associated protein tau;Mitogen-activated protein kinase 1;Zinc finger protein GLI1;Nuclear receptor ROR-gamma;Menin/Histone-lysine N-methyltransferase MLL;Latent membrane protein 1;ATP-dependent molecular chaperone HSP82,False,173,2.716288279695015,0.5404153250470479,57.89115646258504,51.02040816326531,0.5442176870748299
EOS102035,PD082508,,Amine oxidase [flavin-containing] B;Broad substrate specificity ATP-binding cassette transporter ABCG2,False,55,1.758935592224268,0.769959460192561,13.945578231292515,10.884353741496598,22.993197278911566
EOS102022,ML144 ANALOG,,3-hydroxyacyl-CoA dehydrogenase type-2;Huntingtin;Polyunsaturated fatty acid lipoxygenase ALOX15;15-hydroxyprostaglandin dehydrogenase [NAD(+)];Thyrotropin receptor;Lysine-specific demethylase 4E;Beta-lactamase;Prelamin-A/C;G-protein coupled receptor 35,False,79,2.0802245417816714,0.7026008121821521,26.258503401360546,26.53061224489796,12.789115646258503
EOS102021,ML144,,Prelamin-A/C;Thyrotropin receptor;3-hydroxyacyl-CoA dehydrogenase type-2;Huntingtin;Beta-lactamase;Lysine-specific demethylase 4E;Retinal dehydrogenase 1;15-hydroxyprostaglandin dehydrogenase [NAD(+)];Beta-2 adrenergic receptor;G-protein coupled receptor 35,False,48,1.735075815550453,0.560342789053511,7.414965986394558,9.523809523809524,1.2244897959183674
EOS101418,AMG-517,antagonist;blocker,Transient receptor potential cation channel subfamily V member 1,False,178,2.9943302441917194,1.874126465605691,59.38775510204082,57.006802721088434,91.42857142857143
EOS101417,PH-797804,inhibitor,Mitogen-activated protein kinase 14;Mitogen-activated protein kinase 11;Mitogen-activated protein kinase 12;Rho-associated protein kinase 2;STE20-related kinase adapter protein alpha,False,95,2.1611043254184836,1.1776378353768076,32.44897959183673,30.34013605442177,68.43537414965986
EOS101416,ANIRACETAM,allosteric modulator,Bloom syndrome protein;Cytochrome P450 2C19;Cytochrome P450 2D6;Lysine-specific demethylase 4E;Menin/Histone-lysine N-methyltransferase MLL;ATP-dependent DNA helicase Q1;Cytochrome P450 2C9;Thyroid hormone receptor beta;Microtubule-associated protein tau;Cytochrome P450 1A2;Glutamate receptor 4;Glutamate receptor 3;Glutamate receptor 2;Glutamate receptor 1,False,284,3.9983474380351867,1.1849207312825119,91.49659863945578,80.95238095238095,68.9795918367347
EOS101413,TERFENADINE,binding agent;antagonist;blocker;inhibitor;inhibitor;blocker,ATP-dependent translocase ABCB1;Potassium voltage-gated channel subfamily H member 1;5-hydroxytryptamine receptor 2B;D(1A) dopamine receptor;D(3) dopamine receptor;Substance-K receptor;Voltage-dependent L-type calcium channel subunit alpha-1C;C-C chemokine receptor type 5;5-hydroxytryptamine receptor 6;Alpha-2C adrenergic receptor;5-hydroxytryptamine receptor 2A;Sodium-dependent dopamine transporter;Voltage-gated L-type calcium channel;Serine/threonine-protein kinase mTOR;D(2) dopamine receptor;Sodium channel protein type 5 subunit alpha;Epidermal growth factor receptor;Tyrosine-protein kinase Fyn;5-hydroxytryptamine receptor 2C;Muscarinic acetylcholine receptor M3;Muscarinic acetylcholine receptor M5;Muscarinic acetylcholine receptor M4;Sodium-dependent noradrenaline transporter;Prelamin-A/C;Cytochrome P450 2J2;Ferritin light chain;Potassium voltage-gated channel subfamily H member 2;Menin/Histone-lysine N-methyltransferase MLL;Histamine H1 receptor;Huntingtin;Thrombopoietin;Nuclear receptor ROR-gamma;Lysosomal alpha-glucosidase;Alpha-1B adrenergic receptor;Muscarinic acetylcholine receptor M1;Geminin;Microtubule-associated protein tau;Peripheral myelin protein 22;Bloom syndrome protein;Transcriptional activator protein LuxR;Endonuclease 4;Adrenergic receptor alpha-1;Cytochrome P450 3A4;Neuropeptide S receptor;Muscarinic acetylcholine receptor M2,False,79,2.1154597769350167,1.229616102247805,26.258503401360546,28.29931972789116,71.0204081632653
EOS101412,ARECOLINE,agonist;agonist;partial agonist,Muscarinic acetylcholine receptor M1;Neuronal acetylcholine receptor;Muscarinic acetylcholine receptor M4;Muscarinic acetylcholine receptors; M2 & M3;Neuronal acetylcholine receptor; alpha4/beta2;Muscarinic acetylcholine receptor;Muscarinic acetylcholine receptor M2;Muscarinic acetylcholine receptor M3;Thyroid hormone receptor beta;Muscarinic acetylcholine receptor M5;Prelamin-A/C;Bloom syndrome protein;Voltage-dependent L-type calcium channel subunit alpha-1C;Mucolipin-3,False,124,2.408996960481601,1.459703623855112,44.5578231292517,41.63265306122449,82.31292517006803
EOS101411,SILODOSIN,antagonist;blocker,Alpha-1D adrenergic receptor;Alpha-1A adrenergic receptor;Potassium voltage-gated channel subfamily H member 2;Alpha-1B adrenergic receptor;Sodium channel protein type 5 subunit alpha;HERG human cardiac K+ channel,False,110,2.2497127441232707,0.791796944866651,38.36734693877551,34.01360544217687,26.666666666666668
EOS101410,PHENYLEPHRINE,agonist,Alpha-1B adrenergic receptor;Beta-1 adrenergic receptor;Alpha-2A adrenergic receptor;Bloom syndrome protein;Lysine-specific demethylase 4E;Lysosomal alpha-glucosidase;Prelamin-A/C;Thyrotropin receptor;Adrenergic receptor beta;Alpha-1A adrenergic receptor;Adrenergic receptor alpha-1;Hypoxia-inducible factor 1-alpha;Adrenergic receptor beta; ADRB1 & ADRB3;Alpha-1D adrenergic receptor;Nuclear factor NF-kappa-B p105 subunit;Adrenergic receptor alpha-2;Alpha-2C adrenergic receptor,False,162,2.6158877583911506,0.9633427582550511,54.625850340136054,48.707482993197274,49.523809523809526
EOS101409,TAMATINIB,inhibitor,"Tyrosine-protein kinase SYK;Phosphatidylinositol 5-phosphate 4-kinase type-2 beta;Serine/threonine-protein kinase Nek5;AarF domain-containing protein kinase 1;Dual specificity protein kinase CLK1;5'-AMP-activated protein kinase catalytic subunit alpha-1;LIM domain kinase 2;Serine/threonine-protein kinase D3;Serine/threonine-protein kinase N2;Inhibitor of nuclear factor kappa-B kinase subunit epsilon;Leukocyte tyrosine kinase receptor;Serine/threonine-protein kinase N1;Uncharacterized serine/threonine-protein kinase SBK3;Serine/threonine-protein kinase Nek3;Serine/threonine-protein kinase PAK 3;Proto-oncogene tyrosine-protein kinase ROS;Aurora kinase A;Protein-tyrosine kinase 2-beta;Cyclin-dependent kinase-like 2;Dual specificity protein kinase CLK2;Tyrosine-protein kinase CSK;Ephrin type-A receptor 2;Ephrin type-A receptor 4;Ephrin type-B receptor 6;Insulin-like growth factor 1 receptor;Activin receptor type-1;Bone morphogenetic protein receptor type-1B;Inhibitor of nuclear factor kappa-B kinase subunit alpha;Inhibitor of nuclear factor kappa-B kinase subunit beta;Cyclin-dependent kinase 2;Mitogen-activated protein kinase kinase kinase 10;Serine/threonine-protein kinase SIK2;Leucine-rich repeat serine/threonine-protein kinase 2;Serine/threonine-protein kinase tousled-like 1;Serine/threonine-protein kinase RIO2;Myosin-10;Casein kinase II subunit alpha;Mitogen-activated protein kinase kinase kinase 3;Serine/threonine-protein kinase Nek2;Serine/threonine-protein kinase PLK4;Serine/threonine-protein kinase ULK2;Serine/threonine-protein kinase PAK 5;Dual specificity protein kinase CLK4;Homeodomain-interacting protein kinase 2;Dual specificity mitogen-activated protein kinase kinase 5;Tyrosine-protein kinase Fyn;Serine/threonine-protein kinase NIM1;Serine/threonine-protein kinase STK11;Tyrosine-protein kinase receptor UFO;SRSF protein kinase 3;STE20-like serine/threonine-protein kinase;Interleukin-1 receptor-associated kinase 3;Calcium/calmodulin-dependent protein kinase type 1D;Fibroblast growth factor receptor 4;Serine/threonine-protein kinase 33;Testis-specific serine/threonine-protein kinase 1;Serine/threonine-protein kinase Nek9;Serine/threonine-protein kinase DCLK3;NT-3 growth factor receptor;Serine/threonine-protein kinase 17A;Phosphatidylinositol 4,5-bisphosphate 3-kinase catalytic subunit delta isoform;Tyrosine-protein kinase ABL2;Proto-oncogene tyrosine-protein kinase LCK;Platelet-derived growth factor receptor alpha;5'-AMP-activated protein kinase catalytic subunit alpha-2;Citron Rho-interacting kinase;Serine/threonine-protein kinase TNNI3K;Atypical kinase COQ8A, mitochondrial;Phosphorylase b kinase gamma catalytic chain, liver/testis isoform;Rho-associated protein kinase 1;Tyrosine-protein kinase JAK3;Tyrosine-protein kinase Fes/Fps;Insulin receptor-related protein;Serine/threonine-protein kinase Nek6;Serine/threonine-protein kinase LATS2;NUAK family SNF1-like kinase 1;Serine/threonine-protein kinase D2;Serine/threonine-protein kinase PAK 6;Serine/threonine-protein kinase TAO1;Dual specificity mitogen-activated protein kinase kinase 2;Dual specificity tyrosine-phosphorylation-regulated kinase 1A;Cyclin-dependent-like kinase 5;Ephrin type-A receptor 1;Tyrosine-protein kinase Fgr;Mitogen-activated protein kinase kinase kinase 4;Phosphatidylinositol 5-phosphate 4-kinase type-2 gamma;Serine/threonine-protein kinase 10;Protein kinase C delta type;Dual specificity testis-specific protein kinase 1;Serine/threonine-protein kinase TBK1;Calcium/calmodulin-dependent protein kinase type II subunit gamma;Ephrin type-A receptor 5;Serine/threonine-protein kinase 3;Mitogen-activated protein kinase kinase kinase 2;Protein kinase C gamma type;Cyclin-dependent kinase 1;cAMP-dependent protein kinase catalytic subunit beta;Dual specificity mitogen-activated protein kinase kinase 6;Dual specificity tyrosine-phosphorylation-regulated kinase 2;Calcium/calmodulin-dependent protein kinase type 1;Mitogen-activated protein kinase kinase kinase 9;AP2-associated protein kinase 1;MAP/microtubule affinity-regulating kinase 4;Ankyrin repeat and protein kinase domain-containing protein 1;Serine/threonine-protein kinase Nek7;Homeodomain-interacting protein kinase 4;Calcium/calmodulin-dependent protein kinase type II subunit alpha;cAMP-dependent protein kinase catalytic subunit alpha;RAF proto-oncogene serine/threonine-protein kinase;Dual specificity protein kinase CLK3;TGF-beta receptor type-1;Calcium/calmodulin-dependent protein kinase type II subunit delta;Cyclin-dependent kinase 17;Cyclin-G-associated kinase;Tyrosine-protein kinase receptor Tie-1;cGMP-dependent protein kinase 2;Serine/threonine-protein kinase 25;Serine/threonine-protein kinase 38;G protein-coupled receptor kinase 4;Tyrosine-protein kinase JAK1;Wee1-like protein kinase 2;Cell division cycle 7-related protein kinase;Phosphatidylinositol 4-kinase beta;Mitogen-activated protein kinase 13;Dual specificity protein kinase TTK;Activin receptor type-1B;Ephrin type-A receptor 7;Ephrin type-B receptor 4;Serine/threonine-protein kinase pim-3;Receptor tyrosine-protein kinase erbB-2;Myosin light chain kinase family member 4;Serine/threonine-protein kinase SBK1;Glycogen synthase kinase-3 beta;Tyrosine-protein kinase HCK;Mitogen-activated protein kinase kinase kinase kinase 1;Homeodomain-interacting protein kinase 1;Platelet-derived growth factor receptor beta;Myosin light chain kinase, smooth muscle;Mast/stem cell growth factor receptor Kit;Hepatocyte growth factor receptor;Angiopoietin-1 receptor;Serine/threonine-protein kinase PAK 4;Receptor tyrosine-protein kinase erbB-4;Serine/threonine-protein kinase ULK3;Serine/threonine-protein kinase Chk1;Tyrosine-protein kinase Blk;Epithelial discoidin domain-containing receptor 1;Vascular endothelial growth factor receptor 1;Vascular endothelial growth factor receptor 2;LIM domain kinase 1;TRAF2 and NCK-interacting protein kinase;Interleukin-1 receptor-associated kinase 4;Mitogen-activated protein kinase 15;Insulin receptor;Mitogen-activated protein kinase 9;Mitogen-activated protein kinase kinase kinase 7;eIF-2-alpha kinase GCN2;Ephrin type-A receptor 6;Serine/threonine-protein kinase 32A;Death-associated protein kinase 3;Serine/threonine-protein kinase/endoribonuclease IRE1;Mitogen-activated protein kinase kinase kinase 11;Macrophage-stimulating protein receptor;Death-associated protein kinase 2;BMP-2-inducible protein kinase;Proto-oncogene tyrosine-protein kinase receptor Ret;Atypical kinase COQ8B, mitochondrial;Serine/threonine-protein kinase RIO1;Fibroblast growth factor receptor 1;Fibroblast growth factor receptor 3;Focal adhesion kinase 1;Serine/threonine-protein kinase MARK2;3-phosphoinositide-dependent protein kinase 1;Mitogen-activated protein kinase 8;Mitogen-activated protein kinase 10;Ephrin type-B receptor 2;Ribosomal protein S6 kinase alpha-1;SRSF protein kinase 1;Receptor-interacting serine/threonine-protein kinase 2;Receptor-type tyrosine-protein kinase FLT3;Tyrosine-protein kinase Mer;Serine/threonine-protein kinase tousled-like 2;Serine/threonine-protein kinase 16;Rho-associated protein kinase 2;Death-associated protein kinase 1;Tyrosine-protein kinase ABL1;MAP kinase-interacting serine/threonine-protein kinase 2;Tyrosine-protein kinase BTK;Ephrin type-A receptor 8;Serine/threonine-protein kinase PknB;Epidermal growth factor receptor;Ephrin type-A receptor 3;Homeodomain-interacting protein kinase 3;Phosphatidylinositol 4-phosphate 5-kinase type-1 gamma;Mitogen-activated protein kinase; ERK1/ERK2;Ferrochelatase, mitochondrial;Serine/threonine-protein kinase Nek4;TGF-beta receptor type-2;Serine/threonine-protein kinase RIO3;Cyclin-dependent kinase-like 1;Serine/threonine-protein kinase 17B;Mitogen-activated protein kinase kinase kinase kinase 2;Serine/threonine-protein kinase 35;Mitogen-activated protein kinase 12;Serine/threonine-protein kinase Nek11;Vascular endothelial growth factor receptor 3;Tyrosine-protein kinase TXK;Non-receptor tyrosine-protein kinase TYK2;Wee1-like protein kinase;Serine/threonine-protein kinase PLK3;Discoidin domain-containing receptor 2;Ribosomal protein S6 kinase alpha-4;Activated CDC42 kinase 1;High affinity nerve growth factor receptor;MAP kinase-interacting serine/threonine-protein kinase 1;Phosphatidylinositol 4-phosphate 5-kinase type-1 alpha;Interleukin-1 receptor-associated kinase 1;Cytoplasmic tyrosine-protein kinase BMX;Cyclin-dependent kinase 7;Casein kinase II subunit alpha';Tyrosine-protein kinase FRK;Interferon-induced, double-stranded RNA-activated protein kinase;Tyrosine-protein kinase Lyn;MAP/microtubule affinity-regulating kinase 3;Serine/threonine-protein kinase 36;Serine/threonine-protein kinase TAO2;Serine/threonine-protein kinase TAO3;Serine/threonine-protein kinase MARK1;Glycogen synthase kinase-3 alpha;Calcium/calmodulin-dependent protein kinase type 1G;Receptor-interacting serine/threonine-protein kinase 4;Fibroblast growth factor receptor 2;Mitogen-activated protein kinase kinase kinase 19;NUAK family SNF1-like kinase 2;Tyrosine-protein kinase Srms;Rhodopsin kinase GRK7;Ribosomal protein S6 kinase beta-1;Dual specificity mitogen-activated protein kinase kinase 1;Aurora kinase B;BDNF/NT-3 growth factors receptor;Tyrosine-protein kinase JAK2;Serine/threonine-protein kinase PLK1;Tyrosine-protein kinase Fer;Proto-oncogene tyrosine-protein kinase Src;Tyrosine-protein kinase ITK/TSK;Serine/threonine-protein kinase Nek1;Serine/threonine-protein kinase SIK1;Dual specificity tyrosine-phosphorylation-regulated kinase 4;Aurora kinase C;Serine/threonine-protein kinase OSR1;Macrophage colony-stimulating factor 1 receptor;Tyrosine-protein kinase Yes;Muscle, skeletal receptor tyrosine-protein kinase;Protein-tyrosine kinase 6;Tyrosine-protein kinase receptor TYRO3;Serine/threonine-protein kinase PAK 2;Serine/threonine-protein kinase PLK2;Tyrosine-protein kinase ZAP-70;Dual specificity mitogen-activated protein kinase kinase 3;Rhodopsin kinase GRK1;Dual specificity mitogen-activated protein kinase kinase 4;Tyrosine-protein kinase Tec;Serine/threonine-protein kinase ULK1;Mitogen-activated protein kinase kinase kinase kinase 3;Non-receptor tyrosine-protein kinase TNK1;ALK tyrosine kinase receptor;Serine/threonine-protein kinase B-raf;Ephrin type-B receptor 1;Ribosomal protein S6 kinase alpha-3;Serine/threonine-protein kinase PAK 1;Ribosomal protein S6 kinase alpha-5",False,79,1.9938872095835685,1.3013958512090098,26.258503401360546,23.537414965986393,76.46258503401361
EOS101402,ALISERTIB,inhibitor,Epidermal growth factor receptor;Serine/threonine-protein kinase BRSK1;Proto-oncogene tyrosine-protein kinase LCK;Tyrosine-protein kinase FRK;Leucine-rich repeat serine/threonine-protein kinase 2;STE20-like serine/threonine-protein kinase;BDNF/NT-3 growth factors receptor;Casein kinase II subunit alpha;Proto-oncogene tyrosine-protein kinase ROS;Tyrosine-protein kinase Fer;Dual specificity protein kinase CLK4;Aurora kinase B/Inner centromere protein;Tyrosine-protein kinase ABL2;DnaJ homolog subfamily A member 1;Ephrin type-A receptor 4;NT-3 growth factor receptor;LIM domain kinase 1;Activated CDC42 kinase 1;Leukocyte tyrosine kinase receptor;G protein-coupled receptor kinase 5;Serine/threonine-protein kinase pim-3;Ephrin type-A receptor 2;Tyrosine-protein kinase BTK;Fibroblast growth factor receptor 1;Receptor tyrosine-protein kinase erbB-4;Proto-oncogene tyrosine-protein kinase Src;Ras-related protein Rab-10;Fibroblast growth factor receptor 3;DNA replication licensing factor MCM4;Ephrin type-B receptor 4;Non-receptor tyrosine-protein kinase TNK1;Cyclin-dependent kinase 8;cAMP-dependent protein kinase catalytic subunit alpha;Vascular endothelial growth factor receptor 1;3-phosphoinositide-dependent protein kinase 1;Aurora kinase A;Casein kinase II subunit alpha';Guanine nucleotide-binding protein G(i) subunit alpha-2;NADH dehydrogenase [ubiquinone] 1 alpha subcomplex subunit 13;Tyrosine-protein kinase HCK;Proto-oncogene tyrosine-protein kinase receptor Ret;Vascular endothelial growth factor receptor 2;Aurora kinase B;Serine/threonine-protein kinase PLK4;Ribosomal protein S6 kinase alpha-3;High affinity nerve growth factor receptor;Tyrosine-protein kinase ABL1;Tyrosine-protein kinase Blk;Receptor tyrosine-protein kinase erbB-2;Gamma-aminobutyric acid receptor subunit alpha-1;Focal adhesion kinase 1;SRSF protein kinase 1;Acyl-CoA dehydrogenase family member 10,False,224,4.1709169940258635,1.0969221187527853,77.07482993197279,83.12925170068027,61.63265306122449
EOS101399,PI-103,inhibitor,"Serine/threonine-protein kinase RIO2;Dual specificity tyrosine-phosphorylation-regulated kinase 1B;Phosphatidylinositol 4-kinase beta;LIM domain kinase 2;Tyrosine-protein kinase JAK1;Myosin light chain kinase, smooth muscle;Receptor-type tyrosine-protein kinase FLT3;Death-associated protein kinase 2;Death-associated protein kinase 3;Death-associated protein kinase 1;Dual specificity protein kinase CLK4;Serine/threonine-protein kinase B-raf;Dual specificity tyrosine-phosphorylation-regulated kinase 2;mTORC2;Phosphatidylinositol 3-kinase C2 domain-containing subunit gamma;Casein kinase II subunit alpha';Dual specificity protein kinase CLK3;Non-receptor tyrosine-protein kinase TYK2;Homeodomain-interacting protein kinase 2;Homeodomain-interacting protein kinase 3;Phosphatidylinositol 4-phosphate 3-kinase C2 domain-containing subunit beta;Cyclin-dependent kinase 7;Mitogen-activated protein kinase kinase kinase 19;Homeodomain-interacting protein kinase 1;PI3-kinase p110-delta/p85-alpha;Phosphatidylinositol 5-phosphate 4-kinase type-2 gamma;Phosphatidylinositol 4-phosphate 3-kinase C2 domain-containing subunit alpha;RAF proto-oncogene serine/threonine-protein kinase;Serine/threonine-protein kinase mTOR;Phosphatidylinositol 4,5-bisphosphate 3-kinase catalytic subunit delta isoform;Phosphatidylinositol 4,5-bisphosphate 3-kinase catalytic subunit beta isoform;Phosphatidylinositol 4,5-bisphosphate 3-kinase catalytic subunit alpha isoform;PI3-kinase p110-alpha/p85-alpha;Dual specificity protein kinase CLK2;DNA-dependent protein kinase catalytic subunit;PI3K p110 beta/p85 alpha;Inhibitor of nuclear factor kappa-B kinase subunit alpha;Phosphatidylinositol 4,5-bisphosphate 3-kinase catalytic subunit gamma isoform;Dual specificity protein kinase CLK1;Casein kinase II subunit alpha;Serine/threonine-protein kinase pim-3;Serine/threonine-protein kinase MRCK alpha;mTORC1",False,208,3.754641324590374,0.8399761890256692,70.95238095238095,76.59863945578232,33.33333333333333
EOS101389,MK-5108,,Aurora kinase A;Aurora kinase C;Aurora kinase B/Inner centromere protein;Aurora kinase B,False,227,3.69805431153153,0.8852110672866246,77.75510204081633,74.5578231292517,39.04761904761905
EOS101388,TANAPROGET,agonist,Progesterone receptor,False,296,4.139383753798098,0.7040886643487194,94.62585034013605,82.85714285714286,13.061224489795919
EOS101367,OLAPARIB,inhibitor,"Poly [ADP-ribose] polymerase tankyrase-2;Poly [ADP-ribose] polymerase 1;Poly [ADP-ribose] polymerase 2;Protein mono-ADP-ribosyltransferase PARP12;Protein mono-ADP-ribosyltransferase PARP15;Protein mono-ADP-ribosyltransferase PARP16;Protein mono-ADP-ribosyltransferase PARP4;Poly [ADP-ribose] polymerase tankyrase-1;Protein mono-ADP-ribosyltransferase PARP3;Protein mono-ADP-ribosyltransferase PARP10;Protein mono-ADP-ribosyltransferase PARP6;PARP 1, 2 and 3",False,67,1.9564609888828428,1.3047550627014097,20.884353741496597,21.904761904761905,76.59863945578232
EOS101473,MILCICLIB MALEATE,inhibitor,"Cyclin-dependent kinase 9;Serine/threonine-protein kinase D3;Fibroblast growth factor receptor 1;Mast/stem cell growth factor receptor Kit;Cyclin-dependent kinase 17;Cyclin-dependent kinase 16;Tyrosine-protein kinase ABL1;Wee1-like protein kinase 2;Wee1-like protein kinase;TRAF2 and NCK-interacting protein kinase;Serine/threonine-protein kinase TAO2;Serine/threonine-protein kinase SIK3;Membrane-associated tyrosine- and threonine-specific cdc2-inhibitory kinase;CDK2/Cyclin A;Myosin light chain kinase 3;Epithelial discoidin domain-containing receptor 1;Casein kinase II subunit alpha';Mitotic checkpoint serine/threonine-protein kinase BUB1;Epidermal growth factor receptor;Serine/threonine-protein kinase Nek6;Vascular endothelial growth factor receptor 3;Cyclin-dependent kinase 4;Activated CDC42 kinase 1;Serine/threonine-protein kinase MARK2;Inhibitor of nuclear factor kappa-B kinase subunit epsilon;Dual specificity protein kinase CLK1;dCTP pyrophosphatase 1;Ephrin type-B receptor 3;CDK9/cyclin T1;Tyrosine-protein kinase Yes;Non-receptor tyrosine-protein kinase TNK1;Serine/threonine-protein kinase D2;Maternal embryonic leucine zipper kinase;Mitogen-activated protein kinase 10;Aurora kinase A;Cyclin-dependent kinase 1;Ephrin type-A receptor 2;Casein kinase I isoform epsilon;Casein kinase I isoform delta;Casein kinase I isoform alpha;Cyclin-dependent kinase 6;Calcium/calmodulin-dependent protein kinase kinase 2;Atypical kinase COQ8A, mitochondrial;Serine/threonine-protein kinase TBK1;Serine/threonine-protein kinase TAO3;Serine/threonine-protein kinase TAO1;Tyrosine-protein kinase HCK;Proto-oncogene tyrosine-protein kinase Src;Phosphatidylinositol 5-phosphate 4-kinase type-2 gamma;Mitogen-activated protein kinase kinase kinase kinase 3;Mitogen-activated protein kinase kinase kinase kinase 1;Mitogen-activated protein kinase kinase kinase 4;Proto-oncogene tyrosine-protein kinase LCK;Cyclin-dependent-like kinase 5;Cyclin-dependent kinase 7;Serine/threonine-protein kinase 16;Serine/threonine-protein kinase SIK2;Phosphorylase b kinase gamma catalytic chain, liver/testis isoform;Platelet-derived growth factor receptor beta;Mitogen-activated protein kinase kinase kinase kinase 2;Cyclin-dependent kinase 2/cyclin E1;Uncharacterized protein FLJ45252;Serine/threonine-protein kinase Nek9;Mitogen-activated protein kinase kinase kinase kinase 5;Interleukin-1 receptor-associated kinase 4;Cyclin-G-associated kinase;Ephrin type-B receptor 4;Discoidin domain-containing receptor 2;Dual specificity protein kinase CLK4;Tyrosine-protein kinase Lyn;Cyclin-dependent kinase 5/CDK5 activator 1;Cyclin-dependent kinase 7/ cyclin H;High affinity nerve growth factor receptor;Cyclin-dependent kinase 2;Cyclin-dependent kinase 4/cyclin D1;Proto-oncogene tyrosine-protein kinase receptor Ret;Interleukin-1 receptor-associated kinase 3;Aurora kinase B;Interleukin-1 receptor-associated kinase 1;Serine/threonine-protein kinase ULK1;Serine/threonine-protein kinase Nek3;Macrophage-stimulating protein receptor;MAP/microtubule affinity-regulating kinase 3;Mitogen-activated protein kinase kinase kinase 11;Serine/threonine-protein kinase LATS1;Serine/threonine-protein kinase ICK;Tyrosine-protein kinase FRK;Receptor-type tyrosine-protein kinase FLT3;Ephrin type-A receptor 4;Breakpoint cluster region protein;Cyclin-dependent kinase 1/cyclin B1;Tyrosine-protein kinase Fyn;General transcription and DNA repair factor IIH helicase subunit XPD;Ephrin type-B receptor 2;Ephrin type-A receptor 5;Dual specificity tyrosine-phosphorylation-regulated kinase 1A;Activin receptor type-1;Tyrosine-protein kinase ABL2;AP2-associated protein kinase 1;CDK7/Cyclin H/MNAT1",False,228,4.01983269539763,0.7646513356974348,78.36734693877551,81.22448979591836,21.768707482993197
EOS101467,TRIMETREXATE,inhibitor,"Dihydrofolate reductase;Bifunctional dihydrofolate reductase-thymidylate synthase;Bloom syndrome protein;Microtubule-associated protein tau;4'-phosphopantetheinyl transferase ffp;Menin/Histone-lysine N-methyltransferase MLL;Retinal dehydrogenase 1;15-hydroxyprostaglandin dehydrogenase [NAD(+)];Putative fructose-1,6-bisphosphate aldolase",False,170,2.9307383593713348,0.8074946796142735,57.2108843537415,55.374149659863946,28.70748299319728
EOS101463,CARIPRAZINE,antagonist;agonist;partial agonist;agonist;partial agonist;modulator,D(2) dopamine receptor;5-hydroxytryptamine receptor 2A;D(3) dopamine receptor;Adrenergic receptor alpha-1;5-hydroxytryptamine receptor 1A;5-hydroxytryptamine receptor 7;D(1A) dopamine receptor;D(4) dopamine receptor;Potassium voltage-gated channel subfamily H member 2;D(1B) dopamine receptor;Histamine H1 receptor;5-hydroxytryptamine receptor 2B,False,56,1.7567570229808138,1.026014497331592,14.69387755102041,10.476190476190476,55.23809523809524
EOS101459,DMAT,,Dual specificity mitogen-activated protein kinase kinase 1;Serine/threonine-protein kinase Sgk1;Menin/Histone-lysine N-methyltransferase MLL;Endonuclease 4;Mitogen-activated protein kinase 1;Ferritin light chain;Ribosomal protein S6 kinase alpha-1;Cyclin-dependent kinase 2/cyclin A;Casein kinase II subunit alpha';Geminin;Thrombopoietin;Peripheral myelin protein 22;Microtubule-associated protein tau;Cytochrome P450 3A4;Bloom syndrome protein;Casein kinase II;Casein kinase II alpha/beta;Casein kinase II subunit alpha;Prelamin-A/C;Dual specificity tyrosine-phosphorylation-regulated kinase 1A;Nuclear factor NF-kappa-B p105 subunit;Serine/threonine-protein kinase mTOR,False,116,2.3356316238364636,1.261371065350564,41.83673469387755,38.36734693877551,74.01360544217687
EOS101458,PYRIMETHAMINE,inhibitor,Dihydrofolate reductase;Bifunctional dihydrofolate reductase-thymidylate synthase;Cellular tumor antigen p53;Cytochrome P450 3A4;Multidrug and toxin extrusion protein 1;Beta-hexosaminidase subunit alpha;Cytochrome P450 2C9;Retinal dehydrogenase 1;Cytochrome P450 1A2;Cytochrome P450 2D6;Prelamin-A/C;Pteridine reductase 1;Multidrug and toxin extrusion protein 2;Menin/Histone-lysine N-methyltransferase MLL;Beta-N-acetyl-D-hexosaminidase-A/B;Beta-hexosaminidase subunit beta;Streptokinase A;Solute carrier family 22 member 1,False,188,3.2748105422403877,1.2224628204330357,63.06122448979592,64.48979591836735,70.61224489795919
EOS101449,PP1,inhibitor,Nuclear receptor ROR-gamma;Tyrosine-protein kinase CSK;BDNF/NT-3 growth factors receptor;Angiopoietin-1 receptor;Rho-associated protein kinase 2;cAMP-dependent protein kinase catalytic subunit alpha;Mitogen-activated protein kinase 14;60S ribosomal protein L19-A;Tyrosine-protein kinase Blk;Epidermal growth factor receptor;Insulin receptor;Serine/threonine-protein kinase MARK2;Rho-associated protein kinase 1;Dual specificity protein kinase CLK4;Platelet-derived growth factor receptor alpha;Ribosomal protein S6 kinase beta-1;Mitogen-activated protein kinase kinase kinase kinase 4;Protein-tyrosine kinase 6;LIM domain kinase 1;Serine/threonine-protein kinase D2;Receptor-type tyrosine-protein kinase FLT3;Casein kinase I isoform alpha;Tyrosine-protein kinase BTK;Fibroblast growth factor receptor 3;Receptor-interacting serine/threonine-protein kinase 2;Serine/threonine-protein kinase 3;Huntingtin;Macrophage colony-stimulating factor 1 receptor;RAC-gamma serine/threonine-protein kinase;Dual specificity protein kinase CLK2;Serine/threonine-protein kinase TAO1;Receptor tyrosine-protein kinase erbB-2;Vascular endothelial growth factor receptor 1;Serine/threonine-protein kinase D3;Proto-oncogene tyrosine-protein kinase LCK;Receptor tyrosine-protein kinase erbB-4;Ribosomal protein S6 kinase alpha-3;Prelamin-A/C;Beta-lactamase;Serine/threonine-protein kinase PLK4;NT-3 growth factor receptor;Mitogen-activated protein kinase kinase kinase 20;Proto-oncogene tyrosine-protein kinase ROS;Tyrosine-protein kinase Fyn;Serine/threonine-protein kinase mTOR;Lysine-specific demethylase 4E;15-hydroxyprostaglandin dehydrogenase [NAD(+)];Serine/threonine-protein kinase MRCK alpha;Tyrosine-protein kinase Srms;Tyrosine-protein kinase Lyn;Tyrosine-protein kinase Yes;Mast/stem cell growth factor receptor Kit;Proto-oncogene tyrosine-protein kinase Src;Vascular endothelial growth factor receptor 2;Casein kinase I isoform delta;Aurora kinase B;Mitogen-activated protein kinase 9;Retinal dehydrogenase 1;Proto-oncogene tyrosine-protein kinase receptor Ret;Tyrosine-protein kinase FRK;Interleukin-1 receptor-associated kinase 4;Fibroblast growth factor receptor 1;Tyrosine-protein kinase ABL1;Vascular endothelial growth factor receptor 3;STE20-like serine/threonine-protein kinase;Serine/threonine-protein kinase WNK1;Ephrin type-A receptor 2,False,79,2.093923191671716,0.7464281738772119,26.258503401360546,27.48299319727891,19.319727891156464
EOS101445,LY 364947,inhibitor,"TGF-beta receptor type-1;Nuclear receptor ROR-gamma;Mitogen-activated protein kinase 14;Tyrosine-protein kinase ABL2;Putative fructose-1,6-bisphosphate aldolase;Mitogen-activated protein kinase kinase kinase 20;TGF-beta receptor type-2",False,50,1.807395753456785,0.8080938379682304,9.387755102040817,13.877551020408163,28.97959183673469
EOS101442,RABUSERTIB,inhibitor,"Serine/threonine-protein kinase Chk1;Ferrochelatase, mitochondrial;Potassium voltage-gated channel subfamily H member 2",False,293,4.583985292949006,0.8118228185734861,93.46938775510203,88.16326530612245,29.25170068027211
EOS101439,PICLIDENOSON,agonist,Adenosine receptor A3;Adenosine receptor A2a;Adenosine receptor A2b;Adenosine receptor A1;Relaxin receptor 1;Adenosine A2 receptor;Equilibrative nucleoside transporter 1;5-hydroxytryptamine receptor 2B;5-hydroxytryptamine receptor 2C,False,50,1.6527100061858648,0.7678661895874791,9.387755102040817,4.8979591836734695,22.857142857142858
EOS101435,MEVASTATIN,inhibitor;competitive inhibitor,3-hydroxy-3-methylglutaryl-coenzyme A reductase;Menin/Histone-lysine N-methyltransferase MLL;Neuropeptide S receptor;Survival motor neuron protein;Huntingtin;Retinal dehydrogenase 1;Nuclear receptor ROR-gamma;Mitogen-activated protein kinase 1;Ferritin light chain;Bile salt export pump;Serine/threonine-protein kinase mTOR,False,137,2.5462743193442634,0.7861990453536752,47.755102040816325,46.93877551020408,25.850340136054424
EOS101433,REFAMETINIB,allosteric modulator;inhibitor;allosteric modulator,Dual specificity mitogen-activated protein kinase kinase 1;Dual specificity mitogen-activated protein kinase kinase 2;5'-AMP-activated protein kinase subunit gamma-1;AarF domain-containing protein kinase 1;Mitogen-activated protein kinase 10;5'-AMP-activated protein kinase subunit gamma-2;Serine/threonine-protein kinase Chk1,False,109,2.4117267074274973,0.5841596155297937,38.163265306122454,41.76870748299319,2.0408163265306123
EOS101430,OMACETAXINE MEPESUCCINATE,antagonist,60S ribosomal protein L3,True,312,5.739553970142967,2.6262553282225025,95.91836734693877,96.19047619047619,98.50340136054422
EOS101519,NEXTURASTAT A,inhibitor,Histone deacetylase 1;Polyamine deacetylase HDAC10;Histone deacetylase 4;Histone deacetylase 6;Histone deacetylase 11;Histone deacetylase 7;Histone deacetylase 5;Histone deacetylase 3;Histone deacetylase 2;Histone deacetylase 8;Histone deacetylase 9,False,54,1.8371056520474145,0.7051020877931807,12.857142857142856,16.73469387755102,13.46938775510204
EOS101518,BIIB021,inhibitor,"Heat shock protein HSP 90-alpha;Heat shock protein 75 kDa, mitochondrial;Heat shock protein HSP 90-beta;Endoplasmin;Histone-arginine methyltransferase CARM1;Heat shock protein HSP90",False,223,3.452854569168252,0.6931372982188606,76.59863945578232,68.84353741496598,11.700680272108844
EOS101516,IBRUTINIB,,Tyrosine-protein kinase BTK;Proto-oncogene tyrosine-protein kinase LCK;Tyrosine-protein kinase Lyn,False,101,2.297880651699834,1.3538517842346476,34.42176870748299,36.59863945578231,78.36734693877551
EOS101503,SGC707,allosteric modulator,Protein arginine N-methyltransferase 3,False,54,1.7785579968602734,1.7325205356075077,12.857142857142856,12.244897959183673,88.70748299319729
EOS101502,UNC0642,inhibitor,Histone-lysine N-methyltransferase EHMT2;Histamine H3 receptor;Alpha-1D adrenergic receptor;Histone-lysine N-methyltransferase EHMT1,False,94,2.173378433889822,0.7704476793149642,31.83673469387755,30.8843537414966,23.26530612244898
EOS101501,GSK2801,binding agent;inhibitor,Bromodomain adjacent to zinc finger domain protein 2B;Transcription initiation factor TFIID subunit 1-like;E3 ubiquitin-protein ligase TRIM33;Bromodomain adjacent to zinc finger domain protein 2A;Transcription intermediary factor 1-alpha;Bromodomain-containing protein 9,False,107,2.17587825329842,1.5367470222063373,37.142857142857146,31.020408163265305,84.08163265306122
EOS101500,PFI-4,binding agent,Bromodomain-containing protein 1;Peregrin;Bromodomain-containing protein 4;Transcription initiation factor TFIID subunit 1;Bromodomain and PHD finger-containing protein 3,False,111,2.2360027279495527,1.361951502973967,38.775510204081634,33.06122448979592,78.63945578231292
EOS101498,A-196,inhibitor,Histone-lysine N-methyltransferase KMT5C;Histone-lysine N-methyltransferase KMT5B,True,150,2.6050559513332634,2.3367533818692494,51.156462585034014,47.89115646258503,96.5986394557823
EOS101497,MS049,inhibitor,Histone-arginine methyltransferase CARM1;Protein arginine N-methyltransferase 6;Sigma non-opioid intracellular receptor 1;Protein arginine N-methyltransferase 8;Histamine H3 receptor,False,82,2.0007125120509586,0.652251268243226,27.823129251700678,23.6734693877551,6.938775510204081
EOS101491,OF-1,binding agent,Peregrin;Bromodomain-containing protein 1;Bromodomain and PHD finger-containing protein 3,False,94,2.0945139567107423,0.7100474831862051,31.83673469387755,27.61904761904762,14.421768707482993
EOS101490,LLY-507,inhibitor,N-lysine methyltransferase SMYD2,False,153,3.230000036119855,1.1170049289935027,52.10884353741496,63.129251700680264,62.857142857142854
EOS101485,MOLIBRESIB,inhibitor,Bromodomain-containing protein 2;Bromodomain-containing protein 3;Bromodomain-containing protein 4;Bromodomain testis-specific protein;CREB-binding protein;Histone acetyltransferase p300;Bromodomain and extra-terminal motif (BET),False,58,1.857800901818796,0.9609676827611205,16.462585034013603,17.551020408163264,49.1156462585034
EOS101479,VE-821,inhibitor,Serine/threonine-protein kinase ATR;DNA-dependent protein kinase catalytic subunit,False,216,3.960120573167735,0.5895775190663933,73.40136054421768,79.8639455782313,2.585034013605442
EOS102017,MPO-IN-28,inhibitor,Myeloperoxidase;Lactoperoxidase,False,57,1.7566486797443615,1.0321735106763708,15.578231292517005,10.340136054421768,55.78231292517006
EOS102003,MRT 10,,Smoothened homolog;Sonic hedgehog protein,False,105,2.106721581453877,0.7817734693739972,36.054421768707485,28.163265306122447,25.30612244897959
EOS101991,L-ADRENALINE,agonist,Alpha-1D adrenergic receptor;Adrenergic receptor alpha-2;Alpha-1B adrenergic receptor;Beta-2 adrenergic receptor;Alpha-1A adrenergic receptor;Beta-1 adrenergic receptor,False,46,1.6344688157550213,0.9739415833245499,5.442176870748299,3.9455782312925165,50.476190476190474
EOS101982,RAPAMUNE,inhibitor,Microtubule-associated protein tau;Thioredoxin glutathione reductase;Programmed cell death protein 4;Cytochrome P450 3A4;Cytochrome P450 2C9;Solute carrier organic anion transporter family member 1B1;Cytochrome P450 2C19;Sarcoplasmic/endoplasmic reticulum calcium ATPase 1;Peptidyl-prolyl cis-trans isomerase FKBP5;Eukaryotic translation initiation factor 4E;Serine/threonine-protein kinase mTOR;Peptidyl-prolyl cis-trans isomerase FKBP1B;Nuclear receptor subfamily 1 group I member 2;Peptidyl-prolyl cis-trans isomerase FKBP1A;4'-phosphopantetheinyl transferase ffp;Nuclear receptor ROR-gamma;Ferritin light chain;ATP-dependent translocase ABCB1,False,116,2.2491232411161515,0.7286917200172053,41.83673469387755,33.87755102040816,16.598639455782312
EOS101967,WAY-616763,,ATP-dependent 6-phosphofructokinase;Beta-lactamase,False,43,1.5510717933235003,0.6643226961598462,2.6530612244897958,0.9523809523809524,8.299319727891156
EOS101966,WAY-314397,,15-hydroxyprostaglandin dehydrogenase [NAD(+)];Beta-lactamase;Prelamin-A/C;Microtubule-associated protein tau;Retinal dehydrogenase 1;Lysosomal alpha-glucosidase;DNA polymerase beta,False,61,1.8555661534138286,0.9438162846269532,18.027210884353742,17.27891156462585,46.93877551020408
EOS101959,COMPOUND 30 [PMID: 22239545],inhibitor,Cytochrome P450 2C19;Cytochrome P450 1A2;Cytochrome P450 3A4,False,49,1.6977866603098657,0.8226879180774649,8.16326530612245,7.346938775510205,31.020408163265305
EOS101939,EVEROLIMUS,,,False,138,2.486987877066161,0.647129549995562,47.95918367346938,45.034013605442176,6.666666666666667
EOS101938,H-9 DIHYDROCHLORIDE,,Prelamin-A/C;Cytochrome P450 2D6;Cytochrome P450 3A4;Hypoxia-inducible factor 1-alpha;Nuclear factor NF-kappa-B p105 subunit;Thrombopoietin;Cellular tumor antigen p53;cAMP-dependent protein kinase (PKA);MO15-related protein kinase Pfmrk;Nuclear receptor ROR-gamma;Protein kinase C (PKC);Menin/Histone-lysine N-methyltransferase MLL,False,62,1.8105292579641998,0.7301886145857074,18.503401360544217,14.285714285714285,16.870748299319725
EOS101937,WAY-354064,,Kappa-type opioid receptor;Ras-related protein Rab-9A;Pyruvate kinase;NPC intracellular cholesterol transporter 1;Survival motor neuron protein;Retinal dehydrogenase 1;Microtubule-associated protein tau;Prelamin-A/C;Huntingtin;Nuclear receptor ROR-gamma;Type-1 angiotensin II receptor;Menin/Histone-lysine N-methyltransferase MLL,False,232,3.7074173525097707,0.63698117957575,80.0,74.82993197278913,5.986394557823129
EOS101936,WAY-651282,,Cytochrome P450 2D6;Cytochrome P450 3A4;Protein-serine O-palmitoleoyltransferase porcupine,False,146,2.628604152419947,0.8155005898624786,50.0,49.1156462585034,30.20408163265306
EOS101598,VISTUSERTIB,inhibitor,"ATP-dependent 6-phosphofructokinase, platelet type;Serine/threonine-protein kinase mTOR;Phosphatidylinositol 4,5-bisphosphate 3-kinase catalytic subunit gamma isoform;Phosphatidylinositol 4,5-bisphosphate 3-kinase catalytic subunit delta isoform;PI3-kinase p110-alpha/p85-alpha;Phosphatidylinositol 4,5-bisphosphate 3-kinase catalytic subunit alpha isoform;Phosphatidylinositol 4,5-bisphosphate 3-kinase catalytic subunit beta isoform;Phosphatidylinositol 3-kinase catalytic subunit type 3;Potassium voltage-gated channel subfamily H member 2;mTORC1",False,286,4.807111521768637,1.286618324752626,92.10884353741497,89.93197278911565,75.64625850340137
EOS101594,RAF-265,inhibitor,"Non-receptor tyrosine-protein kinase TYK2;Ephrin type-A receptor 1;Tyrosine-protein kinase receptor Tie-1;Non-receptor tyrosine-protein kinase TNK1;5'-AMP-activated protein kinase catalytic subunit alpha-1;Discoidin domain-containing receptor 2;Receptor-interacting serine/threonine-protein kinase 1;Vascular endothelial growth factor receptor 1;Platelet-derived growth factor receptor alpha;Tyrosine-protein kinase Blk;Serine/threonine-protein kinase TAO2;Homeodomain-interacting protein kinase 4;Tyrosine-protein kinase FRK;Macrophage colony-stimulating factor 1 receptor;Epithelial discoidin domain-containing receptor 1;Ephrin type-A receptor 6;Ephrin type-A receptor 8;Citron Rho-interacting kinase;Tyrosine-protein kinase ABL2;Mitogen-activated protein kinase kinase kinase kinase 2;Proto-oncogene tyrosine-protein kinase LCK;Vascular endothelial growth factor receptor 3;Serine/threonine-protein kinase 36;eIF-2-alpha kinase GCN2;Tyrosine-protein kinase Fer;Protein-tyrosine kinase 6;Cyclin-dependent kinase 19;Dual specificity mitogen-activated protein kinase kinase 5;Vascular endothelial growth factor receptor;Serine/threonine-protein kinase PAK 3;Mitogen-activated protein kinase kinase kinase 11;Tyrosine-protein kinase SYK;Serine/threonine-protein kinase Nek5;Angiopoietin-1 receptor;Tyrosine-protein kinase ABL1;Fibroblast growth factor receptor 1;Mast/stem cell growth factor receptor Kit;Serine/threonine-protein kinase TNNI3K;Proto-oncogene tyrosine-protein kinase receptor Ret;Receptor-interacting serine/threonine-protein kinase 2;Receptor-type tyrosine-protein kinase FLT3;STE20-like serine/threonine-protein kinase;Vascular endothelial growth factor receptor 2;Proto-oncogene tyrosine-protein kinase Src;Ephrin type-A receptor 2;Ephrin type-A receptor 4;Tyrosine-protein kinase HCK;Tyrosine-protein kinase Fyn;Interferon-induced, double-stranded RNA-activated protein kinase;RAF proto-oncogene serine/threonine-protein kinase;Tyrosine-protein kinase Lyn;Serine/threonine-protein kinase 25;Serine/threonine-protein kinase B-raf;Hepatocyte growth factor receptor;Serine/threonine-protein kinase TAO3;Mitogen-activated protein kinase kinase kinase 19;Serine/threonine-protein kinase 10;Platelet-derived growth factor receptor beta;Mitogen-activated protein kinase kinase kinase kinase 4;Serine/threonine-protein kinase TAO1;Tyrosine-protein kinase Yes;Mitogen-activated protein kinase kinase kinase 20;TRAF2 and NCK-interacting protein kinase;Mitogen-activated protein kinase kinase kinase kinase 3;Mitogen-activated protein kinase kinase kinase kinase 5;Mitogen-activated protein kinase kinase kinase 7;Ephrin type-B receptor 6",False,221,3.430350674427199,1.2364769026682527,75.51020408163265,68.16326530612244,71.97278911564626
EOS101593,UNC0638,inhibitor,Histone-lysine N-methyltransferase EHMT2;DNA (cytosine-5)-methyltransferase 1;Histone-lysine N-methyltransferase EHMT1;Spindlin-1;Histone-lysine N-methyltransferase EHMT1/EHMT2,False,218,3.54331806169038,1.5591893605802305,74.62585034013605,71.156462585034,85.3061224489796
EOS101580,CLOMIPRAMINE,antagonist;inhibitor,Trypanothione reductase;Thyrotropin receptor;Muscarinic acetylcholine receptor M3;4'-phosphopantetheinyl transferase ffp;Mitochondrial import inner membrane translocase subunit TIM10;Prelamin-A/C;Lysine-specific demethylase 4E;Peripheral myelin protein 22;Thyroid hormone receptor beta;D(1A) dopamine receptor;Muscarinic acetylcholine receptor M4;Muscarinic acetylcholine receptor M5;5-hydroxytryptamine receptor 2B;5-hydroxytryptamine receptor 2C;D(3) dopamine receptor;5-hydroxytryptamine receptor 2A;Ferritin light chain;Solute carrier family 22 member 1;Alpha-2B adrenergic receptor;Serine/threonine-protein kinase mTOR;Alpha-1D adrenergic receptor;Muscarinic acetylcholine receptor M2;Alpha-2C adrenergic receptor;Sigma non-opioid intracellular receptor 1;Alpha-2A adrenergic receptor;5-hydroxytryptamine receptor 6;Voltage-dependent L-type calcium channel subunit alpha-1C;G protein-activated inward rectifier potassium channel 4;Microtubule-associated protein tau;Adrenergic receptor alpha-2;Lethal factor;Serotonin 1 (5-HT1) receptor;Muscarinic acetylcholine receptor M1;Cytochrome P450 3A4;Transporter;D(2) dopamine receptor;Adrenergic receptor alpha-1;Histamine H2 receptor;Cytochrome P450 2D6;Alpha-1B adrenergic receptor;Sodium-dependent serotonin transporter;Sodium-dependent noradrenaline transporter;G protein-activated inward rectifier potassium channel 2;Thrombopoietin;Sodium-dependent dopamine transporter;Cellular tumor antigen p53;Bile salt export pump;Serotonin (5-HT) receptor;Neuropeptide S receptor;Alpha-1A adrenergic receptor;Menin/Histone-lysine N-methyltransferase MLL;Inositol monophosphatase 1;Cytochrome P450 1A2;Histamine H1 receptor;Serotonin 2 (5-HT2) receptor;Nuclear receptor ROR-gamma;Glutathione S-transferase P,False,56,1.706819053194694,0.8440471967399352,14.69387755102041,8.027210884353742,34.01360544217687
EOS101567,AZ-960,inhibitor,Tyrosine-protein kinase JAK2;Tyrosine-protein kinase JAK3,False,237,3.91821785992773,0.7063410339006412,81.22448979591836,79.04761904761905,13.741496598639454
EOS101564,LY2109761,inhibitor,TGF-beta receptor type-2;TGF-beta receptor type-1,False,54,1.7657941696526374,1.136521206989032,12.857142857142856,11.428571428571429,64.08163265306122
EOS101562,NEFAZODONE,antagonist;inhibitor;other,Microtubule-associated protein tau;Prelamin-A/C;Alpha-1A adrenergic receptor;Alpha-2A adrenergic receptor;Alpha-1B adrenergic receptor;5-hydroxytryptamine receptor 2C;ATP-binding cassette sub-family C member 4;ATP-dependent translocase ABCB1;Acetylcholinesterase;Bile salt export pump;Sodium-dependent dopamine transporter;Sodium-dependent noradrenaline transporter;5-hydroxytryptamine receptor 1A;5-hydroxytryptamine receptor 2A;Sodium-dependent serotonin transporter;Cytochrome P450 3A4;Transporter;Menin/Histone-lysine N-methyltransferase MLL;Neuropeptide S receptor;Potassium voltage-gated channel subfamily H member 2,False,112,2.2569717924482746,0.8838332780324266,39.86394557823129,34.42176870748299,38.63945578231293
EOS101546,MITOXANTRONE,inhibitor,"Histone-lysine N-methyltransferase 2A;Endonuclease 4;DNA topoisomerase 2-alpha;Pyruvate kinase;Huntingtin;Cytochrome P450 1A2;Polyunsaturated fatty acid lipoxygenase ALOX15;Solute carrier organic anion transporter family member 1B3;Tyrosine-protein kinase BTK;Histone-lysine N-methyltransferase NSD2;Pyruvate kinase PKM;Cytochrome P450 3A4;Paired box protein Pax-8;Potassium voltage-gated channel subfamily H member 2;Tyrosine-protein kinase Fyn;5-hydroxytryptamine receptor 2C;Multidrug and toxin extrusion protein 1;Epidermal growth factor receptor;Sodium-dependent noradrenaline transporter;Multidrug resistance-associated protein 1;Solute carrier family 22 member 2;Broad substrate specificity ATP-binding cassette transporter ABCG2;Solute carrier family 22 member 1;Voltage-gated L-type calcium channel;Receptor tyrosine-protein kinase erbB-2;Muscarinic acetylcholine receptor M4;Muscarinic acetylcholine receptor M2;Solute carrier family 22 member 3;ATP-dependent translocase ABCB1;Serine/threonine-protein kinase mTOR;Multidrug and toxin extrusion protein 2;Proto-oncogene tyrosine-protein kinase ROS;Ubiquitin carboxyl-terminal hydrolase 2;Nuclear factor NF-kappa-B p105 subunit;Ferritin light chain;Menin/Histone-lysine N-methyltransferase MLL;ATP-dependent DNA helicase Q1;Microtubule-associated protein tau;Retinal dehydrogenase 1;Neuropeptide S receptor;DNA polymerase beta;Serine/threonine-protein kinase pim-1;Mitogen-activated protein kinase 1;DNA-3-methyladenine glycosylase;Cellular tumor antigen p53;Nuclear receptor ROR-gamma;Prelamin-A/C;DNA-(apurinic or apyrimidinic site) endonuclease;Peripheral myelin protein 22;Cytochrome P450 2D6;Lethal(3)malignant brain tumor-like protein 1;Bloom syndrome protein;Lysine-specific demethylase 4E;Putative fructose-1,6-bisphosphate aldolase;Dual specificity tyrosine-phosphorylation-regulated kinase 1A;Hypoxia-inducible factor 1-alpha;Beta-lactamase;Casein kinase 2;TAR DNA-binding protein 43;Integrase;Thrombopoietin;Muscarinic acetylcholine receptor M1;Inositol monophosphatase 1;NEDD8 activating enzyme",False,342,5.585445229927602,0.6717448588105784,98.91156462585035,95.51020408163265,8.979591836734693
EOS101537,BINIMETINIB,allosteric modulator;inhibitor;inhibitor,Dual specificity mitogen-activated protein kinase kinase 2;Dual specificity mitogen-activated protein kinase kinase 1;Ribosyldihydronicotinamide dehydrogenase [quinone];Mitogen-activated protein kinase kinase kinase 1,False,94,2.2406793169908936,0.786342421680828,31.83673469387755,33.605442176870746,25.98639455782313
EOS101535,CLOFARABINE,inhibitor,"Ribonucleoside-diphosphate reductase subunit M2;Ribonucleoside-diphosphate reductase large subunit;cGMP-dependent 3',5'-cyclic phosphodiesterase;DNA polymerase (alpha/delta/epsilon);DNA polymerase alpha catalytic subunit",False,322,4.94784802412902,0.8359061691338638,97.34693877551021,90.88435374149661,32.6530612244898
EOS101532,DANUSERTIB,inhibitor,"Ephrin type-B receptor 6;LIM domain kinase 2;Tyrosine-protein kinase Fyn;Epithelial discoidin domain-containing receptor 1;Proto-oncogene tyrosine-protein kinase Src;Maternal embryonic leucine zipper kinase;Tyrosine-protein kinase JAK2;Vascular endothelial growth factor receptor 2;Proto-oncogene tyrosine-protein kinase LCK;LIM domain kinase 1;Mitogen-activated protein kinase 7;Ephrin type-B receptor 3;Ephrin type-A receptor 7;TGF-beta receptor type-1;STE20-like serine/threonine-protein kinase;Receptor-type tyrosine-protein kinase FLT3;Cyclin-dependent kinase 2;Aurora kinase C;Mitogen-activated protein kinase kinase kinase kinase 4;MAP/microtubule affinity-regulating kinase 3;Ephrin type-A receptor 4;Calcium/calmodulin-dependent protein kinase kinase 2;Tyrosine-protein kinase SYK;5'-AMP-activated protein kinase subunit gamma-2;Serine/threonine-protein kinase PLK4;Serine/threonine-protein kinase MARK2;Mitogen-activated protein kinase kinase kinase kinase 2;TGF-beta receptor type-2;Tyrosine-protein kinase Tec;Cyclin-dependent kinase 3;Phosphorylase b kinase gamma catalytic chain, liver/testis isoform;Breakpoint cluster region protein;Serine/threonine-protein kinase PLK1;Serine/threonine-protein kinase 26;Serine/threonine-protein kinase 16;Serine/threonine-protein kinase SIK2;Serine/threonine-protein kinase D2;5'-AMP-activated protein kinase subunit gamma-1;Ephrin type-B receptor 4;Serine/threonine-protein kinase 3;Mitogen-activated protein kinase kinase kinase kinase 5;Discoidin domain-containing receptor 2;Mitogen-activated protein kinase kinase kinase kinase 1;Mitogen-activated protein kinase kinase kinase 1;Ephrin type-B receptor 2;Ephrin type-A receptor 2;MAP/microtubule affinity-regulating kinase 4;Tyrosine-protein kinase Fer;Ephrin type-A receptor 5;Tyrosine-protein kinase Yes;NUAK family SNF1-like kinase 2;Cyclin-dependent kinase 7;Tyrosine-protein kinase Lyn;Vascular endothelial growth factor receptor 3;Proto-oncogene tyrosine-protein kinase receptor Ret;High affinity nerve growth factor receptor;Aurora kinase A;Focal adhesion kinase 1;Mitogen-activated protein kinase kinase kinase kinase 3;Serine/threonine-protein kinase 10;Protein-tyrosine kinase 2-beta;Activin receptor type-1B;5'-AMP-activated protein kinase catalytic subunit alpha-1;Serine/threonine-protein kinase Nek9;Tyrosine-protein kinase HCK;Tyrosine-protein kinase Fes/Fps;General transcription and DNA repair factor IIH helicase subunit XPD;Activated CDC42 kinase 1;Tyrosine-protein kinase BTK;Fibroblast growth factor receptor 1;Serine/threonine-protein kinase 4;Tyrosine-protein kinase ABL1;Non-receptor tyrosine-protein kinase TNK1;Activin receptor type-1;Tyrosine-protein kinase ABL2;Mast/stem cell growth factor receptor Kit;Aurora kinase B;Tyrosine-protein kinase FRK;Serine/threonine-protein kinase Aurora",False,280,4.5384922778316765,0.6901884788271827,90.27210884353741,87.75510204081633,10.884353741496598
EOS101531,TAK-715,inhibitor,ALK tyrosine kinase receptor;Vascular endothelial growth factor receptor 2;Protein-tyrosine kinase 6;Casein kinase I isoform alpha;Mitogen-activated protein kinase kinase kinase 20;Casein kinase I isoform gamma-2;Serine/threonine-protein kinase D2;Receptor tyrosine-protein kinase erbB-4;Vascular endothelial growth factor receptor 3;STE20-like serine/threonine-protein kinase;Misshapen-like kinase 1;Mitogen-activated protein kinase kinase kinase kinase 4;Inhibitor of nuclear factor kappa-B kinase subunit beta;Mitogen-activated protein kinase 9;Mitogen-activated protein kinase 11;Tyrosine-protein kinase FRK;Mitogen-activated protein kinase 8;Mitogen-activated protein kinase kinase kinase kinase 5;Epidermal growth factor receptor;Casein kinase I isoform delta;Casein kinase I isoform gamma-3;Mitogen-activated protein kinase 14;Casein kinase I isoform gamma-1;Serine/threonine-protein kinase D3;MAP kinase p38,False,107,2.2597675338455714,0.7774656592132662,37.142857142857146,34.69387755102041,24.217687074829932
EOS101528,RITONAVIR,inhibitor;activator,ATP-dependent translocase ABCB1;Cytochrome P450 3A4;Kappa-type opioid receptor;Multidrug and toxin extrusion protein 1;Vasopressin V1a receptor;Solute carrier organic anion transporter family member 1B3;Solute carrier organic anion transporter family member 1B1;Multidrug and toxin extrusion protein 2;Mu-type opioid receptor;Broad substrate specificity ATP-binding cassette transporter ABCG2;Solute carrier family 22 member 1;Substance-K receptor;Solute carrier family 22 member 2;Solute carrier organic anion transporter family member 2B1;Nuclear receptor subfamily 1 group I member 2;ATP-binding cassette sub-family C member 3;ATP-binding cassette sub-family C member 4;Thromboxane-A synthase;Nuclear receptor ROR-gamma;Pol polyprotein;Cytochrome P450 2B6;Cruzipain;Ferritin light chain;Protease;Menin/Histone-lysine N-methyltransferase MLL;Cytochrome P450 2D6;Cytochrome P450 3A5;Neuropeptide S receptor;Retinal dehydrogenase 1;Bile salt export pump;UDP-glucuronosyltransferase 1A1;Microtubule-associated protein tau;Mitogen-activated protein kinase 1;Cytochrome P450 2C19;Cytochrome P450 2C9;Cytochrome P450 3A,False,76,1.94797061690828,1.1441942004069305,24.5578231292517,21.08843537414966,65.17006802721087
EOS101526,SIMVASTATIN,inhibitor;competitive inhibitor;negative allosteric modulator;inhibitor,3-hydroxy-3-methylglutaryl-coenzyme A reductase;Acetylcholinesterase;Cholinesterase;Bile salt export pump;Ferritin light chain;Beta-lactamase;Cytochrome P450 2C8;ATP-dependent translocase ABCB1;Solute carrier organic anion transporter family member 1B1;ATP-binding cassette sub-family C member 2;Integrin alpha-L;Histone deacetylase 2,False,43,1.6656312421021235,0.7796758377273628,2.6530612244897958,5.442176870748299,24.761904761904763
EOS101668,UNC1999,inhibitor,Histone-lysine N-methyltransferase EZH2;Histone-lysine N-methyltransferase EZH1,False,314,5.898779964123543,0.922031801730898,96.4625850340136,97.14285714285714,44.89795918367347
EOS101661,COLCHICINE,inhibitor;antagonist;inhibitor;binding agent,Tubulin;Serine/threonine-protein kinase pim-1;Glycine receptor subunit alpha-2;Solute carrier family 22 member 3;Tubulin beta-5 chain;Neuropeptide S receptor;Cytochrome P450 2C19;Tubulin polymerization-promoting protein;Cytochrome P450 1A2;Cytochrome P450 3A4;Caspase-1;Beta-lactamase;Tubulin beta-2B chain;Bromodomain-containing protein 4;CREB-binding protein;Cytochrome P450 2C9;Cytochrome P450 2D6;Lethal factor;Geminin;Muscarinic acetylcholine receptor M1;Thyrotropin receptor;Tubulin alpha-1A chain;Cellular tumor antigen p53;Thrombopoietin;Ferritin light chain;Prelamin-A/C;Glycine receptor subunit alpha-1,False,322,5.358928058051647,0.955913960220597,97.34693877551021,93.74149659863946,47.89115646258503
EOS101651,PAROXETINE,inhibitor;binding agent;agonist;other;antagonist,Transporter;Sodium-dependent serotonin transporter;Voltage-gated L-type calcium channel;Nuclear receptor ROR-gamma;Serine/threonine-protein kinase mTOR;Muscarinic acetylcholine receptor M3;Sigma non-opioid intracellular receptor 1;Muscarinic acetylcholine receptor M2;Muscarinic acetylcholine receptor M4;Potassium voltage-gated channel subfamily H member 2;ATP-dependent translocase ABCB1;Substance-P receptor;Thrombopoietin;Muscarinic acetylcholine receptor M5;5-hydroxytryptamine receptor 2A;Adrenergic receptor beta;D(2) dopamine receptor;Histamine H1 receptor;Muscarinic acetylcholine receptor;5-hydroxytryptamine receptor 2B;Bile salt export pump;Menin/Histone-lysine N-methyltransferase MLL;Sodium-dependent noradrenaline transporter;Cytochrome P450 2D6;Sodium-dependent dopamine transporter;Beta-adrenergic receptor kinase 1;Adrenergic receptor alpha-2;5-hydroxytryptamine receptor 1A;Quinolone resistance protein NorA;P2X purinoceptor 4;Adrenergic receptor alpha-1;Myeloperoxidase;Cytochrome P450 3A4;Peripheral myelin protein 22;Muscarinic acetylcholine receptor M1;Cellular tumor antigen p53;Prelamin-A/C;Mitogen-activated protein kinase 1;Nuclear factor NF-kappa-B p105 subunit;Cytochrome P450 1A2;D(1) dopamine receptor,False,190,3.1554787671544915,1.645700480389077,64.14965986394557,61.904761904761905,86.93877551020408
EOS101644,SEMAXANIB,inhibitor,Vascular endothelial growth factor receptor 1;Vascular endothelial growth factor receptor 2;Proto-oncogene tyrosine-protein kinase receptor Ret;Tyrosine-protein kinase ZAP-70;Serine/threonine-protein kinase mTOR;Platelet-derived growth factor receptor;Platelet-derived growth factor receptor alpha;Prelamin-A/C;Ubiquitin carboxyl-terminal hydrolase 2;ATP-dependent DNA helicase Q1;4'-phosphopantetheinyl transferase ffp;Histone-lysine N-methyltransferase 2A;Mitogen-activated protein kinase 1;Proto-oncogene tyrosine-protein kinase Src;NPC intracellular cholesterol transporter 1;Cruzipain;Tyrosine-protein kinase ABL1;Macrophage colony-stimulating factor 1 receptor;Mast/stem cell growth factor receptor Kit;Fibroblast growth factor receptor 1;Neuropeptide S receptor;Peripheral myelin protein 22;Bloom syndrome protein;Menin/Histone-lysine N-methyltransferase MLL;Receptor-type tyrosine-protein kinase FLT3;Vascular endothelial growth factor receptor 3;Fibroblast growth factor receptor;Geminin;Microtubule-associated protein tau;ALK tyrosine kinase receptor;Platelet-derived growth factor receptor beta;Vascular endothelial growth factor receptor,False,112,2.1794475265282753,0.9268836830147923,39.86394557823129,31.428571428571427,45.034013605442176
EOS101636,VER-50589,,Heat shock protein HSP 90-alpha;Heat shock protein HSP90;Heat shock protein HSP 90-beta,False,230,3.7383982239418416,1.1329732100785324,79.31972789115646,75.78231292517007,63.53741496598639
EOS101630,BENZO[A]PYRENE,,Aryl hydrocarbon receptor;Cytochrome P450 1A2;Amine oxidase [flavin-containing] A;Tyrosine-protein kinase Fyn;Receptor tyrosine-protein kinase erbB-2;Acetylcholinesterase,True,217,3.7427912549492652,2.5060763400555395,74.08163265306122,76.05442176870748,97.55102040816327
EOS101621,GSK-690693,inhibitor,"Serine/threonine-protein kinase TAO3;Serine/threonine-protein kinase ULK2;Serine/threonine-protein kinase LATS1;Protein kinase C iota type;Glycogen synthase kinase-3 beta;5'-AMP-activated protein kinase catalytic subunit alpha-2;Serine/threonine-protein kinase PAK 1;Proto-oncogene tyrosine-protein kinase receptor Ret;Calcium/calmodulin-dependent protein kinase type 1D;Serine/threonine-protein kinase TAO2;Serine/threonine-protein kinase LATS2;Serine/threonine-protein kinase D3;Death-associated protein kinase 1;Interferon-induced, double-stranded RNA-activated protein kinase;Platelet-derived growth factor receptor beta;Ferrochelatase, mitochondrial;Mitogen-activated protein kinase kinase kinase 3;MAP/microtubule affinity-regulating kinase 3;Serine/threonine-protein kinase Chk2;Death-associated protein kinase 3;Rho-associated protein kinase 2;Serine/threonine-protein kinase MRCK beta;Serine/threonine-protein kinase 26;Serine/threonine-protein kinase PAK 2;PAS domain-containing serine/threonine-protein kinase;dCTP pyrophosphatase 1;Serine/threonine-protein kinase Nek7;Serine/threonine-protein kinase DCLK3;Homeodomain-interacting protein kinase 2;Serine/threonine-protein kinase NLK;Serine/threonine-protein kinase Sgk3;cGMP-dependent protein kinase 2;Serine/threonine-protein kinase pim-1;Mitogen-activated protein kinase kinase kinase 2;Protein kinase C alpha type;Homeodomain-interacting protein kinase 1;Ribosomal protein S6 kinase alpha-1;Phosphatidylinositol 4-phosphate 5-kinase type-1 gamma;Serine/threonine-protein kinase pim-2;NUAK family SNF1-like kinase 2;Serine/threonine-protein kinase SIK2;NUAK family SNF1-like kinase 1;cAMP-dependent protein kinase type II-alpha regulatory subunit;Rhodopsin kinase GRK7;Mitogen-activated protein kinase 15;Protein kinase C theta type;Serine/threonine-protein kinase PAK 6;Serine/threonine-protein kinase PAK 5;cGMP-dependent protein kinase 1;Serine/threonine-protein kinase TAO1;Serine/threonine-protein kinase MARK2;Maternal embryonic leucine zipper kinase;Homeodomain-interacting protein kinase 3;Protein kinase C beta type;RAC-beta serine/threonine-protein kinase;Calcium/calmodulin-dependent protein kinase type IV;Serine/threonine-protein kinase 36;Glycogen synthase kinase-3 alpha;Citron Rho-interacting kinase;Serine/threonine-protein kinase N2;Dual specificity protein kinase CLK2;cAMP-dependent protein kinase catalytic subunit alpha;Serine/threonine-protein kinase ULK1;Mitogen-activated protein kinase kinase kinase 19;Ribosomal protein S6 kinase alpha-5;Ribosomal protein S6 kinase alpha-4;5'-AMP-activated protein kinase subunit gamma-2;Structural maintenance of chromosomes protein 2;Serine/threonine-protein kinase pim-3;Serine/threonine-protein kinase PAK 4;cAMP-dependent protein kinase catalytic subunit PRKX;Protein kinase C eta type;Protein kinase C delta type;RAC-alpha serine/threonine-protein kinase;Serine/threonine-protein kinase DCLK1;Rhodopsin kinase GRK1;Serine/threonine-protein kinase D1;Serine/threonine-protein kinase N1;Ephrin type-A receptor 5;Serine/threonine-protein kinase PknB;Mast/stem cell growth factor receptor Kit;Rho-associated protein kinase 1;Protein kinase C epsilon type;RAC-gamma serine/threonine-protein kinase;cAMP-dependent protein kinase catalytic subunit beta;Protein kinase C (PKC)",False,232,3.9123522822080923,0.8465770182459803,80.0,78.63945578231292,34.285714285714285
EOS101619,TALAZOPARIB,inhibitor,"Poly [ADP-ribose] polymerase 1;Poly [ADP-ribose] polymerase 2;PARP 1, 2 and 3",False,194,3.4416799904902295,1.9840533226121524,65.64625850340136,68.43537414965986,92.51700680272108
EOS101612,PODOFILOX,inhibitor,Tubulin;Regulatory protein E2;Hypoxia-inducible factor 1-alpha;Tubulin alpha-1A chain;Cytochrome P450 3A4;Tubulin beta-2B chain;Prelamin-A/C;Lethal factor;Glucocorticoid receptor;Cytochrome P450 2C9;Cytochrome P450 2C19;Nuclear receptor subfamily 0 group B member 1;DNA topoisomerase 2-alpha;Tubulin alpha-4A chain;Tubulin beta-5 chain,False,325,5.745770065314137,0.8146244270516947,97.95918367346938,96.3265306122449,29.931972789115648
EOS101604,GDC-0879,inhibitor,Serine/threonine-protein kinase B-raf;RAF proto-oncogene serine/threonine-protein kinase;Dual specificity mitogen-activated protein kinase kinase 5;Serine/threonine-protein kinase RIO2;Activin receptor type-1B;Citron Rho-interacting kinase;Mitogen-activated protein kinase 10;TRAF2 and NCK-interacting protein kinase;Casein kinase I isoform epsilon;Tyrosine-protein kinase ABL1;Tyrosine-protein kinase JAK1;STE20-like serine/threonine-protein kinase;Mitogen-activated protein kinase kinase kinase kinase 4;Serine/threonine-protein kinase 10;Receptor tyrosine-protein kinase erbB-3;Misshapen-like kinase 1;Bone morphogenetic protein receptor type-1B;Casein kinase I isoform delta;Mitogen-activated protein kinase kinase kinase 19;Receptor-interacting serine/threonine-protein kinase 2;TGF-beta receptor type-1;Mitogen-activated protein kinase; ERK1/ERK2,False,73,2.1901776602433403,1.3363186893929628,22.993197278911566,31.83673469387755,77.68707482993197
EOS101602,CAPIVASERTIB,inhibitor,Mitogen-activated protein kinase kinase kinase 11;Fibroblast growth factor receptor 1;Protein kinase C delta type;5'-AMP-activated protein kinase subunit gamma-1;Serine/threonine-protein kinase N1;Proto-oncogene tyrosine-protein kinase receptor Ret;Serine/threonine-protein kinase D2;5'-AMP-activated protein kinase subunit gamma-2;cAMP-dependent protein kinase catalytic subunit alpha;LIM domain kinase 1;5'-AMP-activated protein kinase catalytic subunit alpha-1;Dual specificity protein kinase CLK4;cGMP-dependent protein kinase 1;Serine/threonine-protein kinase D3;cAMP-dependent protein kinase catalytic subunit beta;Protein kinase C alpha type;Mitogen-activated protein kinase kinase kinase kinase 3;LIM domain kinase 2;Rho-associated protein kinase 2;Beta-adrenergic receptor kinase 1;RAC-beta serine/threonine-protein kinase;Serine/threonine-protein kinase LATS1;Dual specificity protein kinase CLK1;RAC-gamma serine/threonine-protein kinase;RAC-alpha serine/threonine-protein kinase;Protein kinase C theta type;Rho-associated protein kinase 1;Protein kinase C beta type;Serine/threonine-protein kinase AKT,False,87,2.170093206749655,1.2829538937758158,29.863945578231295,30.74829931972789,75.37414965986395
EOS101599,VEMURAFENIB,inhibitor,"Serine/threonine-protein kinase B-raf;Ferrochelatase, mitochondrial;RAF proto-oncogene serine/threonine-protein kinase;Dual specificity mitogen-activated protein kinase kinase; MEK1/2;Vascular endothelial growth factor receptor 2;Serine/threonine-protein kinase A-Raf;Aspartyl/asparaginyl beta-hydroxylase;Receptor-interacting serine/threonine-protein kinase 2;Receptor-interacting serine/threonine-protein kinase 3;TGF-beta receptor type-2;Mitogen-activated protein kinase kinase kinase 20;Mitogen-activated protein kinase kinase kinase kinase 5;Protein-tyrosine kinase 6;Dual specificity mitogen-activated protein kinase kinase 5;B-raf/RAF proto-oncogene serine/threonine-protein kinase;GTPase KRas",False,182,2.89492163204149,0.8639052660803326,60.952380952380956,54.82993197278911,36.19047619047619
EOS101759,APREPITANT,antagonist,Substance-P receptor;Cytochrome P450 3A4;Neuromedin-K receptor,False,64,1.811350090906717,0.7706191866551472,19.319727891156464,14.69387755102041,23.401360544217688
EOS101752,DIGOXIN,inhibitor,Sodium/potassium-transporting ATPase;Cruzipain;Lethal factor;Nuclear receptor ROR-gamma;Sodium/potassium-transporting ATPase subunit alpha-1;ATP-dependent DNA helicase Q1;Cellular tumor antigen p53;N+/K+ ATPase alpha-4/beta-1;Prelamin-A/C;Alpha-galactosidase A;Sodium/potassium-transporting ATPase subunit alpha-2/alpha-3;Signal transducer and activator of transcription 3;Paired box protein Pax-8;Solute carrier organic anion transporter family member 1B1;Solute carrier organic anion transporter family member 1B3;Solute carrier organic anion transporter family member 1A4,False,290,7.263192950935148,1.1803427605196992,92.51700680272108,99.04761904761905,68.57142857142857
EOS101738,CUDC-101,inhibitor,"Serine/threonine-protein kinase 10;Histone deacetylase 7;Proto-oncogene tyrosine-protein kinase receptor Ret;Histone deacetylase 3;Histone deacetylase 8;Mitotic checkpoint serine/threonine-protein kinase BUB1;Histone deacetylase;Histone deacetylase 2;Ferrochelatase, mitochondrial;Histone deacetylase 5;Fibroblast growth factor receptor 2;Histone deacetylase 4;Mitogen-activated protein kinase kinase kinase 1;Histone deacetylase 6;Tyrosine-protein kinase Lyn;Cyclin-G-associated kinase;Proto-oncogene tyrosine-protein kinase Src;Receptor-type tyrosine-protein kinase FLT3;Proto-oncogene tyrosine-protein kinase LCK;Vascular endothelial growth factor receptor 2;Polyamine deacetylase HDAC10;Receptor-interacting serine/threonine-protein kinase 2;Nucleoside diphosphate kinase B;Tyrosine-protein kinase ABL1;Receptor tyrosine-protein kinase erbB-2;Histone deacetylase 1;Epidermal growth factor receptor;Histone deacetylase 9;Adenylate kinase 2, mitochondrial",False,200,3.455865326349694,1.03408752207777,67.75510204081633,68.9795918367347,55.91836734693878
EOS101707,TWS119,inhibitor,"Myc proto-oncogene protein/Transcription factor AP-1;Glycogen synthase kinase-3 beta;Interferon-induced, double-stranded RNA-activated protein kinase",False,44,1.6698493172313866,0.6469812769142672,3.4693877551020407,5.714285714285714,6.530612244897959
EOS101699,FLUOROURACIL,other,Thrombopoietin;Prelamin-A/C;Huntingtin;Hemoglobin subunit beta;Endonuclease 4;Retinal dehydrogenase 1;Microtubule-associated protein tau;Thyrotropin receptor;Uracil phosphoribosyltransferase;Peripheral myelin protein 22;Thymidylate synthase;Serine/threonine-protein kinase mTOR,False,228,3.634139585138344,0.7788910622003457,78.36734693877551,73.33333333333333,24.489795918367346
EOS101692,PF-4800567,inhibitor,Casein kinase I isoform epsilon;Casein kinase I isoform delta,False,67,1.9759479932546529,1.4188304964928895,20.884353741496597,22.721088435374153,81.08843537414965
EOS101683,BIOTIN,cofactor;substrate,"Insulin-degrading enzyme;Propionyl-CoA carboxylase beta chain, mitochondrial;Biotin--protein ligase;Methylcrotonoyl-CoA carboxylase beta chain, mitochondrial;Acetyl-CoA carboxylase 2;Methylcrotonoyl-CoA carboxylase subunit alpha, mitochondrial;Pyruvate carboxylase, mitochondrial;Propionyl-CoA carboxylase alpha chain, mitochondrial;Acetyl-CoA carboxylase 1",False,50,1.6954367383225029,2.099155222339046,9.387755102040817,7.07482993197279,94.01360544217687
EOS101680,PRINABEREL,agonist,Estrogen receptor beta;Estrogen receptor,False,37,1.5113433051066736,1.226974844614371,0.4761904761904762,0.40816326530612246,70.8843537414966
EOS101673,AZ 20,inhibitor,"Potassium voltage-gated channel subfamily H member 2;Serine/threonine-protein kinase mTOR;Serine/threonine-protein kinase ATR;Phosphatidylinositol 4,5-bisphosphate 3-kinase catalytic subunit alpha isoform",False,298,4.685349804285446,1.1038596193484778,94.89795918367348,89.1156462585034,62.44897959183674
EOS101930,PD086264,,Poly [ADP-ribose] polymerase tankyrase-1;Poly [ADP-ribose] polymerase 1;Poly [ADP-ribose] polymerase tankyrase-2;Neuraminidase;Casein kinase II;Poly [ADP-ribose] polymerase 2,False,32,1.6170800294475032,0.947990910966281,0.20408163265306123,2.7210884353741496,47.21088435374149
EOS101926,ML115 ANALOG,,Signal transducer and activator of transcription 3,False,112,2.3224945632045757,0.7869888852859681,39.86394557823129,37.55102040816327,26.122448979591837
EOS101924,PD061433,,Inosine-5'-monophosphate dehydrogenase,False,201,3.102761677590468,0.7972003168064192,68.16326530612244,61.08843537414966,27.61904761904762
EOS101921,PYRITHIONE,activator,FAD-linked sulfhydryl oxidase ALR;Cruzipain;Lysyl oxidase homolog 4;Protein-lysine 6-oxidase;Lysyl oxidase homolog 2;15-hydroxyprostaglandin dehydrogenase [NAD(+)];Polyunsaturated fatty acid lipoxygenase ALOX12;Retinal dehydrogenase 1;Cellular tumor antigen p53;Lethal factor;Prelamin-A/C;Potassium voltage-gated channel subfamily KQT member 5;Polyunsaturated fatty acid lipoxygenase ALOX15;4'-phosphopantetheinyl transferase ffp;3-hydroxyacyl-CoA dehydrogenase type-2;Beta-lactamase;Thyrotropin receptor;Tyrosyl-DNA phosphodiesterase 1;Huntingtin;Potassium voltage-gated channel subfamily KQT member 1;Potassium voltage-gated channel subfamily KQT member 4;Mitogen-activated protein kinase 1;Histone-lysine N-methyltransferase 2A;Nuclear receptor ROR-gamma;Hypoxia-inducible factor 1-alpha;Potassium voltage-gated channel subfamily KQT member 2;Heat shock protein HSP 90-alpha;Replicase polyprotein 1ab;Lysyl oxidase homolog 3,False,238,3.7117844838343785,1.0216795989879741,81.56462585034014,74.96598639455783,54.5578231292517
EOS101918,A425619,blocker,Transient receptor potential cation channel subfamily V member 1,False,99,2.1587874819400947,1.0246896084258506,33.53741496598639,30.20408163265306,55.10204081632652
EOS101903,PD081715,,Bifunctional dihydrofolate reductase-thymidylate synthase;Dihydrofolate reductase,False,172,2.855411955745497,0.7676901046857818,57.68707482993197,54.14965986394557,22.721088435374153
EOS101902,WAY-636045,,"Putative fructose-1,6-bisphosphate aldolase;DNA dC->dU-editing enzyme APOBEC-3G;4'-phosphopantetheinyl transferase ffp;Glucose-6-phosphate dehydrogenase-6-phosphogluconolactonase;Microtubule-associated protein tau;Ferritin light chain;Polyunsaturated fatty acid lipoxygenase ALOX12;Beta-lactamase;15-hydroxyprostaglandin dehydrogenase [NAD(+)];Glucose-6-phosphate 1-dehydrogenase;Class A sortase SrtA;Nuclear receptor ROR-gamma;Retinal dehydrogenase 1;Neuropeptide S receptor;Pyruvate kinase PKM;Streptokinase A",False,50,1.6775962798711404,0.6647355653437078,9.387755102040817,6.258503401360545,8.435374149659863
EOS101900,PD086036,,"Lysine-specific demethylase 4E;Non-structural protein 1;Mitogen-activated protein kinase 1;Bloom syndrome protein;Menin/Histone-lysine N-methyltransferase MLL;Induced myeloid leukemia cell differentiation protein Mcl-1 homolog;ATP-dependent DNA helicase Q1;DNA polymerase beta;Genome polyprotein;15-hydroxyprostaglandin dehydrogenase [NAD(+)];Ubiquitin carboxyl-terminal hydrolase 2;Cruzipain;Runt-related transcription factor 1/Core-binding factor subunit beta;Lethal(3)malignant brain tumor-like protein 1;Microtubule-associated protein tau;Lysosomal alpha-glucosidase;Putative fructose-1,6-bisphosphate aldolase;Mannose-6-phosphate isomerase;Polyunsaturated fatty acid lipoxygenase ALOX12;Retinal dehydrogenase 1;ATP-dependent molecular chaperone HSP82",False,85,2.0910026804972457,0.5447486413194523,29.04761904761905,27.346938775510203,0.6802721088435374
EOS101883,BRIGATINIB,inhibitor;inhibitor;binding agent,Insulin-like growth factor 1 receptor;Proto-oncogene tyrosine-protein kinase ROS;Epidermal growth factor receptor;ALK tyrosine kinase receptor;Insulin receptor;Receptor-type tyrosine-protein kinase FLT3;EML4-ALK ;Tyrosine-protein kinase ABL1;Hepatocyte growth factor receptor;Receptor tyrosine-protein kinase erbB-4;Receptor tyrosine-protein kinase erbB-2,False,242,3.5025024733173553,1.0205426874518617,83.33333333333334,70.06802721088435,54.14965986394557
EOS101871,TCN 201,allosteric modulator,"Glutamate receptor ionotropic, NMDA 2A;Glutamate NMDA receptor; GRIN1/GRIN2B;Glutamate NMDA receptor; GRIN1/GRIN2A;Glutamate receptor ionotropic, NMDA 2B",False,46,1.6446535347850835,1.0109180011652967,5.442176870748299,4.489795918367347,54.01360544217687
EOS101867,MGBG,,,False,43,1.7318296032091391,0.5782536020904939,2.6530612244897958,9.115646258503402,1.7687074829931975
EOS101866,BIRZ0518XX,inhibitor,Protein kinase C theta type;Protein kinase C epsilon type;Protein kinase C delta type,False,57,1.9664226225395731,0.7499080075442612,15.578231292517005,22.585034013605444,19.727891156462583
EOS101856,PD086290,,"Pyruvate kinase;Nuclear receptor ROR-gamma;Ferritin light chain;Retinal dehydrogenase 1;Glucose-6-phosphate 1-dehydrogenase;DNA dC->dU-editing enzyme APOBEC-3G;Phosphotransferase;Phosphoethanolamine/phosphocholine phosphatase;Streptokinase A;Polyunsaturated fatty acid lipoxygenase ALOX12;Microtubule-associated protein tau;Neuropeptide S receptor;Heat shock protein 90, putative;Heat shock protein HSP 90-alpha;Glucose-6-phosphate dehydrogenase-6-phosphogluconolactonase;4'-phosphopantetheinyl transferase ffp;Pyruvate kinase PKM;Lysine-specific demethylase 4E;Phosphomannomutase 2;Beta-lactamase;Caspase-3;Mannose-6-phosphate isomerase;15-hydroxyprostaglandin dehydrogenase [NAD(+)];Putative fructose-1,6-bisphosphate aldolase",False,60,1.811266715783818,0.7491477806458129,17.346938775510203,14.421768707482993,19.591836734693878
EOS101794,BISINDOLYLMALEIMIDE I,,Protein kinase C alpha type;NAD-dependent protein deacetylase sirtuin-1;Thyrotropin receptor;Lethal factor;Protein kinase C iota type;Cytochrome P450 1A2;Ferritin light chain;Menin/Histone-lysine N-methyltransferase MLL;MO15-related protein kinase Pfmrk;Cyclin-dependent kinase 4/cyclin D1;Potassium voltage-gated channel subfamily H member 2;Survival motor neuron protein;Protein kinase C beta type;Protein kinase C delta type;Glycogen synthase kinase-3 beta;Protein kinase C eta type;Protein kinase C gamma type;Protein kinase C zeta type;4'-phosphopantetheinyl transferase ffp;Protein kinase C theta type;Cyclin-dependent kinase 2/cyclin E;Cytochrome P450 2C9;Cytochrome P450 3A4;Microtubule-associated protein tau;Cellular tumor antigen p53;ATP-dependent DNA helicase Q1;Mitogen-activated protein kinase 1;Protein kinase C epsilon type;Serine/threonine-protein kinase pim-1;Cyclin-dependent kinase 1/cyclin B;NAD-dependent protein deacetylase sirtuin-2;Serine/threonine-protein kinase LMTK3,False,156,3.0057402164993516,0.8856693753102172,53.46938775510204,57.278911564625844,39.183673469387756
EOS101791,XYLOMETAZOLINE,agonist;agonist;partial agonist,Cytochrome P450 3A4;5-hydroxytryptamine receptor 1A;Alpha-1B adrenergic receptor;Alpha-2B adrenergic receptor;Alpha-2A adrenergic receptor;Trace amine-associated receptor 4;Prelamin-A/C;Adrenergic receptor alpha-2;Adrenergic receptor alpha-1;Alpha-1D adrenergic receptor;Cellular tumor antigen p53;5-hydroxytryptamine receptor 1D;Thyrotropin receptor;5-hydroxytryptamine receptor 1B;Adrenergic receptor alpha;Cytochrome P450 2D6;Alpha-1A adrenergic receptor;Muscarinic acetylcholine receptor M1;Serine-protein kinase ATM;Peripheral myelin protein 22;Microtubule-associated protein tau;Ferritin light chain;Bloom syndrome protein;Alpha-2C adrenergic receptor,False,57,1.8543717444587209,1.0935098329379371,15.578231292517005,17.142857142857142,61.36054421768707
EOS101787,PF-4708671,inhibitor,Ribosomal protein S6 kinase beta-1,False,198,3.051159851369444,1.4447487842180318,67.14285714285714,58.63945578231292,81.7687074829932
EOS101781,MAPROTILINE,antagonist;binding agent;inhibitor;blocker,Peripheral myelin protein 22;Prelamin-A/C;Muscarinic acetylcholine receptor M4;D(2) dopamine receptor;Serine/threonine-protein kinase mTOR;Alpha-2B adrenergic receptor;5-hydroxytryptamine receptor 2B;5-hydroxytryptamine receptor 2C;5-hydroxytryptamine receptor 6;D(1B) dopamine receptor;Alpha-1D adrenergic receptor;Alpha-2A adrenergic receptor;Alpha-2C adrenergic receptor;Histamine H2 receptor;Muscarinic acetylcholine receptor M5;Histamine H1 receptor;Muscarinic acetylcholine receptor M2;D(1A) dopamine receptor;Sodium-dependent dopamine transporter;Muscarinic acetylcholine receptor M3;5-hydroxytryptamine receptor 2A;Voltage-dependent L-type calcium channel subunit alpha-1C;G protein-activated inward rectifier potassium channel 4;Adrenergic receptor alpha-1;5-hydroxytryptamine receptor 7;D(3) dopamine receptor;Cytochrome P450 1A2;Lethal factor;Beta-lactamase;Menin/Histone-lysine N-methyltransferase MLL;Survival motor neuron protein;Nuclear receptor ROR-gamma;Cellular tumor antigen p53;Cytochrome P450 2D6;4'-phosphopantetheinyl transferase ffp;Lysosomal alpha-glucosidase;Huntingtin;Cytochrome P450 3A4;Cytochrome P450 2C19;Mitogen-activated protein kinase 1;Inositol monophosphatase 1;G protein-activated inward rectifier potassium channel 2;Sodium-dependent noradrenaline transporter;Muscarinic acetylcholine receptor M1;Thrombopoietin;Thyrotropin receptor;Alpha-1A adrenergic receptor;Alpha-1B adrenergic receptor;Lysine-specific demethylase 4E;Glutamate NMDA receptor;Transient receptor potential cation channel subfamily M member 3;Adrenergic receptor alpha-2,False,57,1.8329780672173481,0.9189890005768134,15.578231292517005,16.19047619047619,43.945578231292515
EOS101779,FILGOTINIB,inhibitor,Mitogen-activated protein kinase 10;Non-receptor tyrosine-protein kinase TYK2;Potassium voltage-gated channel subfamily H member 2;Uncharacterized protein FLJ45252;JAK1/TYK2;JAK1/JAK2/TYK2;AarF domain-containing protein kinase 1;Macrophage colony-stimulating factor 1 receptor;AP2-associated protein kinase 1;JAK3/JAK1;STE20-like serine/threonine-protein kinase;Tyrosine-protein kinase JAK2;Jak1 protein;Tyrosine-protein kinase JAK1;Interleukin-1 receptor-associated kinase 1;BMP-2-inducible protein kinase;Vascular endothelial growth factor receptor 3;JAK2/TYK2;Calcium/calmodulin-dependent protein kinase kinase 2;Receptor-type tyrosine-protein kinase FLT3;Tyrosine-protein kinase JAK3;Serine/threonine-protein kinase 10;JAK2/JAK1,False,248,3.811846925970285,1.3896910850202246,84.5578231292517,77.68707482993197,79.31972789115646
EOS101776,LOSMAPIMOD,inhibitor,Cytochrome P450 2C9;MAP kinase-activated protein kinase 2;Serine/threonine-protein kinase 24;Mitotic checkpoint serine/threonine-protein kinase BUB1;Mitogen-activated protein kinase 14;cAMP-dependent protein kinase catalytic subunit gamma;Mitogen-activated protein kinase 11;Long-chain-fatty-acid--CoA ligase 5;Mitogen-activated protein kinase 13;Mitogen-activated protein kinase 12,True,45,1.6305385253887856,2.232372566563935,4.489795918367347,3.537414965986395,95.23809523809523
EOS101766,SAPANISERTIB,inhibitor,"Serine/threonine-protein kinase mTOR;Phosphatidylinositol 3-kinase catalytic subunit type 3;Phosphatidylinositol 4,5-bisphosphate 3-kinase catalytic subunit delta isoform;Phosphatidylinositol 4,5-bisphosphate 3-kinase catalytic subunit gamma isoform;Phosphatidylinositol 4,5-bisphosphate 3-kinase catalytic subunit alpha isoform;Phosphatidylinositol 4,5-bisphosphate 3-kinase catalytic subunit beta isoform;mTORC1;mTORC2",False,281,4.797707537547612,0.5968652028822494,90.61224489795919,89.79591836734694,3.4013605442176873
EOS101765,BOSUTINIB,inhibitor,"Ephrin type-A receptor 3;Phosphorylase b kinase gamma catalytic chain, skeletal muscle/heart isoform;Dual specificity mitogen-activated protein kinase kinase 6;Ribosomal protein S6 kinase beta-1;Mitogen-activated protein kinase kinase kinase kinase 3;Peripheral plasma membrane protein CASK;Tyrosine-protein kinase receptor Tie-1;Bcr/Abl fusion protein;Tyrosine-protein kinase Yes;Calcium/calmodulin-dependent protein kinase type 1D;Tyrosine-protein kinase Fer;Serine/threonine-protein kinase TAO3;Protein kinase C delta type;Uncharacterized protein FLJ45252;Serine/threonine-protein kinase 3;Tyrosine-protein kinase receptor TYRO3;Hormonally up-regulated neu tumor-associated kinase;Serine/threonine-protein kinase 26;Dual specificity protein kinase CLK4;Mitogen-activated protein kinase kinase kinase 19;Serine/threonine-protein kinase 33;Testis-specific serine/threonine-protein kinase 1;Mitogen-activated protein kinase kinase kinase 9;Serine/threonine-protein kinase DCLK3;Mitogen-activated protein kinase kinase kinase 3;Dual serine/threonine and tyrosine protein kinase;Serine/threonine-protein kinase 36;Mitogen-activated protein kinase kinase kinase 20;Serine/threonine-protein kinase TAO1;Dual specificity mitogen-activated protein kinase kinase 2;Serine/threonine-protein kinase TBK1;Protein kinase C theta type;Serine/threonine-protein kinase VRK2;Mitogen-activated protein kinase kinase kinase 12;Mitogen-activated protein kinase kinase kinase 2;Serine/threonine-protein kinase TAO2;Serine/threonine-protein kinase RIO1;Myosin light chain kinase, smooth muscle;Mitogen-activated protein kinase kinase kinase 11;Leucine-rich repeat serine/threonine-protein kinase 2;Serine/threonine-protein kinase PAK 2;Macrophage colony-stimulating factor 1 receptor;Tyrosine-protein kinase Fes/Fps;Tyrosine-protein kinase TXK;Phosphorylase b kinase gamma catalytic chain, liver/testis isoform;Ribosomal protein S6 kinase alpha-2;Interleukin-1 receptor-associated kinase 1;Casein kinase I isoform epsilon;Serine/threonine-protein kinase NIM1;G protein-coupled receptor kinase 4;NT-3 growth factor receptor;eIF-2-alpha kinase GCN2;Phosphatidylinositol 4-phosphate 5-kinase type-1 alpha;Serine/threonine-protein kinase Chk2;STE20-like serine/threonine-protein kinase;NUAK family SNF1-like kinase 2;Megakaryocyte-associated tyrosine-protein kinase;Rho-associated protein kinase 1;Serine/threonine-protein kinase Nek2;Serine/threonine-protein kinase PAK 1;Serine/threonine-protein kinase PAK 3;Serine/threonine-protein kinase ULK1;Serine/threonine-protein kinase PLK1;Tyrosine-protein kinase Mer;Cyclin-dependent kinase 7;Casein kinase I isoform delta;Rhodopsin kinase GRK7;Serine/threonine-protein kinase D3;Serine/threonine-protein kinase N2;STE20/SPS1-related proline-alanine-rich protein kinase;Ribosomal protein S6 kinase alpha-6;Serine/threonine-protein kinase NLK;Myosin-IIIa;Ephrin type-A receptor 8;Tyrosine-protein kinase Srms;NPM/ALK (Nucleophosmin/ALK tyrosine kinase receptor);Eukaryotic translation initiation factor 2-alpha kinase 1;SRSF protein kinase 3;Cyclin-dependent kinase 14;Serine/threonine-protein kinase 25;Dual specificity mitogen-activated protein kinase kinase 5;Mitogen-activated protein kinase kinase kinase 7;Serine/threonine-protein kinase Nek11;Tyrosine-protein kinase ZAP-70;Wee1-like protein kinase 2;Dual specificity mitogen-activated protein kinase kinase 3;Ribosomal protein S6 kinase alpha-3;Mitogen-activated protein kinase kinase kinase 13;Tyrosine-protein kinase JAK2;Ephrin type-A receptor 1;Receptor-interacting serine/threonine-protein kinase 2;Tyrosine-protein kinase JAK3;Bone morphogenetic protein receptor type-2;Cyclin-dependent kinase 15;Ephrin type-A receptor 5;Platelet-derived growth factor receptor;Tyrosine-protein kinase Fgr;Tyrosine-protein kinase ABL2;Serine/threonine-protein kinase PknB;Serine/threonine-protein kinase 35;Tyrosine-protein kinase SYK;Serine/threonine-protein kinase TNNI3K;Serine/threonine-protein kinase ULK2;Ephrin type-B receptor 6;Inhibitor of nuclear factor kappa-B kinase subunit epsilon;Receptor tyrosine-protein kinase erbB-3;Proto-oncogene tyrosine-protein kinase Src;Receptor tyrosine-protein kinase erbB-2;Tyrosine-protein kinase ABL;Tyrosine-protein kinase ABL1;Mitogen-activated protein kinase kinase kinase kinase 5;Proto-oncogene tyrosine-protein kinase LCK;Misshapen-like kinase 1;Homeodomain-interacting protein kinase 3;Mitogen-activated protein kinase kinase kinase 1;NUAK family SNF1-like kinase 1;Discoidin domain-containing receptor 2;AP2-associated protein kinase 1;TRAF2 and NCK-interacting protein kinase;Proto-oncogene tyrosine-protein kinase receptor Ret;Homeodomain-interacting protein kinase 2;Tyrosine-protein kinase BTK;Activated CDC42 kinase 1;Mitogen-activated protein kinase kinase kinase kinase 2;Protein-tyrosine kinase 2-beta;Calcium/calmodulin-dependent protein kinase type II subunit gamma;Tyrosine-protein kinase Tec;Hepatocyte growth factor receptor;Serine/threonine-protein kinase tousled-like 2;Serine/threonine-protein kinase tousled-like 1;Serine/threonine-protein kinase 32A;Mitogen-activated protein kinase 7;Cyclin-G-associated kinase;Tyrosine-protein kinase FRK;Serine/threonine-protein kinase 24;Serine/threonine-protein kinase 4;Dual specificity mitogen-activated protein kinase kinase 1;Tyrosine-protein kinase receptor UFO;Mast/stem cell growth factor receptor Kit;Ephrin type-B receptor 2;Dual specificity protein kinase CLK1;Epithelial discoidin domain-containing receptor 1;BDNF/NT-3 growth factors receptor;Calcium/calmodulin-dependent protein kinase type II subunit alpha;Homeodomain-interacting protein kinase 4;Serine/threonine-protein kinase Chk1;Membrane-associated tyrosine- and threonine-specific cdc2-inhibitory kinase;Tyrosine-protein kinase Lyn;Tyrosine-protein kinase Fyn;Serine/threonine-protein kinase SIK2;Tyrosine-protein kinase Blk;Epidermal growth factor receptor;Angiopoietin-1 receptor;Focal adhesion kinase 1;Cyclin-dependent kinase 16;Citron Rho-interacting kinase;Casein kinase I isoform alpha;Mitogen-activated protein kinase kinase kinase kinase 4;Serine/threonine-protein kinase SIK1;Ankyrin repeat and protein kinase domain-containing protein 1;Serine/threonine-protein kinase N1;Serine/threonine-protein kinase 10;5'-AMP-activated protein kinase catalytic subunit alpha-1;High affinity nerve growth factor receptor;Platelet-derived growth factor receptor alpha;Ephrin type-A receptor 6;Myosin-IIIb;Casein kinase I isoform alpha-like;Microtubule-associated serine/threonine-protein kinase 1;Homeodomain-interacting protein kinase 1;Leukocyte tyrosine kinase receptor;Breakpoint cluster region protein;Tyrosine-protein kinase HCK;Ephrin type-B receptor 4;Cytoplasmic tyrosine-protein kinase BMX;Tyrosine-protein kinase CSK;Mitogen-activated protein kinase kinase kinase 4;Calcium/calmodulin-dependent protein kinase kinase 2;Serine/threonine-protein kinase PLK2;Dual specificity mitogen-activated protein kinase kinase 7;Serine/threonine-protein kinase ULK3;Mitogen-activated protein kinase kinase kinase kinase 1;Receptor tyrosine-protein kinase erbB-4;BMP-2-inducible protein kinase;Macrophage-stimulating protein receptor;Platelet-derived growth factor receptor beta;Dual specificity mitogen-activated protein kinase kinase 4;Non-receptor tyrosine-protein kinase TYK2;Dual specificity protein kinase CLK3;Receptor-type tyrosine-protein kinase FLT3;Ephrin type-A receptor 2;Protein kinase C epsilon type;Tyrosine-protein kinase ITK/TSK;Wee1-like protein kinase;Serine/threonine-protein kinase RIO3;Dual specificity protein kinase CLK2;ALK tyrosine kinase receptor;Myotonin-protein kinase;Ephrin type-A receptor 4;Ephrin type-B receptor 1;Ephrin type-B receptor 3;Rho-associated protein kinase 2;Serine/threonine-protein kinase SIK3;Interleukin-1 receptor-associated kinase 4;Cyclin-dependent kinase 2",False,301,5.736046923103127,2.261888032289335,95.23809523809523,96.05442176870748,95.64625850340136
EOS101764,PURVALANOL A,,Cyclin-dependent kinase 1;Hypoxia-inducible factor 1-alpha;MO15-related protein kinase Pfmrk;Cytochrome P450 1A2;Mitogen-activated protein kinase 1;cAMP-dependent protein kinase (PKA);Lysine-specific demethylase 4E;Nuclear receptor ROR-gamma;Thyrotropin receptor;Cruzipain;Signal transducer and activator of transcription 6;3-hydroxyacyl-CoA dehydrogenase type-2;Serine/threonine-protein kinase PAK 4;Cyclin-dependent kinase 4/cyclin D1;Insulin receptor;Cyclin-dependent kinase 2/cyclin A;Retinal dehydrogenase 1;Cytochrome P450 2D6;Cytochrome P450 2C19;Menin/Histone-lysine N-methyltransferase MLL;Cytochrome P450 2C9;Microtubule-associated protein tau;Cyclin-dependent kinase 1/cyclin B1;Mitogen-activated protein kinase 3;Cyclin-dependent kinase 2/cyclin E;Cyclin-dependent kinase 5/CDK5 activator 1;Cyclin-dependent kinase 2;Cyclin-dependent kinase 1/cyclin B;Cytochrome P450 3A4;Proto-oncogene tyrosine-protein kinase Src;Lethal factor;Dual specificity tyrosine-phosphorylation-regulated kinase 1A,False,239,3.9399210344003506,0.672659581935908,81.9047619047619,79.45578231292517,9.251700680272108
EOS101763,H-89,inhibitor,"RAC-alpha serine/threonine-protein kinase;Ferritin light chain;Glycogen synthase kinase-3 beta;Peripheral myelin protein 22;Prelamin-A/C;Geminin;Mitogen-activated protein kinase 1;Microtubule-associated protein tau;Protein kinase C (PKC);Calcium/calmodulin-dependent protein kinase kinase 2;Casein kinase I isoform alpha;Myosin light chain kinase, smooth muscle;cAMP-dependent protein kinase catalytic subunit alpha;RAC-beta serine/threonine-protein kinase;Ribosomal protein S6 kinase beta-1;cAMP-dependent protein kinase A;Rho-associated protein kinase 2;Retinal dehydrogenase 1;Casein kinase I;RAC-gamma serine/threonine-protein kinase;cAMP-dependent protein kinase (PKA);Ribosomal protein S6 kinase alpha-5",False,196,3.302413939646581,0.7702094791927768,66.05442176870748,65.03401360544217,23.12925170068027
EOS101762,KYNURENIC ACID,agonist,"Glutamate NMDA receptor;3-hydroxyacyl-CoA dehydrogenase type-2;Lysosomal alpha-glucosidase;Neuronal acetylcholine receptor subunit alpha-7;Cytochrome P450 1A2;Muscarinic acetylcholine receptor M1;Lethal factor;Retinal dehydrogenase 1;Aryl hydrocarbon receptor;Alpha-galactosidase A;Histone-lysine N-methyltransferase 2A;Glutamate receptor ionotropic, NMDA 1;G protein-coupled receptor GPR35;15-hydroxyprostaglandin dehydrogenase [NAD(+)];Lysine-specific demethylase 4E;Menin/Histone-lysine N-methyltransferase MLL;G-protein coupled receptor 35;Mitogen-activated protein kinase 1",False,90,2.0444953526229814,1.3978609564016866,31.22448979591837,25.170068027210885,80.1360544217687
EOS101761,LOSARTAN,antagonist,Angiotensin II receptor;Type-1 angiotensin II receptor;Cruzipain;Solute carrier organic anion transporter family member 1B1;Solute carrier organic anion transporter family member 1B3;Thromboxane A2 receptor;Adrenergic receptor alpha-1;Angiotensin-converting enzyme;Cytochrome P450 3A4;Type-2 angiotensin II receptor;Phosphodiesterase 4;Type-1A angiotensin II receptor;Type-1B angiotensin II receptor;Angiotensin II receptor (AT-1) type-1;Bile salt export pump;Platelet glycoprotein VI;Phosphodiesterase 3;Cytochrome P450 2C9,False,129,2.4011422294524025,0.844071971341411,45.374149659863946,41.36054421768707,34.14965986394558
EOS102130,AMINOPTERIN,,3-hydroxyacyl-CoA dehydrogenase type-2;Retinal dehydrogenase 1;Prelamin-A/C;Lysine-specific demethylase 4E;Tyrosyl-DNA phosphodiesterase 1;Bloom syndrome protein;DNA polymerase beta;Caspase-1;Caspase-7;15-hydroxyprostaglandin dehydrogenase [NAD(+)];Mitogen-activated protein kinase 1;Menin/Histone-lysine N-methyltransferase MLL;Endonuclease 4;DNA-(apurinic or apyrimidinic site) endonuclease,False,185,3.190048335803438,1.183993915571606,62.10884353741497,62.31292517006802,68.84353741496598
EOS102047,N-[4-(BENZYLOXY)PHENYL]GLYCINAMIDE,,Leukotriene A-4 hydrolase,False,39,1.484171276485439,1.6048742648023964,0.9523809523809524,0.27210884353741494,86.39455782312925
EOS101989,INDOXYL SULFATE,,Albumin;Protein RecA;Replicative DNA helicase;Beta-lactamase;Thioredoxin glutathione reductase;Solute carrier family 22 member 6,False,133,2.5765798958592008,1.0427739304367967,46.666666666666664,47.61904761904761,56.4625850340136
EOS101987,BENZO[B]THIOPHENE-2-BORONIC ACID,,Beta-lactamase;Monoglyceride lipase;Fatty-acid amide hydrolase 1;Chymotrypsinogen A,False,45,1.548699989907694,1.2637585661944393,4.489795918367347,0.8163265306122449,74.14965986394559
EOS101947,FIPRONIL,,GABA-A receptor; anion channel;GABA-A receptor; alpha-1/beta-3/gamma-2;Nuclear receptor ROR-gamma;Gamma-aminobutyric acid receptor subunit beta-3;GABA A receptor alpha-1/beta-1/gamma-2;Gamma-aminobutyric acid receptor subunit alpha-1/ beta-1;GABA-A receptor; alpha-6/beta-3/gamma-2;Gamma-aminobutyric acid receptor subunit alpha-6/beta-3;Gamma-aminobutyric acid receptor subunit beta;GABA-A receptor alpha-1/beta-3;Prelamin-A/C;Cytochrome P450 3A4,False,79,2.137117738170085,0.7807054316556012,26.258503401360546,28.97959183673469,24.897959183673468
EOS101830,2-CHLOROADENOSINE,agonist,Adenosine receptor A1;Adenosine receptor A2a;Prelamin-A/C;Hypoxia-inducible factor 1-alpha;Mitogen-activated protein kinase 1;Adenosine receptor;Cellular tumor antigen p53;Heat shock protein HSP 90-alpha;Adenosine receptor A2b;Adenosine A2 receptor;Relaxin receptor 1;Endoplasmin;Beta-lactamase;Adenosine deaminase;Adenosine receptor A3,False,45,1.608081813266461,0.9427763016672075,4.489795918367347,2.4489795918367347,46.802721088435376
EOS101813,FASUDIL,inhibitor,"Maternal embryonic leucine zipper kinase;Survival motor neuron protein;Protein kinase C epsilon type;RAC-gamma serine/threonine-protein kinase;Serine/threonine-protein kinase Sgk2;Myosin light chain kinase, smooth muscle;Ribosomal protein S6 kinase beta-1;cAMP-dependent protein kinase catalytic subunit alpha;cAMP-dependent protein kinase catalytic subunit PRKX;Cyclin-dependent kinase 8;Cyclin-dependent kinase 13;Rho-associated protein kinase;Ribosyldihydronicotinamide dehydrogenase [quinone];Cytochrome P450 2D6;Serine/threonine-protein kinase N1;Aurora kinase B;RAC-alpha serine/threonine-protein kinase;Serine/threonine-protein kinase N3;Dual specificity protein kinase CLK1;Lethal factor;Huntingtin;C-C chemokine receptor type 2;Ribosomal protein S6 kinase alpha-5;Death-associated protein kinase 3;Citron Rho-interacting kinase;Menin/Histone-lysine N-methyltransferase MLL;Cyclin-dependent kinase 12;Cytochrome P450 3A4;Potassium voltage-gated channel subfamily H member 2;Protein kinase C theta type;Mitogen-activated protein kinase kinase kinase kinase 4;Protein kinase C delta type;Protein kinase C gamma type;Cyclin-dependent kinase 9;Dual specificity protein kinase CLK4;Serine/threonine-protein kinase LATS1;Serine/threonine-protein kinase N2;Serine/threonine-protein kinase D2;Leucine-rich repeat serine/threonine-protein kinase 2;Cyclin-dependent-like kinase 5;Rho-associated protein kinase 2;Rho-associated protein kinase 1;cAMP-dependent protein kinase (PKA);Serine/threonine-protein kinase Chk2;Ribosomal protein S6 kinase alpha-3;Serine/threonine-protein kinase D3;Cyclin-dependent kinase 7;BMP-2-inducible protein kinase;C-C motif chemokine 2",False,100,2.278173799818161,0.7303652915801763,34.08163265306122,35.78231292517007,17.006802721088434
EOS101810,JQ1,inhibitor,Bromodomain-containing protein 2;Bromodomain-containing protein 3;Histone deacetylase;Bromodomain-containing protein 4;Bromodomain testis-specific protein;CREB-binding protein,False,118,2.3817691250936965,0.6853440838906757,42.925170068027214,40.40816326530612,10.340136054421768
EOS101804,CYCLOHEXIMIDE,,"Cytochrome P450 3A4;Peptidyl-prolyl cis-trans isomerase FKBP1A;Cellular tumor antigen p53;Nuclear receptor ROR-gamma;Peptidyl-prolyl cis-trans isomerase FKBP4;Lethal factor;Retinal dehydrogenase 1;Peptidyl-prolyl cis-trans isomerase FKBP14;Solute carrier family 2, facilitated glucose transporter member 1;60S ribosomal protein L19-A;Hexose transporter 1;Glucose transporter;Eukaryotic initiation factor 4A-I;COUP transcription factor 2;Hypoxia inducible factors; HIF-1-alpha, HIF-2-alpha",False,277,4.463683861493271,0.6729984525006303,89.59183673469387,86.66666666666667,9.387755102040817
EOS101802,VORAPAXAR,antagonist,Proteinase-activated receptor 1,False,83,2.085817043366482,1.1907112449974189,28.29931972789116,27.074829931972786,69.25170068027211
EOS101801,OMIPALISIB,inhibitor,"Phosphatidylinositol 4,5-bisphosphate 3-kinase catalytic subunit alpha isoform;Serine/threonine-protein kinase mTOR;Phosphatidylinositol 4,5-bisphosphate 3-kinase catalytic subunit gamma isoform;Phosphatidylinositol 4,5-bisphosphate 3-kinase catalytic subunit beta isoform;Phosphatidylinositol 5-phosphate 4-kinase type-2 gamma;mTORC1;Phosphatidylinositol 4,5-bisphosphate 3-kinase catalytic subunit delta isoform;PI3-kinase p110-alpha/p85-alpha;Interleukin-1 receptor-associated kinase 3",False,298,5.381701428083557,1.9250826140893451,94.89795918367348,94.14965986394557,91.70068027210885
EOS101855,ML351,inhibitor,Caspase-7;Polyunsaturated fatty acid lipoxygenase ALOX15;Menin/Histone-lysine N-methyltransferase MLL;Lethal factor;3-hydroxyacyl-CoA dehydrogenase type-2;15-hydroxyprostaglandin dehydrogenase [NAD(+)];Lysosomal alpha-glucosidase;DNA polymerase beta;Thyrotropin receptor;Caspase-1;Alpha-galactosidase A;Polyunsaturated fatty acid lipoxygenase ALOX12;Lysine-specific demethylase 4E;Retinal dehydrogenase 1;Orexin receptor type 1,True,66,1.8813058231485607,2.4263411027183674,20.272108843537413,18.367346938775512,97.41496598639455
EOS101849,4-IMIDAZOLEMETHANOL HYDROCHLORIDE,,Pyruvate kinase PKM;ATP-dependent DNA helicase Q1;Lysine-specific demethylase 4E;DNA polymerase beta;Peripheral myelin protein 22;Neuropeptide S receptor,False,63,1.8344999257671954,1.1912881305096519,18.843537414965986,16.3265306122449,69.38775510204081
EOS101833,IOX4,,Egl nine homolog 1;Hypoxia-inducible factor 1-alpha inhibitor;Prolyl hydroxylase EGLN2;Prolyl 3-hydroxylase OGFOD1;Prolyl 4-hydroxylase,False,122,2.4455044844593425,0.7753655118268019,44.285714285714285,43.53741496598639,23.6734693877551
EOS101806,DEFACTINIB,inhibitor,Serine/threonine-protein kinase 3;Serine/threonine-protein kinase TAO3;Proto-oncogene tyrosine-protein kinase receptor Ret;Cyclin-dependent kinase 1;Cyclin-dependent kinase 12;Cyclin-dependent kinase 7;Serine/threonine-protein kinase 4;Cyclin-dependent-like kinase 5;NUAK family SNF1-like kinase 2;Protein-tyrosine kinase 2-beta;Casein kinase II subunit alpha';Mitogen-activated protein kinase kinase kinase kinase 1;Maternal embryonic leucine zipper kinase;Vascular endothelial growth factor receptor 1;Tyrosine-protein kinase Lyn;Adenosine receptor A2a;Non-receptor tyrosine-protein kinase TNK1;Serine/threonine-protein kinase 16;STE20-like serine/threonine-protein kinase;Serine/threonine-protein kinase LATS1;MAP/microtubule affinity-regulating kinase 3;Cyclin-dependent kinase 13;Glycogen synthase kinase-3 beta;Aurora kinase A;Cyclin-dependent kinase 2;Tyrosine-protein kinase Fer;Glycogen synthase kinase-3 alpha;Serine/threonine-protein kinase MARK2;Serine/threonine-protein kinase PAK 4;Mitogen-activated protein kinase kinase kinase 11;High affinity nerve growth factor receptor;Serine/threonine-protein kinase TAO1;Wee1-like protein kinase;Focal adhesion kinase 1;Aurora kinase B;Cyclin-dependent kinase 9;Cyclin-dependent kinase-like 5;General transcription and DNA repair factor IIH helicase subunit XPD;Receptor-type tyrosine-protein kinase FLT3;Dual specificity tyrosine-phosphorylation-regulated kinase 1A;Adenosine receptor A3,False,276,4.409327193370475,0.9334115055447646,89.25170068027211,85.71428571428571,45.98639455782313
EOS101796,JNJ-42153605,allosteric modulator,Metabotropic glutamate receptor 2;Cytochrome P450 2C19;Cytochrome P450 2C9,False,45,1.6221500402240052,0.7257962806353764,4.489795918367347,3.1292517006802725,16.3265306122449
EOS101784,JNJ-42165279,inhibitor,Fatty-acid amide hydrolase 1,False,207,2.9404174636040024,1.0210875107495383,70.40816326530613,55.51020408163265,54.285714285714285
EOS101782,ASENAPINE,agonist;antagonist,5-hydroxytryptamine receptor 1E;Histamine H1 receptor;D(2) dopamine receptor;5-hydroxytryptamine receptor 1A;5-hydroxytryptamine receptor 2A;Adrenergic receptor alpha-1;D(4) dopamine receptor;5-hydroxytryptamine receptor 1D;5-hydroxytryptamine receptor 1B;D(3) dopamine receptor;D(1A) dopamine receptor,False,50,1.7321840199484664,0.9335369215152928,9.387755102040817,9.251700680272108,46.12244897959184
EOS101780,RAVOXERTINIB,inhibitor,Mitogen-activated protein kinase 1;Cyclin-G-associated kinase;Uncharacterized protein FLJ45252;Activin receptor type-1;AP2-associated protein kinase 1;Serine/threonine-protein kinase TAO1;Mitogen-activated protein kinase 6;Platelet-derived growth factor receptor beta;Hepatocyte growth factor receptor;Cyclin-dependent kinase 13;Calcium/calmodulin-dependent protein kinase type 1G;Beta-adrenergic receptor kinase 1;Mitogen-activated protein kinase 3;Glycogen synthase kinase-3 alpha;BMP-2-inducible protein kinase;Glycogen synthase kinase-3 beta;Mitogen-activated protein kinase; ERK1/ERK2,False,72,2.2394730676914203,1.2331464624378696,22.448979591836736,33.33333333333333,71.42857142857143
EOS102379,SPIPERONE,antagonist;inverse agonist,"Geminin;Beta-casein;Adrenergic receptor alpha-1;4'-phosphopantetheinyl transferase ffp;Mitogen-activated protein kinase 1;Cytochrome P450 3A4;Alpha-1B adrenergic receptor;D(3) dopamine receptor;Prelamin-A/C;Dopamine receptor;D(1B) dopamine receptor;Lethal factor;Peripheral myelin protein 22;Beta-lactamase;Muscarinic acetylcholine receptor M1;Cytochrome P450 1A2;Muscarinic acetylcholine receptor;HLA class I histocompatibility antigen, A alpha chain;5-hydroxytryptamine receptor 1B;Sigma non-opioid intracellular receptor 1;ATP-dependent DNA helicase Q1;Adrenergic receptor alpha-2;Sodium channel alpha subunits; brain (Types I, II, III);Serotonin 1 (5-HT1) receptor;5-hydroxytryptamine receptor 6;Serotonin 2 (5-HT2) receptor;Bloom syndrome protein;Neuropeptide S receptor;5-hydroxytryptamine receptor 1A;5-hydroxytryptamine receptor 2A;5-hydroxytryptamine receptor 2B;5-hydroxytryptamine receptor 7;Alpha-1A adrenergic receptor;Alpha-1D adrenergic receptor;5-hydroxytryptamine receptor 1D;Thyrotropin receptor;D(4) dopamine receptor;Serotonin 2 receptors; 5-HT2a & 5-HT2c;D(1A) dopamine receptor;D(2) dopamine receptor;Hypoxia-inducible factor 1-alpha;Cytochrome P450 2D6;5-hydroxytryptamine receptor 5A;5-hydroxytryptamine receptor 2C;Cytochrome P450 2C19;Vesicular acetylcholine transporter",False,316,5.625845758789542,1.0855888603609996,96.73469387755102,95.91836734693877,60.68027210884354
EOS102377,TRIM,inhibitor,"Cytochrome P450 2C19;Cytochrome P450 3A4;Cytochrome P450 2D6;Lethal factor;Cruzipain;Prelamin-A/C;Tyrosyl-DNA phosphodiesterase 1;Microtubule-associated protein tau;Nitric oxide synthase, brain;Menin/Histone-lysine N-methyltransferase MLL;Peripheral myelin protein 22;Beta-lactamase;Muscarinic acetylcholine receptor M1;Cytochrome P450 2C9;Cytochrome P450 1A2;Transient receptor potential cation channel subfamily V member 2",False,184,3.1171765019257425,0.94889106382929,61.836734693877546,61.36054421768707,47.3469387755102
EOS102329,JUGLONE,,"ATP-dependent DNA helicase Q1;Putative fructose-1,6-bisphosphate aldolase;Dual specificity protein phosphatase 1;5-lipoxygenase;Transient receptor potential cation channel subfamily A member 1;Caspase-1;Indoleamine 2,3-dioxygenase 1;Mitogen-activated protein kinase 1;Lysine-specific demethylase 4E;Nuclear receptor ROR-gamma;Caspase-7;15-hydroxyprostaglandin dehydrogenase [NAD(+)];Breast cancer type 1 susceptibility protein;Polyunsaturated fatty acid lipoxygenase ALOX15;3-hydroxyacyl-CoA dehydrogenase type-2;Retinal dehydrogenase 1;Cruzipain;Microtubule-associated protein tau;Tyrosyl-DNA phosphodiesterase 1;DNA-(apurinic or apyrimidinic site) endonuclease;Cytochrome P450 3A4;Menin/Histone-lysine N-methyltransferase MLL;Dual specificity protein phosphatase 6;Ubiquitin carboxyl-terminal hydrolase 2;Thyroid hormone receptor beta;M-phase inducer phosphatase 2;Peptidyl-prolyl cis-trans isomerase NIMA-interacting 1;Bloom syndrome protein;Cellular tumor antigen p53;Botulinum neurotoxin type A",False,39,1.6177077958211536,0.7646990855752699,0.9523809523809524,2.857142857142857,21.904761904761905
EOS102324,BIS(4-NITROPHENYL) HYDROGEN PHOSPHATE,,Cocaine esterase;Liver carboxylesterase 1,False,52,1.7437016903168154,0.9832796854758235,11.224489795918368,9.931972789115646,51.156462585034014
EOS102315,"4,4'-BIPHENYLDIBORONIC ACID",,Beta-lactamase,False,54,1.9112979826346586,1.0735741389413966,12.857142857142856,20.0,60.136054421768705
EOS102309,SULCONAZOLE,,"Ubiquitin carboxyl-terminal hydrolase 2;Cellular tumor antigen p53;Muscarinic acetylcholine receptor M4;5-hydroxytryptamine receptor 2A;D(3) dopamine receptor;Muscarinic acetylcholine receptor M1;Muscarinic acetylcholine receptor M5;5-hydroxytryptamine receptor 2B;Substance-K receptor;5-hydroxytryptamine receptor 2C;Thromboxane-A synthase;Adenosine receptor A3;Sodium-dependent dopamine transporter;Muscarinic acetylcholine receptor M3;Tyrosine-protein kinase Fyn;Sodium-dependent noradrenaline transporter;Cytochrome P450 1A2;Cytochrome P450 2D6;Sodium-dependent serotonin transporter;Alpha-2C adrenergic receptor;Cytochrome P450 2C9;Alpha-2B adrenergic receptor;Alpha-2A adrenergic receptor;Indoleamine 2,3-dioxygenase 2;Hypoxia-inducible factor 1-alpha;Heat shock protein 90, putative;Nuclear receptor ROR-gamma;Streptokinase A;Protein RecA;Mitogen-activated protein kinase 1;Cytochrome P450 3A4;Heat shock protein HSP 90-alpha;Huntingtin;DNA polymerase beta;Bile acid receptor;Replicative DNA helicase;Menin/Histone-lysine N-methyltransferase MLL;Neuropeptide S receptor;Prelamin-A/C;Microtubule-associated protein tau;Beta-lactamase;Malate dehydrogenase, cytoplasmic;Indoleamine 2,3-dioxygenase 1;Cytochrome P450 2C19",False,77,2.1787892176988146,0.8596952923118724,25.102040816326532,31.15646258503401,35.51020408163265
EOS102303,S-ETHYLISOTHIOUREA,,"Bloom syndrome protein;Tyrosyl-DNA phosphodiesterase 1;Thyrotropin receptor;Nitric oxide synthase, endothelial;Cytochrome P450 1A2;Nitric oxide synthase, inducible;Lethal factor;Nitric oxide synthase, brain;Cytochrome P450 2C19;Cytochrome P450 2D6",False,203,3.1608032057846014,1.1510699835207103,69.18367346938776,62.04081632653061,65.98639455782312
EOS102301,DISOPYRAMIDE,inhibitor;antagonist;blocker,Peripheral myelin protein 22;Bloom syndrome protein;Potassium voltage-gated channel subfamily H member 2;Thyroid hormone receptor beta;Non-structural protein 1;Solute carrier family 22 member 1;Solute carrier family 22 member 2;Multidrug and toxin extrusion protein 1;Sodium channel protein type 5 subunit alpha;Muscarinic acetylcholine receptor M1;Muscarinic acetylcholine receptor M2;Muscarinic acetylcholine receptor M3;Potassium voltage-gated channel subfamily D member 2;Potassium voltage-gated channel subfamily D member 3;Sodium channel alpha subunit,False,47,1.5879756395519251,1.305729308855446,6.394557823129252,1.9047619047619049,76.73469387755102
EOS102290,PD004451,,"cAMP and cAMP-inhibited cGMP 3',5'-cyclic phosphodiesterase 10A",False,74,1.9409148743484483,0.8182511079903769,23.333333333333332,20.816326530612244,30.476190476190478
EOS102269,PAPAVERINE,inhibitor,"Phosphodiesterase 1;Putative fructose-1,6-bisphosphate aldolase;Cytochrome P450 2D6;Thrombopoietin;Cytochrome P450 2C9;Acetylcholinesterase;cAMP-specific 3',5'-cyclic phosphodiesterase 4D;cGMP-specific 3',5'-cyclic phosphodiesterase;cGMP-dependent 3',5'-cyclic phosphodiesterase;cGMP-inhibited 3',5'-cyclic phosphodiesterase A;Nuclear factor NF-kappa-B p105 subunit;CREB-binding protein;Muscarinic acetylcholine receptor M1;Cytochrome P450 1A2;Potassium voltage-gated channel subfamily H member 2;Phosphodiesterase; PDE3 & PDE4;Polyunsaturated fatty acid lipoxygenase ALOX15;Serine hydroxymethyltransferase, mitochondrial;Polyunsaturated fatty acid lipoxygenase ALOX12;cAMP-specific 3',5'-cyclic phosphodiesterase 4A;Phosphodiesterase;3',5'-cyclic-AMP phosphodiesterase;ATP-binding cassette sub-family C member 4;4'-phosphopantetheinyl transferase ffp;Cytochrome P450 2C19;Prelamin-A/C;Thyrotropin receptor;Mitogen-activated protein kinase 1;Bloom syndrome protein;15-hydroxyprostaglandin dehydrogenase [NAD(+)];Neuropeptide S receptor;Cytochrome P450 3A4;Microtubule-associated protein tau;Endonuclease 4;Nuclear receptor ROR-gamma;Alpha-galactosidase A;Hypoxia-inducible factor 1-alpha;Retinal dehydrogenase 1;Peripheral myelin protein 22;Non-structural protein 1;Lysine-specific demethylase 4E;Replicative DNA helicase;Protein RecA;Caspase-6;cGMP-inhibited 3',5'-cyclic phosphodiesterase B;cAMP and cAMP-inhibited cGMP 3',5'-cyclic phosphodiesterase 10A;cAMP-specific 3',5'-cyclic phosphodiesterase 4B",False,157,2.634094730233424,1.0995723004637596,53.87755102040816,49.25170068027211,61.7687074829932
EOS102217,TG003,inhibitor,Dual specificity tyrosine-phosphorylation-regulated kinase 1A;Nuclear factor NF-kappa-B p105 subunit;Lethal(3)malignant brain tumor-like protein 1;Huntingtin;Dual specificity tyrosine-phosphorylation-regulated kinase 1B;Peripheral myelin protein 22;Casein kinase I isoform gamma-3;Bromodomain-containing protein 7;Thrombopoietin;Serine/threonine-protein kinase pim-3;Casein kinase I isoform epsilon;Bloom syndrome protein;Retinal dehydrogenase 1;Microtubule-associated protein tau;Mitogen-activated protein kinase kinase kinase 19;Prelamin-A/C;Dual specificity protein kinase CLK3;Cytochrome P450 3A4;15-hydroxyprostaglandin dehydrogenase [NAD(+)];Menin/Histone-lysine N-methyltransferase MLL;Casein kinase I isoform gamma-2;Casein kinase I isoform delta;Dual specificity protein kinase CLK2;Dual specificity protein kinase CLK4;Serine/threonine-protein kinase pim-1;Dual specificity protein kinase CLK1;Bromodomain-containing protein 9;Neuropeptide S receptor;3-hydroxyacyl-CoA dehydrogenase type-2,False,58,1.781040141448951,1.3000573054701097,16.462585034013603,12.51700680272109,76.32653061224491
EOS102206,NICOTINE,agonist,Neuronal acetylcholine receptor; alpha4/beta2;Cytochrome P450 2A6;Nicotinic acetylcholine receptor alpha 5 subunit;Neuronal acetylcholine receptor subunit alpha-7;Neuronal nicotinic acetylcholine receptor;Neuronal acetylcholine receptor; alpha3/beta4;Neuronal acetylcholine receptor subunit alpha-4,False,54,1.792572572859692,0.9945122954326424,12.857142857142856,13.061224489795919,52.51700680272109
EOS100085,ACHP,,Inhibitor of nuclear factor kappa-B kinase subunit beta;Inhibitor of nuclear factor kappa-B kinase subunit alpha,False,120,2.5739211727585025,0.7899579333307232,43.46938775510204,47.48299319727891,26.39455782312925
EOS100077,NSC228155,,"Microtubule-associated protein tau;Bifunctional protein GlmU;Beta-lactamase;DNA polymerase beta;Neuropeptide S receptor;Mitogen-activated protein kinase 1;Heat shock protein 90, putative;Bloom syndrome protein;ATP-dependent DNA helicase Q1;Lethal(3)malignant brain tumor-like protein 1;Pyruvate kinase;Huntingtin;Menin/Histone-lysine N-methyltransferase MLL;Protein RecA;Caspase-6;Putative fructose-1,6-bisphosphate aldolase;Nuclear receptor ROR-gamma;Replicase polyprotein 1ab;Histone-lysine N-methyltransferase NSD2;Replicative DNA helicase;4'-phosphopantetheinyl transferase ffp;Retinal dehydrogenase 1;Heat shock protein HSP 90-alpha;Fructose-bisphosphate aldolase A;Thioredoxin glutathione reductase;Histone-lysine N-methyltransferase 2A;Glyceraldehyde-3-phosphate dehydrogenase;Indoleamine 2,3-dioxygenase 1;Toll-like receptor 9",False,248,4.357275052621926,0.6364554684616526,84.5578231292517,85.17006802721089,5.578231292517007
EOS100070,SCH-1473759 (HYDROCHLORIDE),,Receptor-type tyrosine-protein kinase FLT3;Interleukin-1 receptor-associated kinase 4;Serine/threonine-protein kinase Chk1;Ephrin type-B receptor 4;Ribosomal protein S6 kinase alpha-3;Aurora kinase B,False,209,3.644658993570812,1.1682468922503848,71.49659863945578,73.46938775510205,67.21088435374149
EOS100063,FN-1501,,CDK6/cyclin D1;Cyclin-dependent kinase 4/cyclin D1;CDK2/Cyclin A1;Receptor-type tyrosine-protein kinase FLT3,False,229,4.290490196723049,1.5479033899274113,78.843537414966,84.35374149659864,84.76190476190476
EOS100046,2X-121,inhibitor,Poly [ADP-ribose] polymerase 1;Poly [ADP-ribose] polymerase tankyrase-2;Poly [ADP-ribose] polymerase tankyrase-1;Poly [ADP-ribose] polymerase 2,False,117,2.477319610983974,0.7513814831803057,42.31292517006803,44.89795918367347,20.136054421768705
EOS100039,OTSSP167,,"Discoidin domain-containing receptor 2;Dual specificity mitogen-activated protein kinase kinase 6;Mitogen-activated protein kinase 8;Tyrosine-protein kinase Lyn;ATP-dependent RNA helicase DHX30;Epithelial discoidin domain-containing receptor 1;Casein kinase I isoform delta;Serine/threonine-protein kinase MRCK gamma;Tyrosine-protein kinase ABL1;Protein kinase C delta type;Protein kinase C beta type;5'-AMP-activated protein kinase subunit gamma-1;Mitogen-activated protein kinase 15;Mitogen-activated protein kinase kinase kinase 3;Dual specificity mitogen-activated protein kinase kinase 5;Serine/threonine-protein kinase/endoribonuclease IRE1;Tyrosine-protein kinase HCK;Tyrosine-protein kinase Fer;Ephrin type-A receptor 5;Ephrin type-A receptor 1;Cyclin-dependent kinase 7;Serine/threonine-protein kinase ULK3;TGF-beta receptor type-1;Receptor-interacting serine/threonine-protein kinase 2;Macrophage-stimulating protein receptor;Mitogen-activated protein kinase kinase kinase kinase 2;Proto-oncogene tyrosine-protein kinase LCK;Serine/threonine-protein kinase LATS1;Serine/threonine-protein kinase pim-1;5'-AMP-activated protein kinase catalytic subunit alpha-1;Serine/threonine-protein kinase D2;Tyrosine-protein kinase ABL2;Aurora kinase A;Activin receptor type-1;Mitogen-activated protein kinase kinase kinase 20;Serine/threonine-protein kinase TAO3;Serine/threonine-protein kinase TAO1;Serine/threonine-protein kinase 4;Receptor-interacting serine/threonine-protein kinase 3;Uncharacterized protein FLJ45252;Serine/threonine-protein kinase PAK 4;Serine/threonine-protein kinase NLK;Mitogen-activated protein kinase 9;Mitogen-activated protein kinase kinase kinase kinase 4;Casein kinase I isoform gamma-1;Casein kinase I isoform alpha;Cyclin-dependent-like kinase 5;Protein-tyrosine kinase 2-beta;Phosphatidylinositol 5-phosphate 4-kinase type-2 gamma;Phosphorylase b kinase gamma catalytic chain, liver/testis isoform;Mitogen-activated protein kinase 10;Mitogen-activated protein kinase kinase kinase kinase 5;Mitogen-activated protein kinase kinase kinase 5;Casein kinase I isoform epsilon;Cyclin-dependent kinase 9;Tyrosine-protein kinase BTK;Aurora kinase B;Cyclin-G-associated kinase;Ephrin type-B receptor 6;Dual specificity tyrosine-phosphorylation-regulated kinase 1A;Serine/threonine-protein kinase SIK2;Interleukin-1 receptor-associated kinase 4;Inhibitor of nuclear factor kappa-B kinase subunit epsilon;Ephrin type-A receptor 4;Casein kinase II subunit alpha';Casein kinase I isoform gamma-3;Cyclin-dependent kinase 2;Calcium/calmodulin-dependent protein kinase kinase 2;Bone morphogenetic protein receptor type-1B;BMP-2-inducible protein kinase;Activin receptor type-1B;Maternal embryonic leucine zipper kinase;Serine/threonine-protein kinase 16;Ribosomal protein S6 kinase alpha-4;Ephrin type-A receptor 2;Ribosomal protein S6 kinase alpha-3;Serine/threonine-protein kinase TAO2;Ribosomal protein S6 kinase alpha-6;Ribosomal protein S6 kinase alpha-5;Proto-oncogene tyrosine-protein kinase receptor Ret;Serine/threonine-protein kinase D3;5'-AMP-activated protein kinase subunit gamma-2;Serine/threonine-protein kinase N1;Mitogen-activated protein kinase kinase kinase 11;Tyrosine-protein kinase Fyn;Ephrin type-B receptor 4;Ephrin type-B receptor 2;MAP kinase-activated protein kinase 5;Focal adhesion kinase 1;Citron Rho-interacting kinase;Dual specificity protein kinase CLK1;Casein kinase I isoform gamma-2;Cyclin-dependent kinase 1;Breakpoint cluster region protein;AP2-associated protein kinase 1;Serine/threonine-protein kinase TBK1;Serine/threonine-protein kinase 3;Serine/threonine-protein kinase 10;Serine/threonine-protein kinase SIK3;EKC/KEOPS complex subunit Tp53rk;Non-receptor tyrosine-protein kinase TNK1;STE20-like serine/threonine-protein kinase;Ribosomal protein S6 kinase alpha-1;Protein kinase C alpha type;Serine/threonine-protein kinase PLK4;Platelet-derived growth factor receptor beta;Mitogen-activated protein kinase kinase kinase 6;Mitogen-activated protein kinase kinase kinase 2;Dual specificity mitogen-activated protein kinase kinase 1;Interleukin-1 receptor-associated kinase 3;Interleukin-1 receptor-associated kinase 1;Glycogen synthase kinase-3 beta;Glycogen synthase kinase-3 alpha;Tyrosine-protein kinase Fes/Fps;Ferrochelatase, mitochondrial;Ephrin type-A receptor 7;Cyclin-dependent kinase 16",False,261,4.434747645156714,1.6000200194357652,86.80272108843538,86.12244897959184,86.25850340136054
EOS100033,AFIMOXIFENE,modulator;antagonist;inhibitor,Estrogen receptor;Nuclear receptor ROR-gamma;Microtubule-associated protein tau;Ferritin light chain;Lysine-specific demethylase 4E;Neuropeptide S receptor;Menin/Histone-lysine N-methyltransferase MLL;Prelamin-A/C;4'-phosphopantetheinyl transferase ffp;Estrogen-related receptor gamma;Steroid hormone receptor ERR1,False,232,3.9932867603383837,0.8005843122163503,80.0,80.68027210884354,28.027210884353742
EOS100027,ACACETIN,,"Cytochrome P450 1A1;Retinal dehydrogenase 1;Potassium voltage-gated channel subfamily D member 3;Voltage-gated potassium channel, IKs; KCNQ1(Kv7.1)/KCNE1(MinK);Potassium voltage-gated channel subfamily A member 5;Ras-related protein Rab-9A;Inositol hexakisphosphate kinase 2;Cyclin-dependent kinase 8;Tyrosyl-DNA phosphodiesterase 1;Amine oxidase [flavin-containing] A;Cyclin-dependent kinase 9;Cytochrome P450 3A4;Nuclear receptor ROR-gamma;Mitogen-activated protein kinase 1;NPC intracellular cholesterol transporter 1;Cytochrome P450 1A2;Survival motor neuron protein;Cellular tumor antigen p53;Cytochrome P450 1B1;Cytochrome P450 2C19;Amine oxidase [flavin-containing] B;Cytochrome P450 2C9;Cytochrome P450 2D6;Menin/Histone-lysine N-methyltransferase MLL;Hypoxia-inducible factor 1-alpha;Microtubule-associated protein tau;Prelamin-A/C;Xanthine dehydrogenase/oxidase;Potassium voltage-gated channel subfamily H member 2",False,53,1.7431627238776797,0.5351580022924666,11.904761904761903,9.795918367346939,0.40816326530612246
EOS100021,CC-223,inhibitor,"Serine/threonine-protein kinase mTOR;Phosphatidylinositol 4-kinase beta;Phosphatidylinositol 4,5-bisphosphate 3-kinase catalytic subunit alpha isoform;Vascular endothelial growth factor receptor 3;Phosphatidylinositol 3-kinase catalytic subunit type 3;Macrophage colony-stimulating factor 1 receptor;Phosphatidylinositol 4,5-bisphosphate 3-kinase catalytic subunit beta isoform;Potassium voltage-gated channel subfamily H member 2;Phosphatidylinositol 4,5-bisphosphate 3-kinase catalytic subunit gamma isoform;Phosphatidylinositol 4,5-bisphosphate 3-kinase catalytic subunit delta isoform;mTORC1",False,207,3.4785689454525155,1.0595554512093135,70.40816326530613,69.1156462585034,58.36734693877551
EOS100012,LY-2874455,inhibitor,Fibroblast growth factor receptor 3;Fibroblast growth factor receptor 2;Fibroblast growth factor receptor 4;Fibroblast growth factor receptor 1;Vascular endothelial growth factor receptor 2,False,270,4.421695059379035,0.9209492581728832,88.50340136054422,85.98639455782313,44.48979591836735
EOS100009,NETAZEPIDE,antagonist,Gastrin/cholecystokinin type B receptor;Cholecystokinin receptor type A,False,144,2.6986880150420745,1.1005573743197599,49.523809523809526,50.476190476190474,62.176870748299315
EOS102459,LIDORESTAT,inhibitor,Aldo-keto reductase family 1 member B1;Aldo-keto reductase family 1 member A1,False,61,1.8850898627023425,0.8146470281064896,18.027210884353742,18.639455782312925,30.068027210884352
EOS102399,SODIUM BICARBONATE,,,False,42,1.5567322906123258,1.2190402758637908,1.9727891156462583,1.3605442176870748,70.34013605442176
EOS100156,ISTAROXIME,,,False,223,3.8188209712043326,1.2522153837481382,76.59863945578232,77.82312925170068,73.46938775510205
EOS100154,BI-1347,,Cyclin-dependent kinase 8;CDK8/Cyclin C,False,72,1.951519149058421,1.1425886220392623,22.448979591836736,21.496598639455783,64.76190476190476
EOS100146,PAMIPARIB,inhibitor,Solute carrier family 22 member 8;Protein mono-ADP-ribosyltransferase PARP12;Protein mono-ADP-ribosyltransferase PARP10;Poly [ADP-ribose] polymerase 1;Protein mono-ADP-ribosyltransferase PARP3;Poly [ADP-ribose] polymerase tankyrase-2;Poly [ADP-ribose] polymerase tankyrase-1;Protein mono-ADP-ribosyltransferase PARP11;Solute carrier organic anion transporter family member 1B3;Poly [ADP-ribose] polymerase 2;Solute carrier family 22 member 6;Solute carrier organic anion transporter family member 1B1;Protein mono-ADP-ribosyltransferase PARP8;Protein mono-ADP-ribosyltransferase TIPARP,False,103,2.392194290462737,0.6951133185954906,35.30612244897959,40.54421768707483,11.83673469387755
EOS100142,TP-3654,,Serine/threonine-protein kinase pim-1,False,109,2.271053254899829,0.6026395729359916,38.163265306122454,35.23809523809524,3.8095238095238098
EOS100132,TRANS-TRISMETHOXY RESVERATROL,,Prostaglandin G/H synthase 1;Cytochrome P450 1A1;Aryl hydrocarbon receptor;Cytochrome P450 1B1;Prostaglandin G/H synthase 2;Polyunsaturated fatty acid 5-lipoxygenase;Ribosyldihydronicotinamide dehydrogenase [quinone];Cytochrome P450 1A2;ATP-dependent translocase ABCB1;Transient receptor potential cation channel subfamily A member 1;Estrogen receptor;Bcr/Abl fusion protein,False,212,3.749365094583856,1.04181174522069,72.17687074829932,76.46258503401361,56.326530612244895
EOS100122,FLUMATINIB,inhibitor,Tyrosine-protein kinase ABL1;Mast/stem cell growth factor receptor Kit;Platelet-derived growth factor receptor beta;Bcr/Abl fusion protein;Breakpoint cluster region protein,False,86,2.0251285215837815,1.2396959454299887,29.455782312925173,24.625850340136054,72.24489795918367
EOS100116,ARN-3236,inhibitor,Serine/threonine-protein kinase SIK1;Serine/threonine-protein kinase SIK2;Serine/threonine-protein kinase SIK3,False,148,2.8381306317421915,0.8128562206658947,50.68027210884354,53.74149659863946,29.65986394557823
EOS100115,DELANZOMIB,,Cathepsin G;Chymase;Cytochrome P450 3A4;Proteasome subunit beta type-2;Proteasome subunit beta type-9;Neutrophil elastase;Proteasome subunit beta type-5;Proteasome subunit beta type-10;Proteasome subunit beta type-8;Proteasome subunit beta type-1,True,396,8.716871488883399,2.305931495813127,100.0,100.0,96.05442176870748
EOS100111,LINPERLISIB,inhibitor,"Phosphatidylinositol 4,5-bisphosphate 3-kinase catalytic subunit delta isoform",False,84,2.104057639987724,1.2474995444391774,28.639455782312922,28.027210884353742,73.19727891156462
EOS100103,IDE-196,inhibitor,Protein kinase C theta type;Protein kinase C alpha type;Glycogen synthase kinase-3 beta,False,237,5.090415459455824,0.779114205224645,81.22448979591836,92.10884353741497,24.625850340136054
EOS100102,CIPARGAMIN,inhibitor,Cytochrome P450 2C9;Non-SERCA-type Ca2+ -transporting P-ATPase;Potassium voltage-gated channel subfamily H member 2;Adenosine receptor A3;P-type ATPase,False,266,4.6798202552858665,0.7002264413066288,87.75510204081633,88.9795918367347,12.653061224489795
EOS100090,NOLATREXED,antagonist,Thymidylate synthase,False,224,4.167424426766176,0.9669451827302701,77.07482993197279,82.99319727891157,49.795918367346935
EOS101743,DY131,agonist,Estrogen-related receptor gamma;Nuclear receptor ROR-gamma;3-hydroxyacyl-CoA dehydrogenase type-2;Thyrotropin receptor;15-hydroxyprostaglandin dehydrogenase [NAD(+)];Lysine-specific demethylase 4E;Retinal dehydrogenase 1;Microtubule-associated protein tau;Polyunsaturated fatty acid lipoxygenase ALOX15;Menin/Histone-lysine N-methyltransferase MLL;Cellular tumor antigen p53;Cytochrome P450 3A4;Caspase-1;Steroid hormone receptor ERR2,False,85,2.0803555270352145,0.9563057031861687,29.04761904761905,26.666666666666668,48.16326530612245
EOS101734,ISOTHIOUREA-1T,antagonist,Cytochrome P450 2C19;C-X-C chemokine receptor type 4;Cytochrome P450 2D6;Potassium voltage-gated channel subfamily H member 2;Reverse transcriptase/RNaseH,False,75,1.9340922803684995,1.2570154684378043,23.877551020408163,20.54421768707483,73.74149659863946
EOS101728,PRT062607,inhibitor,Tyrosine-protein kinase Lyn;Tyrosine-protein kinase ZAP-70;Tyrosine-protein kinase JAK2;Proto-oncogene tyrosine-protein kinase LCK;Tyrosine-protein kinase SYK;Tyrosine-protein kinase Fgr;Protein kinase C alpha type;Potassium voltage-gated channel subfamily H member 2;Proto-oncogene tyrosine-protein kinase Src;Receptor-type tyrosine-protein kinase FLT3;Mitogen-activated protein kinase kinase kinase 9;Tyrosine-protein kinase Yes;Serine/threonine-protein kinase PAK 5,False,213,3.756770179873661,0.9206758907190796,72.58503401360544,76.87074829931973,44.353741496598644
EOS101725,BARASERTIB,inhibitor,Aurora kinase B;Proto-oncogene tyrosine-protein kinase LCK;Tyrosine-protein kinase HCK;Dual specificity mitogen-activated protein kinase kinase 5;Casein kinase II subunit alpha';Ras-related protein Rab-6A;Tyrosine-protein kinase Lyn;Receptor-type tyrosine-protein kinase FLT3;Receptor-interacting serine/threonine-protein kinase 2;Epidermal growth factor receptor;Mast/stem cell growth factor receptor Kit;Aurora kinase C;Mitogen-activated protein kinase kinase kinase kinase 5;Aurora kinase A;Platelet-derived growth factor receptor alpha;Proto-oncogene tyrosine-protein kinase receptor Ret;Platelet-derived growth factor receptor beta;Tyrosine-protein kinase Fyn;Dual specificity tyrosine-phosphorylation-regulated kinase 1A;Macrophage-stimulating protein receptor;Vascular endothelial growth factor receptor 2,False,243,4.573298438848563,0.7817458085319856,83.6734693877551,88.02721088435375,25.170068027210885
EOS101708,T863,inhibitor,Diacylglycerol O-acyltransferase 1;Sterol O-acyltransferase 1,False,50,1.7191681872668485,0.973211685235948,9.387755102040817,8.435374149659863,50.34013605442177
EOS101684,COMBRETASTATIN A4,inhibitor,Tubulin;Beta-tubulin;Tubulin beta-1 chain;Tubulin alpha-1A chain;Tubulin beta-2B chain;Tubulin beta-3 chain;Solute carrier organic anion transporter family member 2B1;Solute carrier family 22 member 6;ATP-dependent translocase ABCB1;Solute carrier family 22 member 2;Solute carrier family 22 member 8,False,312,5.385499280095099,1.251404932683746,95.91836734693877,94.42176870748298,73.33333333333333
EOS101672,SRC INHIBITOR 1,inhibitor,Ephrin type-B receptor 2;Receptor-interacting serine/threonine-protein kinase 2;Proto-oncogene tyrosine-protein kinase Src,False,50,1.7127261371576439,0.6791787469019037,9.387755102040817,8.16326530612245,9.795918367346939
EOS101639,EIPA,blocker;allosteric modulator,Acid-sensing ion channel 1;Sodium/hydrogen exchanger 3;Alpha-2A adrenergic receptor;Opioid receptors; mu & delta;Paired box protein Pax-8;Urokinase-type plasminogen activator;Thyrotropin receptor;Thrombopoietin;Cytochrome P450 2D6;Sodium/hydrogen exchanger 5;Menin/Histone-lysine N-methyltransferase MLL;Sodium/hydrogen exchanger 1;Geminin;Peripheral myelin protein 22;Muscarinic acetylcholine receptor M1;Ferritin light chain;Sodium/hydrogen exchanger 2;Cytochrome P450 1A2;Polycystic kidney disease 2-like 1 protein,False,49,1.5779968765875552,0.8210344400250214,8.16326530612245,1.6326530612244898,30.74829931972789
EOS101620,NIRAPARIB,antagonist;inhibitor;antagonist;inhibitor;binding agent,"Poly [ADP-ribose] polymerase 1;Protein mono-ADP-ribosyltransferase PARP14;Protein mono-ADP-ribosyltransferase PARP10;Protein mono-ADP-ribosyltransferase PARP3;Poly [ADP-ribose] polymerase 2;Poly [ADP-ribose] polymerase tankyrase-2;Poly [ADP-ribose] polymerase tankyrase-1;Protein mono-ADP-ribosyltransferase PARP15;Protein mono-ADP-ribosyltransferase PARP4;Protein mono-ADP-ribosyltransferase PARP12;PARP 1, 2 and 3",False,208,3.4926759886071843,0.7521279436741499,70.95238095238095,69.65986394557822,20.272108843537413
EOS101618,RUCAPARIB,antagonist;antagonist;inhibitor;inhibitor,"Protein mono-ADP-ribosyltransferase PARP4;Protein mono-ADP-ribosyltransferase PARP14;Poly [ADP-ribose] polymerase tankyrase-2;Poly [ADP-ribose] polymerase 1;Cyclin-dependent kinase 1;Poly [ADP-ribose] polymerase 2;Protein mono-ADP-ribosyltransferase PARP3;Protein mono-ADP-ribosyltransferase PARP12;Protein mono-ADP-ribosyltransferase PARP10;Dual specificity tyrosine-phosphorylation-regulated kinase 1A;Poly [ADP-ribose] polymerase tankyrase-1;Protein mono-ADP-ribosyltransferase PARP15;Serine/threonine-protein kinase D2;Serine/threonine-protein kinase pim-1;PARP 1, 2 and 3",False,43,1.6645127830020874,1.7575631561110387,2.6530612244897958,5.3061224489795915,89.65986394557824
EOS100205,A 419259,,Proto-oncogene tyrosine-protein kinase LCK;Angiopoietin-1 receptor;Tyrosine-protein kinase Lyn;Vascular endothelial growth factor receptor 2;Tyrosine-protein kinase CSK;Proto-oncogene tyrosine-protein kinase Src;Tyrosine-protein kinase Blk;Receptor-type tyrosine-protein kinase FLT3;Tyrosine-protein kinase Fyn;Tyrosine-protein kinase HCK,False,312,6.265273728363366,0.9702803899540596,95.91836734693877,98.63945578231292,50.06802721088436
EOS100204,TGR5 RECEPTOR AGONIST,,Cytochrome P450 2C19;Cytochrome P450 3A4;G-protein coupled bile acid receptor 1,False,72,2.2192931919078953,0.9353077492223777,22.448979591836736,32.517006802721085,46.25850340136054
EOS100203,BELUMOSUDIL,inhibitor,Dual specificity tyrosine-phosphorylation-regulated kinase 1A;Casein kinase II subunit alpha;Tyrosine-protein kinase Blk;Dual specificity protein kinase CLK2;Rho-associated protein kinase 2;Serine/threonine-protein kinase 17A;Dual specificity protein kinase CLK4;Serine/threonine-protein kinase 3;Aurora kinase B;Rho-associated protein kinase 1;Rho-associated protein kinase,False,147,2.7324846264541347,0.8503828101012842,50.40816326530613,51.70068027210885,34.5578231292517
EOS100199,COT INHIBITOR-1,,Mitogen-activated protein kinase kinase kinase 8,False,182,3.7329017279999612,1.7400713256452605,60.952380952380956,75.64625850340137,89.1156462585034
EOS100198,RETASPIMYCIN,inhibitor,Heat shock protein HSP 90-alpha;Heat shock protein HSP90;Endoplasmin;Platelet-derived growth factor receptor alpha,True,281,4.058460076121138,2.529843681111483,90.61224489795919,81.49659863945578,97.68707482993197
EOS100192,YKL-06-061,,,False,283,4.9753351060883855,1.1462323019967033,91.08843537414965,91.29251700680273,65.3061224489796
EOS100191,LY2857785,,CDK8/Cyclin C;CDK9/cyclin T1;CDK7/Cyclin H/MNAT1,False,190,3.623853845350425,1.683574523382886,64.14965986394557,72.92517006802721,88.02721088435375
EOS100190,TALABOSTAT,inhibitor,Dipeptidyl peptidase 2;Dipeptidyl peptidase 4;Prolyl endopeptidase;Prolyl endopeptidase FAP;Dipeptidyl peptidase 9;Dipeptidyl peptidase 8,False,81,2.513060736740351,0.6552614325986802,27.27891156462585,46.25850340136054,7.482993197278912
EOS100185,UK-371804,,Urokinase-type plasminogen activator;Tissue-type plasminogen activator;Plasminogen,False,51,1.9365182545561133,0.7914290517004969,10.54421768707483,20.680272108843536,26.53061224489796
EOS100182,GRA EX-25,,Glucagon receptor;Adenylate cyclase;Glucagon-like peptide 1 receptor;Gastric inhibitory polypeptide receptor,False,72,2.3361884795536367,1.0495747710339232,22.448979591836736,38.50340136054422,57.55102040816327
EOS100175,F16,,"Menin/Histone-lysine N-methyltransferase MLL;Putative fructose-1,6-bisphosphate aldolase;Ubiquitin carboxyl-terminal hydrolase 2;Histone-lysine N-methyltransferase 2A;Nuclear receptor ROR-gamma;4'-phosphopantetheinyl transferase ffp;Prelamin-A/C;Microtubule-associated protein tau",True,267,6.114782868261698,2.5991361101931236,87.95918367346938,97.95918367346938,98.09523809523809
EOS100169,CYCLO (-RGDFK),,Integrin alpha-V/beta-6;integrin &alpha;V&beta;3;Integrin alpha-V/beta-5;integrin &alpha;5&beta;1,False,197,3.376768106846181,0.7169623859588755,66.59863945578232,66.39455782312925,15.646258503401361
EOS100280,RO8994,,E3 ubiquitin-protein ligase Mdm2,False,260,4.181685341097838,1.1089073013852115,86.25850340136054,83.26530612244898,62.585034013605444
EOS100278,(R)-GNE-140,,L-lactate dehydrogenase A chain;L-lactate dehydrogenase B chain;L-lactate dehydrogenase,False,66,2.055717235687926,0.5711456124697165,20.272108843537413,25.442176870748302,1.3605442176870748
EOS100277,SELPERCATINIB,inhibitor,Proto-oncogene tyrosine-protein kinase receptor Ret;Vascular endothelial growth factor receptor 1;Vascular endothelial growth factor receptor 3;Fibroblast growth factor receptor 1;Fibroblast growth factor receptor 2;Fibroblast growth factor receptor 3,False,88,2.6065788697327843,0.7856869850522573,30.34013605442177,48.435374149659864,25.71428571428571
EOS100271,MSC2530818,,Glycogen synthase kinase-3 alpha;CDK8/Cyclin C;Cyclin-dependent kinase 8;Sodium-dependent dopamine transporter,False,99,3.0219068866822325,0.8540022077025123,33.53741496598639,58.23129251700681,34.69387755102041
EOS100270,EMD534085,,Kinesin-like protein KIF11,False,313,5.889232765068056,0.936505020429931,96.19047619047619,97.00680272108843,46.394557823129254
EOS100251,IRAK INHIBITOR 1,,Interleukin-1 receptor-associated kinase 4,False,178,3.58070200722764,1.2807196654149575,59.38775510204082,72.24489795918367,75.10204081632654
EOS100241,PF-6260933,,Cytochrome P450 1A2;Mitogen-activated protein kinase kinase kinase kinase 4;TRAF2 and NCK-interacting protein kinase;Misshapen-like kinase 1;Potassium voltage-gated channel subfamily H member 2,False,88,2.1224614056700712,0.5872748530634428,30.34013605442177,28.70748299319728,2.312925170068027
EOS100234,ERIANIN,,Tubulin;Tubulin beta-2B chain,False,261,4.8812151614349135,1.1733246703815463,86.80272108843538,90.20408163265307,68.02721088435374
EOS100231,PRALSETINIB,inhibitor,Vascular endothelial growth factor receptor 2;Proto-oncogene tyrosine-protein kinase receptor Ret,False,141,2.6244933183364574,0.8954628328147154,48.91156462585034,48.97959183673469,41.08843537414966
EOS100224,CDK9-IN-2,,,False,341,6.231470268163995,1.7056413598504643,98.77551020408163,98.50340136054422,88.29931972789116
EOS101609,POZIOTINIB,inhibitor,Epidermal growth factor receptor;Receptor tyrosine-protein kinase erbB-4;Ephrin type-B receptor 4;Receptor-interacting serine/threonine-protein kinase 2;Proto-oncogene tyrosine-protein kinase receptor Ret;Receptor tyrosine-protein kinase erbB-2;Non-receptor tyrosine-protein kinase TNK1;Ephrin type-A receptor 4;Receptor-interacting serine/threonine-protein kinase 3;Tyrosine-protein kinase BTK;Ephrin type-B receptor 2;Hepatocyte growth factor receptor;Tyrosine-protein kinase Tec,False,274,5.2757919752252835,0.8612601889664055,88.843537414966,93.06122448979592,35.78231292517007
EOS101606,MOTESANIB,inhibitor,Receptor-type tyrosine-protein kinase FLT3;Macrophage colony-stimulating factor 1 receptor;Platelet-derived growth factor receptor alpha;Citron Rho-interacting kinase;RAF proto-oncogene serine/threonine-protein kinase;Tyrosine-protein kinase Fgr;Mitogen-activated protein kinase kinase kinase 7;Tyrosine-protein kinase JAK1;Mitogen-activated protein kinase kinase kinase kinase 1;Receptor-interacting serine/threonine-protein kinase 3;Serine/threonine-protein kinase B-raf;Fibroblast growth factor receptor 1;Serine/threonine-protein kinase 35;Tyrosine-protein kinase HCK;Epithelial discoidin domain-containing receptor 1;Mitogen-activated protein kinase kinase kinase 19;eIF-2-alpha kinase GCN2;STE20-like serine/threonine-protein kinase;Mitogen-activated protein kinase kinase kinase 3;Receptor-interacting serine/threonine-protein kinase 2;Mitogen-activated protein kinase kinase kinase 2;Platelet-derived growth factor receptor;Vascular endothelial growth factor receptor 3;Fibroblast growth factor receptor 4;Tyrosine-protein kinase FRK;Ephrin type-A receptor 6;Epidermal growth factor receptor;Vascular endothelial growth factor receptor 1;Serine/threonine-protein kinase TNNI3K;Proto-oncogene tyrosine-protein kinase LCK;Serine/threonine-protein kinase 10;Tyrosine-protein kinase ABL2;Mitogen-activated protein kinase kinase kinase kinase 4;Mast/stem cell growth factor receptor Kit;Aurora kinase C;Vascular endothelial growth factor receptor 2;Proto-oncogene tyrosine-protein kinase receptor Ret;Tyrosine-protein kinase Yes;Mitogen-activated protein kinase kinase kinase 20;Tyrosine-protein kinase ABL1;Eukaryotic peptide chain release factor GTP-binding subunit ERF3B;Platelet-derived growth factor receptor beta;Tyrosine-protein kinase Blk;Protein-tyrosine kinase 6;Tyrosine-protein kinase Lyn;Tyrosine-protein kinase Fyn;RET proto-oncogene,False,202,3.006517945462072,0.874243651105826,68.70748299319727,57.68707482993197,37.823129251700685
EOS101592,RN486,inhibitor,Tyrosine-protein kinase BTK;Tyrosine-protein kinase Tec;STE20-like serine/threonine-protein kinase,False,47,1.579116315964107,0.8868559801841228,6.394557823129252,1.7687074829931975,39.59183673469388
EOS101590,BI00645435,inhibitor,Serine/threonine-protein kinase D2;Dual specificity protein kinase CLK2;Platelet-derived growth factor receptor alpha;Serine/threonine-protein kinase D1;Dual specificity protein kinase CLK1;Leucine-rich repeat serine/threonine-protein kinase 2;Ribosomal protein S6 kinase alpha-3;Serine/threonine-protein kinase D3;Receptor-type tyrosine-protein kinase FLT3;Fibroblast growth factor receptor 2;Ribosomal protein S6 kinase alpha-2;Proto-oncogene tyrosine-protein kinase receptor Ret;Ribosomal protein S6 kinase alpha-6;NUAK family SNF1-like kinase 2;Serine/threonine-protein kinase 17A;Serine/threonine-protein kinase 17B,False,114,2.489242538459486,0.7957435709969242,41.08843537414966,45.30612244897959,27.2108843537415
EOS101579,CEP-28122,inhibitor,Ribosomal protein S6 kinase alpha-6;Protein-tyrosine kinase 6;Mitogen-activated protein kinase 8;Ribosomal protein S6 kinase alpha-2;Tyrosine-protein kinase Fes/Fps;Receptor-type tyrosine-protein kinase FLT3;Insulin receptor;Vascular endothelial growth factor receptor 3;NUAK family SNF1-like kinase 1;ALK tyrosine kinase receptor;Focal adhesion kinase 1;Mitogen-activated protein kinase kinase kinase kinase 2;Tyrosine-protein kinase Fer;Serine/threonine-protein kinase Chk2;Ribosomal protein S6 kinase alpha-1;Ribosomal protein S6 kinase alpha-3;Activated CDC42 kinase 1,False,196,3.522676724760927,0.6643117455204752,66.05442176870748,70.61224489795919,8.16326530612245
EOS101565,407899,inhibitor,Serine/threonine-protein kinase MRCK beta;cGMP-dependent protein kinase 1;Rho-associated protein kinase 2;Serine/threonine-protein kinase N2;Uncharacterized protein FLJ45252;AP2-associated protein kinase 1;Rho-associated protein kinase 1;Serine/threonine-protein kinase MRCK alpha;cAMP-dependent protein kinase catalytic subunit alpha;BMP-2-inducible protein kinase;Serine/threonine-protein kinase N1;Protein kinase C delta type;Rho-associated protein kinase,False,144,2.8488279197925435,0.8741579892548853,49.523809523809526,54.01360544217687,37.68707482993197
EOS101548,OTS964,inhibitor,Lymphokine-activated killer T-cell-originated protein kinase;Serine/threonine-protein kinase Nek1,True,237,4.597617716042539,2.671318962537707,81.22448979591836,88.43537414965986,98.91156462585035
EOS101540,SR-9009,agonist,Nuclear receptor subfamily 1 group D member 1;Oxysterols receptor LXR-alpha;Nuclear receptor subfamily 1 group D member 2,False,189,2.7922512688122905,1.164494202929141,63.6734693877551,53.197278911564624,66.66666666666666
EOS101539,ENCENICLINE,partial agonist,5-hydroxytryptamine receptor 3A;Neuronal acetylcholine receptor subunit alpha-7,False,44,1.6747040493248466,0.7289148579847394,3.4693877551020407,5.986394557823129,16.73469387755102
EOS101527,JNJ 63533054,agonist,Probable G-protein coupled receptor 139,False,45,1.645719292171219,0.6755362557032691,4.489795918367347,4.761904761904762,9.659863945578232
EOS100406,D-64131,,Thyrotropin receptor;Cytochrome P450 3A4;Tubulin beta-2B chain;Lethal factor;Cytochrome P450 2C9;Cytochrome P450 1A2;Menin/Histone-lysine N-methyltransferase MLL,False,274,5.085169353623023,1.2398827901315728,88.843537414966,91.83673469387756,72.38095238095238
EOS100393,FLUMETHASONE,agonist,Ras-related protein Rab-9A;Hypoxia-inducible factor 1-alpha;Microtubule-associated protein tau;Nuclear receptor ROR-gamma;Bile salt export pump;Glucocorticoid receptor,False,55,1.8044930126090926,0.788747588859994,13.945578231292515,13.46938775510204,26.258503401360546
EOS100316,NEC-1S,inhibitor,Receptor-interacting serine/threonine-protein kinase 1,False,57,1.75708647736585,0.7969961317515334,15.578231292517005,10.612244897959183,27.48299319727891
EOS100314,BELIZATINIB,,Mitogen-activated protein kinase kinase kinase kinase 2;Tyrosine-protein kinase receptor UFO;ALK tyrosine kinase receptor;Tyrosine-protein kinase Mer;Leukocyte tyrosine kinase receptor;Interleukin-1 receptor-associated kinase 1;Receptor-type tyrosine-protein kinase FLT3;Proto-oncogene tyrosine-protein kinase LCK;Insulin receptor,False,223,3.6974593787678316,0.8391614011585306,76.59863945578232,74.421768707483,33.06122448979592
EOS100312,BX-517,,3-phosphoinositide-dependent protein kinase 1;RAC-beta serine/threonine-protein kinase;RAC-alpha serine/threonine-protein kinase,False,179,3.6681003946306596,0.8966447794861592,60.0,73.87755102040816,41.36054421768707
EOS100311,MI-136,,Menin;Menin/Histone-lysine N-methyltransferase MLL,False,245,4.123242237051494,0.6605039214982905,83.94557823129252,82.72108843537414,7.755102040816326
EOS100301,FRUQUINTINIB,inhibitor,Vascular endothelial growth factor receptor 2;Vascular endothelial growth factor receptor 3;Vascular endothelial growth factor receptor 1;Vascular endothelial growth factor receptor,False,57,1.8129364522638969,1.1560579858213451,15.578231292517005,14.829931972789115,66.39455782312925
EOS100296,REPOTRECTINIB,inhibitor,Proto-oncogene tyrosine-protein kinase ROS;ALK tyrosine kinase receptor;High affinity nerve growth factor receptor;Proto-oncogene tyrosine-protein kinase Src;BDNF/NT-3 growth factors receptor;Tyrosine-protein kinase JAK2;EML4-ALK ;NT-3 growth factor receptor,False,191,3.3729558353744338,0.7603122291096077,64.5578231292517,66.25850340136054,21.224489795918366
EOS100292,TALAROZOLE,inhibitor,Cytochrome P450 26B1;Cytochrome P450 26A1,False,87,2.323698280207862,0.7378959340283866,29.863945578231295,37.68707482993197,17.959183673469386
EOS100289,-20347,inhibitor,Non-receptor tyrosine-protein kinase TYK2;Tyrosine-protein kinase JAK1;Tyrosine-protein kinase JAK3;Tyrosine-protein kinase JAK2,False,169,3.275761126324467,0.6123044462018512,56.87074829931973,64.62585034013605,4.217687074829931
EOS100286,MK-3903,,Transcription factor Dp-2;AMPK alpha1/beta1/gamma2;AMPK alpha1/beta2/gamma1;AMP-activated protein kinase alpha-1/beta-2/gamma-3;AMP-activated protein kinase (AMPK) alpha-1/beta-1/gamma-1;AMP-activated protein kinase alpha-2/beta-1/gamma-3;AMPK alpha2/beta2/gamma1;5'-AMP-activated protein kinase catalytic subunit alpha-2/beta-1/gamma-2;AMPK alpha2/beta2/gamma3;AMPK alpha2/beta1/gamma1;AMPK alpha1/beta1/gamma3;AMP-activated protein kinase alpha-1/beta-2/gamma-2;AMP-activated protein kinase alpha-2/beta-2/gamma-2,False,139,2.6736387854038215,0.5713752687182864,48.36734693877551,49.93197278911565,1.4965986394557822
EOS100285,DDP-38003 (DIHYDROCHLORIDE),,LSD1/CoREST complex;Lysine-specific histone demethylase 1B;Amine oxidase [flavin-containing] A;Amine oxidase [flavin-containing] B,False,103,2.4524949862375474,1.4507428808099445,35.30612244897959,43.945578231292515,82.0408163265306
EOS100466,AT13148,inhibitor,Rho-associated protein kinase 2;RAC-beta serine/threonine-protein kinase;Serine/threonine-protein kinase AKT;Serine/threonine-protein kinase N1;Rho-associated protein kinase 1;cAMP-dependent protein kinase catalytic subunit beta;Serine/threonine-protein kinase N2;RAC-alpha serine/threonine-protein kinase;RAC-gamma serine/threonine-protein kinase;Protein kinase C delta type;Serine/threonine-protein kinase LATS1;cAMP-dependent protein kinase catalytic subunit alpha;Beta-adrenergic receptor kinase 1;Ribosomal protein S6 kinase;Rho-associated protein kinase,False,333,7.282140224275908,0.8668789992611621,98.63945578231292,99.31972789115646,36.734693877551024
EOS100463,HALOFUGINONE,,,False,284,5.314045951949842,1.7965405171486446,91.49659863945578,93.46938775510203,90.34013605442178
EOS100462,MIRANSERTIB,inhibitor,Cytochrome P450 2C19;RAC-alpha serine/threonine-protein kinase;Cytochrome P450 2D6;Cytochrome P450 3A4;Cytochrome P450 1A2;Cytochrome P450 2C8;Cytochrome P450 2C9;RAC-beta serine/threonine-protein kinase;RAC-gamma serine/threonine-protein kinase;Serine/threonine-protein kinase AKT,False,308,5.804988960607714,2.205785992308451,95.51020408163265,96.4625850340136,95.10204081632652
EOS100459,ABIVERTINIB,inhibitor,Tyrosine-protein kinase BTK;Epidermal growth factor receptor;Tyrosine-protein kinase JAK3,False,270,4.969687543072831,0.796162918193587,88.50340136054422,91.15646258503402,27.346938775510203
EOS100457,CEP-37440,inhibitor,Focal adhesion kinase 1;ALK tyrosine kinase receptor;Insulin receptor,False,324,6.128575193332514,0.8421013382127356,97.68707482993197,98.2312925170068,33.87755102040816
EOS100452,CB30865,,Thymidylate synthase,False,102,2.2686540501227643,0.9583916493594284,34.69387755102041,35.10204081632653,48.435374149659864
EOS100449,RIVOCERANIB,inhibitor,Vascular endothelial growth factor receptor 2;Receptor-interacting serine/threonine-protein kinase 3;Mitogen-activated protein kinase kinase kinase 20;Proto-oncogene tyrosine-protein kinase receptor Ret;Tyrosine-protein kinase CSK;Mast/stem cell growth factor receptor Kit,False,79,2.0016320715131406,0.9806335715053928,26.258503401360546,23.809523809523807,51.02040816326531
EOS100438,PREXASERTIB,inhibitor,Ribosomal protein S6 kinase alpha-1;Serine/threonine-protein kinase Chk1;AMP-activated protein kinase (AMPK) alpha-1/beta-1/gamma-1;Tyrosine-protein kinase Blk;Serine/threonine-protein kinase Chk2;Ribosomal protein S6 kinase beta-1;Receptor-type tyrosine-protein kinase FLT3;Potassium voltage-gated channel subfamily H member 2,False,235,4.497006420929343,1.0752187398939985,80.95238095238095,86.93877551020408,60.27210884353742
EOS100437,OTS514,,Lymphokine-activated killer T-cell-originated protein kinase;Serine/threonine-protein kinase Nek1,False,150,3.3264431747180745,2.256585533935536,51.156462585034014,65.85034013605441,95.51020408163265
EOS100432,AS1517499,,Signal transducer and activator of transcription 6,False,256,4.597495109287884,0.919019968370394,85.51020408163265,88.29931972789116,44.08163265306123
EOS100428,GSK805,,Nuclear receptor ROR-gamma;Cytochrome P450 2C19;Cytochrome P450 2C9,False,62,1.8250845485773768,0.8789547205147746,18.503401360544217,15.374149659863946,38.36734693877551
EOS100421,A-1155463,,Apoptosis regulator Bcl-2;Bcl-2-like protein 2;Bcl-2-like protein 1;Induced myeloid leukemia cell differentiation protein Mcl-1 homolog,False,132,2.531263246107273,1.4114322747934174,46.25850340136054,46.666666666666664,80.68027210884354
EOS100410,PHA-680632,,Aurora kinase A;Aurora kinase B;Aurora kinase C,False,189,3.4271470073832635,0.5957876335920269,63.6734693877551,68.02721088435374,3.1292517006802725
EOS101525,"L-152,804",,Microtubule-associated protein tau;Thioredoxin glutathione reductase,False,40,1.5206507810322596,0.9183956389367394,1.292517006802721,0.5442176870748299,43.80952380952381
EOS101523,LY3009120,inhibitor,"Serine/threonine-protein kinase B-raf;Dual specificity mitogen-activated protein kinase kinase 5;c-Jun N-terminal kinase, JNK;Tyrosine-protein kinase Fyn;Mitogen-activated protein kinase kinase kinase kinase 5;eIF-2-alpha kinase GCN2;Ephrin type-A receptor 2;Proto-oncogene tyrosine-protein kinase Src;MAP kinase p38;Ephrin type-B receptor 4;RAF proto-oncogene serine/threonine-protein kinase;Mitogen-activated protein kinase kinase kinase 1;Mitogen-activated protein kinase kinase kinase 20;Interleukin-1 receptor-associated kinase 1;Tyrosine-protein kinase ABL1;Tyrosine-protein kinase CSK;Vascular endothelial growth factor receptor 2;Serine/threonine-protein kinase A-Raf;GTPase KRas",False,217,3.965108947784103,1.4879676775901503,74.08163265306122,80.27210884353741,83.40136054421768
EOS101521,ALTIRATINIB,inhibitor,Angiopoietin-1 receptor;BDNF/NT-3 growth factors receptor;Hepatocyte growth factor receptor;NT-3 growth factor receptor;High affinity nerve growth factor receptor;Vascular endothelial growth factor receptor 2,False,295,4.763805512250641,1.2361132951028782,94.28571428571428,89.52380952380953,71.83673469387755
EOS101520,BIRABRESIB,inhibitor,Bromodomain-containing protein 2;Bromodomain-containing protein 4;Bromodomain-containing protein 3;Bromodomain and extra-terminal motif (BET),False,134,2.497218761797928,0.7652033006144155,46.802721088435376,45.714285714285715,22.040816326530614
EOS101517,MOZAVAPTAN,antagonist;antagonist;inverse agonist,Vasopressin V1a receptor;Vasopressin V1 receptor;Vasopressin V2 receptor;Oxytocin receptor;Vasopressin V1b receptor,False,320,5.862964404598668,0.7363030558314028,97.14285714285714,96.73469387755102,17.551020408163264
EOS101515,UPROSERTIB,inhibitor,Serine/threonine-protein kinase D2;Dual specificity tyrosine-phosphorylation-regulated kinase 1A;Serine/threonine-protein kinase Sgk1;Ribosomal protein S6 kinase beta-1;Protein kinase C iota type;Protein kinase C alpha type;MAP/microtubule affinity-regulating kinase 3;Ribosomal protein S6 kinase alpha-1;Rho-associated protein kinase 2;Cyclin-dependent kinase 16;RAC-gamma serine/threonine-protein kinase;Serine/threonine-protein kinase MARK2;cAMP-dependent protein kinase catalytic subunit beta;Protein kinase C beta type;Rho-associated protein kinase 1;Serine/threonine-protein kinase D3;Casein kinase I isoform alpha;Cyclin-dependent kinase 7;Serine/threonine-protein kinase N1;Serine/threonine-protein kinase LATS1;Protein kinase C (PKC);RAC-alpha serine/threonine-protein kinase;RAC-beta serine/threonine-protein kinase;cAMP-dependent protein kinase catalytic subunit alpha;Maternal embryonic leucine zipper kinase;Serine/threonine-protein kinase AKT,False,175,3.0685643787891137,0.6505342770788555,58.16326530612245,59.455782312925166,6.802721088435375
EOS101508,IPATASERTIB,inhibitor,RAC-beta serine/threonine-protein kinase;cGMP-dependent protein kinase 1;RAC-alpha serine/threonine-protein kinase;RAC-gamma serine/threonine-protein kinase;Serine/threonine-protein kinase AKT,False,82,2.072509517031463,0.5527575978508922,27.823129251700678,25.98639455782313,0.8163265306122449
EOS101499,GSK484,,Protein-arginine deiminase type-4,False,112,2.397885900852038,0.8700106011125412,39.86394557823129,41.08843537414966,37.41496598639456
EOS101466,OZANIMOD,agonist;agonist;modulator,Sphingosine 1-phosphate receptor 1;Sphingosine 1-phosphate receptor 4;Sphingosine 1-phosphate receptor 2;Sphingosine 1-phosphate receptor 5;Sphingosine 1-phosphate receptor 3,False,332,6.866009452358695,0.8079981166271777,98.50340136054422,98.91156462585035,28.843537414965986
EOS101422,SOTAGLIFLOZIN,inhibitor,Sodium/glucose cotransporter 2;Sodium/glucose cotransporter 1,False,54,1.7034739712381897,0.7241152550418102,12.857142857142856,7.6190476190476195,15.918367346938775
EOS101415,VU0240551,inhibitor,Mitogen-activated protein kinase 1;Ferritin light chain;Microtubule-associated protein tau;Solute carrier family 12 member 5;Solute carrier family 12 member 2/member 5,False,240,3.692871574255326,0.914684879690633,82.44897959183673,74.01360544217687,42.44897959183673
EOS101414,TEBANICLINE,partial agonist,Neuronal acetylcholine receptor subunit alpha-4;Neuronal acetylcholine receptor; alpha4/beta2;Neuronal acetylcholine receptor;Acetylcholine receptor subunit alpha;Neuronal acetylcholine receptor subunit alpha-7;Neuronal acetylcholine receptor subunit alpha-3;Neuronal acetylcholine receptor; alpha3/beta4,False,242,3.307702049306956,0.614280310473344,83.33333333333334,65.3061224489796,4.353741496598639
EOS101400,GSK2193874,inhibitor,Transient receptor potential cation channel subfamily V member 4,False,352,7.26884809413756,1.2039256400150427,99.18367346938776,99.18367346938776,69.93197278911565
EOS100548,NEMIRALISIB,inhibitor,"Potassium voltage-gated channel subfamily H member 2;Phosphatidylinositol 4,5-bisphosphate 3-kinase catalytic subunit alpha isoform;Phosphatidylinositol 4,5-bisphosphate 3-kinase catalytic subunit beta isoform;Phosphatidylinositol 4,5-bisphosphate 3-kinase catalytic subunit gamma isoform;Phosphatidylinositol 4,5-bisphosphate 3-kinase catalytic subunit delta isoform",False,207,3.6599526496514994,0.9882879077699519,70.40816326530613,73.60544217687075,51.83673469387755
EOS100546,BAY-299,inhibitor,Bromodomain and PHD finger-containing protein 3;Bromodomain-containing protein 1;Transcription initiation factor TFIID subunit 1-like;Transcription initiation factor TFIID subunit 1;Peregrin;CREB-binding protein,False,249,5.08788197489009,0.7973749065324008,84.76190476190476,91.97278911564626,27.755102040816325
EOS100545,1-NAPHTHYL PP1,,Tyrosine-protein kinase CSK;Proto-oncogene tyrosine-protein kinase LCK;Tyrosine-protein kinase Fyn;Serine/threonine-protein kinase D1;Tyrosine-protein kinase ABL1;Cyclin-dependent kinase 2;Proto-oncogene tyrosine-protein kinase Src;Mitogen-activated protein kinase 8;Calcium/calmodulin-dependent protein kinase type II subunit alpha;Protein kinase C epsilon type;Casein kinase I isoform delta;Receptor-interacting serine/threonine-protein kinase 2;Calmodulin-domain protein kinase 1,False,113,2.3668926125274923,0.6860402579761938,40.68027210884353,39.86394557823129,10.476190476190476
EOS100544,TC-G-1008,,G-protein coupled receptor 39;G protein-coupled receptor 39,False,153,2.723757316102645,0.9506446982770831,52.10884353741496,51.42857142857142,47.48299319727891
EOS100543,PF-670462,inhibitor,"Casein kinase I isoform delta;Casein kinase I isoform epsilon;Epidermal growth factor receptor;MAP kinase p38;Mitogen-activated protein kinase 14;Potassium voltage-gated channel subfamily H member 2;Casein kinase 1, delta tv1",False,124,2.4683183858011084,0.7522819351320074,44.5578231292517,44.353741496598644,20.408163265306122
EOS100540,TMS,,Cytochrome P450 1A2;Cytochrome P450 1B1;Cytochrome P450 1A1,False,213,3.5632917470963674,0.7422427556157468,72.58503401360544,71.29251700680273,18.639455782312925
EOS100538,DOVITINIB,inhibitor,"Serine/threonine-protein kinase 16;Receptor-type tyrosine-protein kinase FLT3;Dual specificity protein kinase CLK4;Serine/threonine-protein kinase DCLK3;Aurora kinase C;Inhibitor of nuclear factor kappa-B kinase subunit epsilon;Serine/threonine-protein kinase ULK2;Vascular endothelial growth factor receptor 2;Platelet-derived growth factor receptor beta;Calcium/calmodulin-dependent protein kinase type II subunit delta;Serine/threonine-protein kinase 3;Dual specificity protein kinase CLK2;Serine/threonine-protein kinase Nek9;Serine/threonine-protein kinase PAK 4;Cyclin-dependent kinase 3;Serine/threonine-protein kinase PAK 3;3-phosphoinositide-dependent protein kinase 1;Phosphatidylinositol 5-phosphate 4-kinase type-2 beta;Mitogen-activated protein kinase kinase kinase 20;NT-3 growth factor receptor;Mitogen-activated protein kinase kinase kinase 12;Non-receptor tyrosine-protein kinase TYK2;MAP/microtubule affinity-regulating kinase 3;AP2-associated protein kinase 1;Insulin receptor;Serine/threonine-protein kinase Chk1;Myosin light chain kinase 2, skeletal/cardiac muscle;Mitogen-activated protein kinase kinase kinase 10;Rho-associated protein kinase 2;Myosin light chain kinase 3;Tyrosine-protein kinase Blk;Serine/threonine-protein kinase MARK2;Serine/threonine-protein kinase Nek4;Mitogen-activated protein kinase kinase kinase kinase 2;Hormonally up-regulated neu tumor-associated kinase;Leucine-rich repeat serine/threonine-protein kinase 2;Serine/threonine-protein kinase pim-2;Aurora kinase B;Serine/threonine-protein kinase ULK3;Rho-associated protein kinase 1;Myosin light chain kinase, smooth muscle;Phosphatidylinositol 4-phosphate 5-kinase type-1 gamma;SRSF protein kinase 3;Microtubule-associated serine/threonine-protein kinase 1;Serine/threonine-protein kinase RIO2;Casein kinase II subunit alpha;Serine/threonine-protein kinase TBK1;Fibroblast growth factor receptor 1;Macrophage colony-stimulating factor 1 receptor;Calcium/calmodulin-dependent protein kinase type II subunit gamma;Calcium/calmodulin-dependent protein kinase kinase 1;eIF-2-alpha kinase GCN2;Tyrosine-protein kinase receptor Tie-1;Protein kinase C theta type;Serine/threonine-protein kinase Nek5;Cyclin-dependent kinase 6;Myosin light chain kinase family member 4;LIM domain kinase 1;Tyrosine-protein kinase ABL2;Serine/threonine-protein kinase PLK4;Serine/threonine-protein kinase BRSK1;Dual specificity mitogen-activated protein kinase kinase 5;Serine/threonine-protein kinase NIM1;Calcium-dependent protein kinase 1;Ribosyldihydronicotinamide dehydrogenase [quinone];cAMP-dependent protein kinase catalytic subunit PRKX;Ribosomal protein S6 kinase beta-1;Tyrosine-protein kinase HCK;Activin receptor type-1;Testis-specific serine/threonine-protein kinase 1;Serine/threonine-protein kinase N2;Tyrosine-protein kinase FRK;Mitogen-activated protein kinase 10;Serine/threonine-protein kinase D2;Macrophage-stimulating protein receptor;Breakpoint cluster region protein;Vascular endothelial growth factor receptor;Cyclin-dependent kinase-like 2;Serine/threonine-protein kinase MARK1;Ribosomal protein S6 kinase alpha-1;Ankyrin repeat and protein kinase domain-containing protein 1;Serine/threonine-protein kinase SBK1;Misshapen-like kinase 1;Tyrosine-protein kinase receptor UFO;Bone morphogenetic protein receptor type-2;Interleukin-1 receptor-associated kinase 1;Rhodopsin kinase GRK1;Mitogen-activated protein kinase kinase kinase 13;Homeodomain-interacting protein kinase 3;High affinity nerve growth factor receptor;Serine/threonine-protein kinase SIK2;Discoidin domain-containing receptor 2;Calcium/calmodulin-dependent protein kinase type 1G;Tyrosine-protein kinase Fgr;Ribosomal protein S6 kinase alpha-2;Calcium/calmodulin-dependent protein kinase kinase 2;Mitogen-activated protein kinase kinase kinase 9;Citron Rho-interacting kinase;5'-AMP-activated protein kinase subunit gamma-1;Uncharacterized protein FLJ45252;Serine/threonine-protein kinase LATS2;Serine/threonine-protein kinase 10;Epidermal growth factor receptor;Serine/threonine-protein kinase 38;NUAK family SNF1-like kinase 1;Serine/threonine-protein kinase 17A;BMP-2-inducible protein kinase;Phosphorylase b kinase gamma catalytic chain, liver/testis isoform;Mitogen-activated protein kinase kinase kinase kinase 4;MAP/microtubule affinity-regulating kinase 4;Inhibitor of nuclear factor kappa-B kinase subunit alpha;Mitogen-activated protein kinase kinase kinase 2;Mitogen-activated protein kinase kinase kinase 19;Rhodopsin kinase GRK7;Mitogen-activated protein kinase kinase kinase 7;Mitogen-activated protein kinase kinase kinase kinase 1;Mitogen-activated protein kinase kinase kinase kinase 3;Mitogen-activated protein kinase kinase kinase kinase 5;Proto-oncogene tyrosine-protein kinase LCK;Tyrosine-protein kinase Mer;Serine/threonine-protein kinase ULK1;Dual specificity tyrosine-phosphorylation-regulated kinase 2;Serine/threonine-protein kinase PRP4 homolog;Ephrin type-B receptor 6;Serine/threonine-protein kinase Sgk3;Interleukin-1 receptor-associated kinase 4;Homeodomain-interacting protein kinase 1;Mast/stem cell growth factor receptor Kit;Serine/threonine-protein kinase Nek2;Platelet-derived growth factor receptor alpha;Serine/threonine-protein kinase LATS1;NUAK family SNF1-like kinase 2;Tyrosine-protein kinase JAK3;Ribosomal protein S6 kinase alpha-6;Casein kinase I isoform delta;Casein kinase II subunit alpha';Death-associated protein kinase 3;Tyrosine-protein kinase receptor TYRO3;Dual specificity mitogen-activated protein kinase kinase 2;Maternal embryonic leucine zipper kinase;Tyrosine-protein kinase ABL1;Serine/threonine-protein kinase Nek7;Tyrosine-protein kinase JAK1;SRSF protein kinase 1;Ribosomal protein S6 kinase alpha-3;Dual specificity protein kinase CLK1;Serine/threonine-protein kinase N1;Serine/threonine-protein kinase D3;Interferon-induced, double-stranded RNA-activated protein kinase;G protein-coupled receptor kinase 4;Serine/threonine-protein kinase Sgk2;STE20/SPS1-related proline-alanine-rich protein kinase;ALK tyrosine kinase receptor;5'-AMP-activated protein kinase subunit gamma-2;Proto-oncogene tyrosine-protein kinase receptor Ret;Serine/threonine-protein kinase Nek6;Proto-oncogene tyrosine-protein kinase Src;Cyclin-dependent kinase 16;Serine/threonine-protein kinase STK11;Fibroblast growth factor receptor 2;Fibroblast growth factor receptor 4;Ribosomal protein S6 kinase alpha-4;Cyclin-dependent kinase 17;Cyclin-dependent kinase 18;Serine/threonine-protein kinase 25;Serine/threonine-protein kinase RIO1;Serine/threonine-protein kinase tousled-like 2;TRAF2 and NCK-interacting protein kinase;BDNF/NT-3 growth factors receptor;Serine/threonine-protein kinase PknB;5'-AMP-activated protein kinase catalytic subunit alpha-2;Tyrosine-protein kinase ITK/TSK;Tyrosine-protein kinase JAK2;Serine/threonine-protein kinase RIO3;5'-AMP-activated protein kinase catalytic subunit alpha-1;Protein kinase C delta type;Ribosomal protein S6 kinase alpha-5;Cyclin-dependent kinase 4;Serine/threonine-protein kinase Chk2;Tyrosine-protein kinase Lyn;Mitogen-activated protein kinase kinase kinase 4;Receptor-interacting serine/threonine-protein kinase 1;Cyclin-G-associated kinase;Vascular endothelial growth factor receptor 1;Phosphatidylinositol 4-phosphate 5-kinase type-1 alpha;Vascular endothelial growth factor receptor 3;Fibroblast growth factor receptor 3;Mitogen-activated protein kinase kinase kinase 11;Serine/threonine-protein kinase 24;Muscle, skeletal receptor tyrosine-protein kinase;Epithelial discoidin domain-containing receptor 1;Tyrosine-protein kinase BTK;Mitogen-activated protein kinase 8;Cyclin-dependent kinase 7;Phosphorylase b kinase gamma catalytic chain, skeletal muscle/heart isoform;STE20-like serine/threonine-protein kinase;Homeodomain-interacting protein kinase 2;Wee1-like protein kinase;Tyrosine-protein kinase Yes;Serine/threonine-protein kinase 17B;Glycogen synthase kinase-3 beta;Dual specificity mitogen-activated protein kinase kinase 1;Serine/threonine-protein kinase 4;Serine/threonine-protein kinase 26;SRSF protein kinase 2;Serine/threonine-protein kinase PLK2;Tyrosine-protein kinase Fyn;Vascular endothelial growth factor A",True,102,2.408059001110234,2.6375011848565717,34.69387755102041,41.49659863945578,98.77551020408163
EOS100532,CITARINOSTAT,inhibitor,Histone deacetylase 6;Histone deacetylase 1;Histone deacetylase 3;Histone deacetylase 2;Histone deacetylase 8,False,95,2.1698384029480358,0.8385632709349793,32.44897959183673,30.612244897959183,32.92517006802721
EOS100503,TAK-960,inhibitor,Serine/threonine-protein kinase PLK1,False,293,5.302812244027413,1.2778769304149873,93.46938775510203,93.33333333333333,74.82993197278913
EOS100492,TALTOBULIN,,Tubulin beta-1 chain,False,280,5.196727459453424,1.2687690090268804,90.27210884353741,92.65306122448979,74.421768707483
EOS100491,-7,,Tyrosine-protein kinase ABL1;Cytoplasmic tyrosine-protein kinase BMX;Mitogen-activated protein kinase kinase kinase kinase 2;Bcr/Abl fusion protein;Activated CDC42 kinase 1,False,185,3.261040742323321,1.062592575691162,62.10884353741497,63.8095238095238,58.50340136054422
EOS100488,MI-773,,,False,227,3.742285099453872,0.9525857533174883,77.75510204081633,75.91836734693878,47.755102040816325
EOS100486,G-5555,,Serine/threonine-protein kinase PAK 1;Serine/threonine-protein kinase 26;Proto-oncogene tyrosine-protein kinase LCK;Serine/threonine-protein kinase PAK 2;Serine/threonine-protein kinase SIK2;Mitogen-activated protein kinase kinase kinase kinase 5;Serine/threonine-protein kinase 24;Serine/threonine-protein kinase 25;Serine/threonine-protein kinase PAK 1/PAK 2,True,319,5.348135347535401,2.6181936137007025,97.00680272108843,93.60544217687075,98.36734693877551
EOS100478,TY 52156,antagonist,Sphingosine 1-phosphate receptor 3,False,64,1.8063172902268514,0.7133774789579966,19.319727891156464,13.741496598639454,14.965986394557824
EOS100797,CARBAMOYLCHOLINE,agonist,Muscarinic acetylcholine receptor;Muscarinic acetylcholine receptors; M1 & M2;Thyrotropin receptor;Neuronal acetylcholine receptor; alpha2/beta2;Neuronal acetylcholine receptor; alpha3/beta2;Neuronal acetylcholine receptor; alpha4/beta4;Neuronal acetylcholine receptor; alpha3/beta4;Muscarinic acetylcholine receptor M1/M5 chimeric protein;Neuronal acetylcholine receptor subunit alpha-7;Prelamin-A/C;Neuronal acetylcholine receptor; alpha4/beta2;Beta-lactamase;Acetylcholine receptor subunit alpha;Acetylcholinesterase;Neuronal acetylcholine receptor;Muscarinic acetylcholine receptors; M2 & M3;Muscarinic acetylcholine receptor M5;Muscarinic acetylcholine receptor M3;Muscarinic acetylcholine receptor M1;Muscarinic acetylcholine receptor M4;Muscarinic acetylcholine receptor M2;Neuronal acetylcholine receptor subunit alpha-2,False,42,1.6352039978080266,0.6527054641207679,1.9727891156462583,4.081632653061225,7.07482993197279
EOS100796,PD078497,,,False,132,2.378743681528898,0.592548132641401,46.25850340136054,40.27210884353741,2.857142857142857
EOS100794,PEPSTATIN A,,Cathepsin D;Renin;Plasmepsin 4;Plasmepsin II;Cysteine protease;Tyrosyl-DNA phosphodiesterase 1;Disintegrin and metalloproteinase domain-containing protein 9;Cruzipain;ATP-dependent DNA helicase Q1;Protease;Candidapepsin-2;Cathepsin E;Procathepsin L;Cathepsin B;Pepsin A-5;Pol polyprotein;Pepsin A;Plasmepsin I,False,68,1.8281968062757443,0.7144062434986701,21.224489795918366,15.510204081632653,15.238095238095239
EOS100769,CCT245737,inhibitor,Serine/threonine-protein kinase Chk1;Serine/threonine-protein kinase Chk2;Potassium voltage-gated channel subfamily H member 2,False,135,2.4212594811750234,0.913687670124118,47.21088435374149,42.44897959183673,42.17687074829932
EOS100761,ALLITINIB,inhibitor,Epidermal growth factor receptor;Receptor tyrosine-protein kinase erbB-2;Receptor tyrosine-protein kinase erbB-4,False,111,2.2735125626380976,1.0269803037726963,38.775510204081634,35.51020408163265,55.51020408163265
EOS100755,CCT244747,inhibitor,Serine/threonine-protein kinase Chk1;Potassium voltage-gated channel subfamily H member 2;Serine/threonine-protein kinase BRSK2;Serine/threonine-protein kinase BRSK1;5'-AMP-activated protein kinase catalytic subunit alpha-1;Ribosomal protein S6 kinase alpha-1;Ribosomal protein S6 kinase alpha-3,False,205,3.535694084896415,0.9332500301846096,69.72789115646259,70.8843537414966,45.85034013605443
EOS100725,HALCINONIDE,agonist;agonist;activator,Androgen receptor;Progesterone receptor;Beta-lactamase;Glucocorticoid receptor;Smoothened homolog,False,44,1.6314682560201441,0.6956877242711451,3.4693877551020407,3.6734693877551026,11.972789115646258
EOS100709,ANDROSTERONE,,Sex hormone-binding globulin;GABA-A receptor; anion channel;Androgen receptor;Corticosteroid-binding globulin;Testosterone 17-beta-dehydrogenase 3;G-protein coupled bile acid receptor 1;Solute carrier organic anion transporter family member 1A1,False,197,3.250101436141946,0.7073368932857051,66.59863945578232,63.6734693877551,13.877551020408163
EOS100682,CVT-313,inhibitor,Cyclin-dependent kinase 1;CDK2/Cyclin A;Cyclin-dependent kinase 2/cyclin E;Cyclin-dependent kinase 2;Cyclin-dependent kinase 2/cyclin E1;CDK7/Cyclin H/MNAT1;Cyclin-dependent kinase 1/cyclin B1;Cyclin-dependent kinase 5/CDK5 activator 1;CDK9/cyclin T1,False,187,3.579858048569316,2.0668639613760478,62.517006802721085,72.10884353741497,93.33333333333333
EOS100658,BMS-509744,inhibitor,Tyrosine-protein kinase ITK/TSK;Insulin receptor;Proto-oncogene tyrosine-protein kinase LCK;Glycogen synthase kinase-3 beta;Cyclin-dependent kinase 2;Tyrosine-protein kinase TXK;Tyrosine-protein kinase Tec;Tyrosine-protein kinase Fyn;Tyrosine-protein kinase BTK;Protein kinase C (PKC),False,125,2.4350203155551355,0.7262546061315529,44.82993197278912,42.993197278911566,16.462585034013603
EOS100618,ENCORAFENIB,inhibitor,Cyclin-dependent kinase 4;Mitogen-activated protein kinase kinase kinase 4;Mitogen-activated protein kinase 14;Mitogen-activated protein kinase 8;Casein kinase I isoform alpha;Serine/threonine-protein kinase TAO3;Receptor-interacting serine/threonine-protein kinase 2;LIM domain kinase 1;Glycogen synthase kinase-3 beta;Glycogen synthase kinase-3 alpha;Mitogen-activated protein kinase kinase kinase 20;Receptor-interacting serine/threonine-protein kinase 3;Choline-phosphate cytidylyltransferase A;Mitogen-activated protein kinase 9;LIM domain kinase 2;Mitogen-activated protein kinase kinase kinase 11;Interleukin-1 receptor-associated kinase 1;Serine/threonine-protein kinase B-raf;Membrane-associated progesterone receptor component 1;Serine/threonine-protein kinase NLK;MAP kinase-activated protein kinase 2;G1/S-specific cyclin-D1,False,285,5.943770010473213,1.362497703959139,91.9047619047619,97.27891156462584,78.77551020408163
EOS100599,AZD5582,antagonist,Baculoviral IAP repeat-containing protein 2;Baculoviral IAP repeat-containing protein 3;E3 ubiquitin-protein ligase XIAP,False,81,2.0448169539976693,0.6245964906627371,27.27891156462585,25.30612244897959,5.034013605442176
EOS100555,ELLIPTICINE,,Proto-oncogene tyrosine-protein kinase LCK;Dual specificity tyrosine-phosphorylation-regulated kinase 1A;Caspase-7;Retinal dehydrogenase 1;Mast/stem cell growth factor receptor Kit;Cytochrome P450 2C9;Lysine-specific demethylase 4E;Survival motor neuron protein;Mitogen-activated protein kinase 1;DNA topoisomerase 2-alpha;Cytochrome P450 1A2;Tyrosyl-DNA phosphodiesterase 1;Polypyrimidine tract-binding protein 1;Cruzipain;Thrombopoietin;Streptokinase A;4'-phosphopantetheinyl transferase ffp;Polyunsaturated fatty acid lipoxygenase ALOX12;Caspase-1;Neuropeptide S receptor;Serine/threonine-protein kinase mTOR;Cytochrome P450 1A1;Signal transducer and activator of transcription 6;Nuclear receptor ROR-gamma;Cytochrome P450 2D6;Endonuclease 4;DNA polymerase beta;Geminin;Lysosomal alpha-glucosidase;Menin/Histone-lysine N-methyltransferase MLL;Prelamin-A/C;Histone-lysine N-methyltransferase 2A;DNA-(apurinic or apyrimidinic site) endonuclease;Microtubule-associated protein tau;Cytochrome P450 2C19;Hypoxia-inducible factor 1-alpha;ATP-dependent DNA helicase Q1;Muscarinic acetylcholine receptor M1;Cellular tumor antigen p53;Hemoglobin subunit beta;Peripheral myelin protein 22;Lethal factor;15-hydroxyprostaglandin dehydrogenase [NAD(+)];Cytochrome P450 3A4;Nuclear factor NF-kappa-B p105 subunit;3-hydroxyacyl-CoA dehydrogenase type-2;Glucocorticoid receptor,True,314,5.590163239289093,2.633602679894319,96.4625850340136,95.64625850340136,98.63945578231292
EOS100988,ECF506,inhibitor,Tyrosine-protein kinase Blk;Tyrosine-protein kinase ABL1;Tyrosine-protein kinase Fyn;Proto-oncogene tyrosine-protein kinase LCK;Tyrosine-protein kinase Lyn;Tyrosine-protein kinase HCK;Tyrosine-protein kinase Fgr;Tyrosine-protein kinase FRK;Proto-oncogene tyrosine-protein kinase Src;Tyrosine-protein kinase Yes,False,263,4.444340186476806,0.6725054961177624,87.48299319727892,86.25850340136054,9.115646258503402
EOS100986,CCT251921,inhibitor,Cyclin-dependent kinase 8;Cyclin-C/Cyclin-dependent kinase 19;CDK8/Cyclin C;Cyclin-dependent kinase 8/19;Cyclin-dependent kinase 19,False,278,6.137531373059392,0.9563622016963784,89.8639455782313,98.36734693877551,48.29931972789115
EOS100985,-5837,inhibitor,NT-3 growth factor receptor;High affinity nerve growth factor receptor;Insulin receptor;Tyrosine-protein kinase Fgr;Insulin-like growth factor 1 receptor;Proto-oncogene tyrosine-protein kinase receptor Ret;ALK tyrosine kinase receptor;Platelet-derived growth factor receptor beta;Tyrosine-protein kinase receptor Tie-1;Proto-oncogene tyrosine-protein kinase ROS;Fibroblast growth factor receptor 3;Mast/stem cell growth factor receptor Kit;Ephrin type-B receptor 2;Receptor-type tyrosine-protein kinase FLT3;Macrophage colony-stimulating factor 1 receptor;Tyrosine-protein kinase Lyn;Cytoplasmic tyrosine-protein kinase BMX;Ephrin type-A receptor 3;Mitogen-activated protein kinase 9;Vascular endothelial growth factor receptor 1;Hepatocyte growth factor receptor;Macrophage-stimulating protein receptor;Proto-oncogene tyrosine-protein kinase Src;Tyrosine-protein kinase ZAP-70;BDNF/NT-3 growth factors receptor;Fibroblast growth factor receptor 4,False,171,2.845592097072977,1.1706106527943854,57.48299319727891,53.87755102040816,67.61904761904762
EOS100971,RO-5045337,binding agent,E3 ubiquitin-protein ligase Mdm2,False,240,3.571634165842055,0.8670046859852091,82.44897959183673,71.83673469387755,36.87074829931973
EOS100969,IDASANUTLIN,inhibitor,E3 ubiquitin-protein ligase Mdm2;Tumour suppressor p53/oncoprotein Mdm2,False,154,2.7692249067738692,1.009436889412654,52.721088435374156,52.51700680272109,53.87755102040816
EOS100934,KIN001-266,,MAP kinase-activated protein kinase 2;Proto-oncogene tyrosine-protein kinase Src;Epidermal growth factor receptor;Mitogen-activated protein kinase kinase kinase 8,False,150,2.9476313126986313,2.0837679770327338,51.156462585034014,55.91836734693878,93.74149659863946
EOS100924,LORLATINIB,inhibitor,ALK tyrosine kinase receptor;BDNF/NT-3 growth factors receptor;Tyrosine-protein kinase Fer;Protein-tyrosine kinase 2-beta;Activated CDC42 kinase 1;NT-3 growth factor receptor;Tyrosine-protein kinase FRK;Leukocyte tyrosine kinase receptor;Proto-oncogene tyrosine-protein kinase ROS;Focal adhesion kinase 1;High affinity nerve growth factor receptor;Tyrosine-protein kinase Fes/Fps;EML4-ALK ;SLC34A2-ROS1;CD74-ROS1,False,230,3.5300789607107905,1.0673290380254272,79.31972789115646,70.74829931972789,58.911564625850346
EOS100920,OREXIN 2 RECEPTOR AGONIST,agonist,Orexin receptor type 2;Orexin receptor type 1,False,94,2.07614117738388,0.7571978862806984,31.83673469387755,26.258503401360546,20.952380952380953
EOS100913,GSK429286A,inhibitor,Ribosomal protein S6 kinase alpha-1;Rho-associated protein kinase 1;Ribosomal protein S6 kinase beta-1,False,67,1.9887060615611931,1.0475140255650603,20.884353741496597,23.26530612244898,57.14285714285714
EOS100862,BAN-ORL-24,antagonist,Nociceptin receptor;Kappa-type opioid receptor;Mu-type opioid receptor,False,60,1.7305207909558802,0.6564235365425307,17.346938775510203,8.979591836734693,7.6190476190476195
EOS101072,STO609,inhibitor,Calcium/calmodulin-dependent protein kinase kinase 2;Cytochrome P450 2C9;Serine/threonine-protein kinase pim-2;MAP kinase-interacting serine/threonine-protein kinase 1;Dual specificity tyrosine-phosphorylation-regulated kinase 2;Casein kinase II;Caspase-7;Caspase-1;Microtubule-associated protein tau;Menin/Histone-lysine N-methyltransferase MLL;Lethal factor;Nuclear receptor ROR-gamma;Cytochrome P450 2C19;Calcium/calmodulin-dependent protein kinase kinase 1;Cytochrome P450 1A2;Cytochrome P450 2D6;Serine/threonine-protein kinase pim-3,False,51,1.7210771498000645,0.9675781004895386,10.54421768707483,8.707482993197278,49.93197278911565
EOS101070,ABT-702,inhibitor,Adenosine kinase,True,85,2.179227487641549,2.5608680743396417,29.04761904761905,31.292517006802722,97.82312925170068
EOS101063,LY344864,agonist,5-hydroxytryptamine receptor 1D;5-hydroxytryptamine receptor 1B;5-hydroxytryptamine receptor 1F;5-hydroxytryptamine receptor 1E;5-hydroxytryptamine receptor 7;5-hydroxytryptamine receptor 2A;5-hydroxytryptamine receptor 2C;5-hydroxytryptamine receptor 2B;5-hydroxytryptamine receptor 1A,False,193,3.085037983189212,0.7428137794930936,65.23809523809524,60.27210884353742,18.775510204081634
EOS101062,LY334370,agonist,5-hydroxytryptamine receptor 1F;5-hydroxytryptamine receptor 1D;5-hydroxytryptamine receptor 1B;5-hydroxytryptamine receptor 1A,False,180,2.949759707785066,0.6629737371773333,60.27210884353742,56.054421768707485,7.891156462585033
EOS101061,BARDOXOLONE,partial agonist;binding agent,"Peroxisome proliferator-activated receptor gamma;Kelch-like ECH-associated protein 1;Nitric oxide synthase, inducible",False,330,5.244336895198607,1.242318058154112,98.36734693877551,92.92517006802721,72.6530612244898
EOS101060,BENZAMIL,blocker,15-hydroxyprostaglandin dehydrogenase [NAD(+)];Retinal dehydrogenase 1;Polycystic kidney disease 2-like 1 protein;Amiloride-sensitive sodium channel subunit alpha;Microtubule-associated protein tau;Acid-sensing ion channel 1;Muscarinic acetylcholine receptor M1;NPC intracellular cholesterol transporter 1;Cytochrome P450 2D6;Cytochrome P450 1A2;Lysosomal alpha-glucosidase;Nuclear factor NF-kappa-B p105 subunit;Thrombopoietin;Hypoxia-inducible factor 1-alpha;Geminin;Peripheral myelin protein 22;Lysine-specific demethylase 4E;3-hydroxyacyl-CoA dehydrogenase type-2;Neuropeptide S receptor;Alpha-galactosidase A;Cruzipain;ENaC&alpha;&beta;&gamma;,False,163,2.817278864804216,0.9148433889660404,55.17006802721088,53.605442176870746,42.72108843537415
EOS101017,LP-211,agonist,D(2) dopamine receptor;5-hydroxytryptamine receptor 7;5-hydroxytryptamine receptor 1A;Adrenergic receptor alpha-1;5-hydroxytryptamine receptor 5A;5-hydroxytryptamine receptor 6;5-hydroxytryptamine receptor 2A,False,71,1.905912683945282,0.7753658421590921,21.904761904761905,19.591836734693878,23.809523809523807
EOS101012,MIVAVOTINIB,inhibitor,"Ephrin type-A receptor 1;Proto-oncogene tyrosine-protein kinase receptor Ret;Receptor-type tyrosine-protein kinase FLT3;Tyrosine-protein kinase JAK3;Tyrosine-protein kinase ZAP-70;Platelet-derived growth factor receptor alpha;Tyrosine-protein kinase SYK;Vascular endothelial growth factor receptor 2;Phosphorylase b kinase gamma catalytic chain, liver/testis isoform;Serine/threonine-protein kinase Chk1;Tyrosine-protein kinase Fer;Serine/threonine-protein kinase PAK 4",False,182,2.9439678004197263,0.681619082883082,60.952380952380956,55.78231292517006,9.931972789115646
EOS101011,PHORBOL 12-MYRISTATE 13-ACETATE,agonist;inhibitor;blocker,Transient receptor potential cation channel subfamily V member 4;Protein kinase C theta type;Potassium channel subfamily T member 1;Microtubule-associated protein tau;Protein kinase C alpha type;Protein kinase C epsilon type;Protein kinase C delta type;Protein kinase C gamma type;Protein kinase C beta type;Nuclear receptor ROR-gamma;Potassium channel subfamily T member 2;Protein kinase C (PKC);Ras guanyl-releasing protein 3;G protein-activated inward rectifier potassium channel 4,False,277,4.97782244028997,0.9857592322628195,89.59183673469387,91.42857142857143,51.42857142857142
EOS101005,SAMURACICLIB,inhibitor,Cyclin-dependent kinase 7;Cyclin-dependent kinase 6;Cyclin-dependent kinase 2;Cyclin-dependent-like kinase 5;Cyclin-dependent kinase 4;Cyclin-dependent kinase 9;Cyclin-dependent kinase 1;Cyclin-dependent kinase 8,False,165,3.2764766858113314,1.5446633983549143,55.646258503401356,64.76190476190476,84.48979591836735
EOS101001,BISINDOLYLMALEIMIDE IX,,"Protein kinase C (PKC);Protein kinase C alpha type;NAD-dependent protein deacetylase HST2;NAD-dependent protein deacetylase sirtuin-3;Ribosomal protein S6 kinase alpha-2;Nuclear receptor ROR-gamma;Cruzipain;3-hydroxyacyl-CoA dehydrogenase type-2;Polyunsaturated fatty acid lipoxygenase ALOX15;Putative fructose-1,6-bisphosphate aldolase;ATP-dependent DNA helicase Q1;Cellular tumor antigen p53;Cytochrome P450 3A4;Lethal factor;Mitogen-activated protein kinase 1;Thyrotropin receptor;Chymotrypsinogen B;Ferritin light chain;NAD-dependent protein deacetylase sirtuin-1;4'-phosphopantetheinyl transferase ffp;Serine/threonine-protein kinase pim-1;Mitogen-activated protein kinase kinase kinase 8;Serine/threonine-protein kinase VRK1;Menin/Histone-lysine N-methyltransferase MLL;Ribosomal protein S6 kinase alpha-3;Glycogen synthase kinase-3 beta;NAD-dependent protein deacetylase sirtuin-2;Serine/threonine-protein kinase VRK2;Mitogen-activated protein kinase kinase kinase kinase 1;Homeodomain-interacting protein kinase 1;Ribosomal protein S6 kinase beta-1;Microtubule-associated protein tau;Ribosomal protein S6 kinase alpha-5",False,165,3.417650497895242,1.235512677019489,55.646258503401356,67.3469387755102,71.70068027210884
EOS101000,BAY 59-3074,partial agonist,Cannabinoid receptor 1;Menin/Histone-lysine N-methyltransferase MLL;Cannabinoid receptor 2;Nuclear receptor ROR-gamma,False,64,1.831099010532901,1.021558581993333,19.319727891156464,16.054421768707485,54.421768707483
EOS100996,PEXMETINIB,inhibitor,"Vascular endothelial growth factor receptor 3;Tyrosine-protein kinase HCK;Tyrosine-protein kinase FRK;Tyrosine-protein kinase Lyn;Mitogen-activated protein kinase 14;Tyrosine-protein kinase Mer;Myosin light chain kinase, smooth muscle;High affinity nerve growth factor receptor;Protein-tyrosine kinase 2-beta;Mitogen-activated protein kinase kinase kinase kinase 4;MAP kinase-activated protein kinase 2;Cyclin-dependent-like kinase 5;Discoidin domain-containing receptor 2;Ephrin type-B receptor 4;Interleukin-1 receptor-associated kinase 1;Proto-oncogene tyrosine-protein kinase receptor Ret;Receptor-interacting serine/threonine-protein kinase 3;Breakpoint cluster region protein;Ephrin type-B receptor 3;Tyrosine-protein kinase ABL2;Ephrin type-A receptor 7;Serine/threonine-protein kinase B-raf;Cyclin-dependent kinase 17;Epithelial discoidin domain-containing receptor 1;Tyrosine-protein kinase Fyn;Fibroblast growth factor receptor 1;Angiopoietin-1 receptor;Ephrin type-A receptor 2;Mitogen-activated protein kinase 10;Mitogen-activated protein kinase 9;Mitogen-activated protein kinase 11;Mitogen-activated protein kinase kinase kinase 20;Misshapen-like kinase 1;Vascular endothelial growth factor receptor 1;Tyrosine-protein kinase ABL1;Ephrin type-A receptor 1;Non-receptor tyrosine-protein kinase TNK1",False,208,3.0845214028182366,1.4879588081738842,70.95238095238095,60.136054421768705,83.26530612244898
EOS100993,AZD6738,inhibitor,Serine/threonine-protein kinase mTOR;Serine/threonine-protein kinase ATR,False,146,2.565495550993195,0.7573460804578134,50.0,47.3469387755102,21.08843537414966
EOS101390,CRT 0066101,inhibitor,Serine/threonine-protein kinase D1;Serine/threonine-protein kinase D3;Serine/threonine-protein kinase D2,False,173,3.4206826461335256,1.8114113992385723,57.89115646258504,67.4829931972789,91.02040816326532
EOS101357,LIFIRAFENIB,inhibitor,Epidermal growth factor receptor;Serine/threonine-protein kinase A-Raf;Serine/threonine-protein kinase B-raf,False,239,3.7298953481963473,0.9201300023208898,81.9047619047619,75.51020408163265,44.21768707482993
EOS101349,SSR240612,antagonist,B1 bradykinin receptor,False,207,4.326748195610908,0.9216254459381767,70.40816326530613,84.89795918367346,44.625850340136054
EOS101346,MS417,inhibitor,Bromodomain-containing protein 4;Translocator protein;Adenosine receptor A3,False,125,2.3314956286603827,1.167601491359084,44.82993197278912,38.095238095238095,67.07482993197279
EOS101332,AZD1332,,High affinity nerve growth factor receptor;Tyrosine-protein kinase Yes;Potassium voltage-gated channel subfamily H member 2;Aurora kinase A;BDNF/NT-3 growth factors receptor;NT-3 growth factor receptor,False,325,4.450833315788669,1.6626253824509942,97.95918367346938,86.39455782312925,87.34693877551021
EOS101322,E-2012,,Gamma-secretase;Potassium voltage-gated channel subfamily H member 2,False,228,3.421247393197706,0.5933837855591286,78.36734693877551,67.61904761904762,2.9931972789115644
EOS101312,AEE-788,inhibitor,Epidermal growth factor receptor;Activated CDC42 kinase 1;LIM domain kinase 2;LIM domain kinase 1;Discoidin domain-containing receptor 2;Receptor tyrosine-protein kinase erbB-2;Receptor tyrosine-protein kinase erbB-4;Tyrosine-protein kinase ABL2;Vascular endothelial growth factor receptor 1;Mitogen-activated protein kinase kinase kinase 20;Wee1-like protein kinase;STE20-like serine/threonine-protein kinase;Mitogen-activated protein kinase kinase kinase kinase 2;Mitogen-activated protein kinase kinase kinase 4;Dual specificity mitogen-activated protein kinase kinase 5;Vascular endothelial growth factor receptor 2;Breakpoint cluster region protein;Serine/threonine-protein kinase 10;Tyrosine-protein kinase ABL1;Mitogen-activated protein kinase kinase kinase kinase 5;Activin receptor type-1;Tyrosine-protein kinase Yes;Serine/threonine-protein kinase SIK2;Platelet-derived growth factor receptor beta;Ephrin type-B receptor 4;Epithelial discoidin domain-containing receptor 1;Serine/threonine-protein kinase Nek3;Mitogen-activated protein kinase kinase kinase kinase 4;Proto-oncogene tyrosine-protein kinase receptor Ret,False,241,4.203625488903621,1.350226552573051,82.92517006802721,83.53741496598639,78.2312925170068
EOS101310,PYR3,blocker,Short transient receptor potential channel 3;Stromal interaction molecule 1 & 2/Calcium release-activated calcium channel protein 1;ORAI1/STIM1;Short transient receptor potential channel 1 & 3/Stromal interaction molecule 1/Calcium release-activated calcium channel protein 1,False,146,2.6058457519012315,0.8108158996184912,50.0,48.02721088435374,29.115646258503403
EOS101298,XL518,,,False,157,2.674693233317934,1.2098243300672886,53.87755102040816,50.06802721088436,70.20408163265306
EOS101292,BMS-599626,inhibitor,Receptor tyrosine-protein kinase erbB-2;Dual specificity mitogen-activated protein kinase kinase 5;Receptor tyrosine-protein kinase erbB-4;Epidermal growth factor receptor;Cytochrome P450 2C9;Cytochrome P450 3A4;Cytochrome P450 2C19;Potassium voltage-gated channel subfamily H member 2,False,99,2.3178578893773363,0.7360587622474781,33.53741496598639,37.27891156462585,17.414965986394556
EOS101260,SCH772984,inhibitor,Mitogen-activated protein kinase 1;Mitogen-activated protein kinase 3;Mitogen-activated protein kinase 6;Dual specificity mitogen-activated protein kinase kinase; MEK1/2;Mitogen-activated protein kinase; ERK1/ERK2,False,178,3.622532917399932,1.745305170181524,59.38775510204082,72.78911564625851,89.38775510204081
EOS101252,AZELIRAGON,antagonist,Advanced glycosylation end product-specific receptor,False,365,8.483886004458808,0.7663107581624125,99.59183673469387,99.8639455782313,22.312925170068027
EOS101171,SELONSERTIB,inhibitor,Mitogen-activated protein kinase kinase kinase 5;Mitogen-activated protein kinase kinase kinase 6,False,83,2.221063651518145,0.5727144999463216,28.29931972789116,32.7891156462585,1.6326530612244898
EOS101159,ECHINOCYSTIC ACID,,Tissue factor,False,132,2.5085159208064813,0.7053750514191987,46.25850340136054,46.12244897959184,13.60544217687075
EOS101158,ARCTIGENIN,,Cytochrome P450 3A4;Cytochrome P450 2C9;Dual specificity mitogen-activated protein kinase kinase 1;Nuclear receptor ROR-gamma;Cytochrome P450 2C19;Cytochrome P450 1A2;Mitogen-activated protein kinase 1,False,205,3.1094085723669043,1.1345554523954664,69.72789115646259,61.224489795918366,63.94557823129252
EOS101153,METHAZOLAMIDE,inhibitor,"Carbonic anhydrase;Carbonic anhydrase 2;Carbonic anhydrase 1;Carbonic anhydrase 12;Microtubule-associated protein tau;Huntingtin;Carbonic anhydrase 6;Cytochrome P450 2C9;Carbonic anhydrase 15;Carbonic anhydrase 5A, mitochondrial;Carbonic anhydrase V;Carbonic anhydrase 7;Carbonic anhydrase 4;Carbonic anhydrase 13;Carbonic anhydrase 9;3-hydroxyacyl-CoA dehydrogenase type-2;Carbonic anhydrase 3;Carbonic anhydrase 5B, mitochondrial;Carbonic anhydrase 14;15-hydroxyprostaglandin dehydrogenase [NAD(+)];4'-phosphopantetheinyl transferase ffp;Beta-carbonic anhydrase 1",False,44,1.6196331709152492,0.9841389240395281,3.4693877551020407,2.9931972789115644,51.29251700680272
EOS101150,Z-360,antagonist,Gastrin/cholecystokinin type B receptor,False,49,1.836600679444348,0.6190927709631634,8.16326530612245,16.598639455782312,4.489795918367347
EOS101149,GABAZINE,antagonist,GABA-A receptor; anion channel;Cytochrome P450 2C9;Gamma-aminobutyric acid receptor subunit alpha-5;Gamma-aminobutyric acid receptor subunit alpha-4;Gamma-aminobutyric acid receptor subunit alpha-3;Gamma-aminobutyric acid receptor subunit alpha-2;Gamma-aminobutyric acid receptor subunit alpha-1;GABA-A receptor; alpha-1/beta-2/gamma-2;GABA-A receptor; alpha-1/beta-3/gamma-2;Cytochrome P450 1A2;3-hydroxyacyl-CoA dehydrogenase type-2;Polyunsaturated fatty acid lipoxygenase ALOX15;Cytochrome P450 2D6;Inositol monophosphatase 1;Lethal factor;Cytochrome P450 2C19;GABA-A receptor; alpha-5/beta-3/gamma-2;Gamma-aminobutyric acid receptor subunit alpha-6,False,77,2.0953968994443546,0.737568170565745,25.102040816326532,27.755102040816325,17.82312925170068
EOS101146,ENIPORIDE,,Sodium/hydrogen exchanger 1;Sodium/hydrogen exchanger 3;Sodium/hydrogen exchanger 2;Sodium/hydrogen exchanger,False,45,1.9118632493874497,0.7397025669805478,4.489795918367347,20.136054421768705,18.231292517006803
EOS101145,MOTOLIMOD,agonist,Toll-like receptor 8,False,111,2.1817582722359328,0.7450596270549741,38.775510204081634,31.564625850340132,19.047619047619047
EOS101133,WIN 55212-2,agonist;antagonist,Cytochrome P450 2C9;Bloom syndrome protein;Glycine receptor subunit alpha-2;Paired box protein Pax-8;Serine/threonine-protein kinase mTOR;Neuropeptide S receptor;Peripheral myelin protein 22;Thrombopoietin;Non-structural protein 1;Prelamin-A/C;Lethal factor;Polyunsaturated fatty acid lipoxygenase ALOX15;Muscarinic acetylcholine receptor M1;Cytochrome P450 2D6;Cytochrome P450 3A4;Cruzipain;Nuclear factor NF-kappa-B p105 subunit;Hypoxia-inducible factor 1-alpha;Cytochrome P450 2C19;Nuclear receptor ROR-gamma;Cannabinoid receptor 2;Cannabinoid receptor;Cannabinoid receptor 1;Geminin;Retinal dehydrogenase 1;Glycine receptor subunit alpha-3,False,357,8.137642224627827,0.8758165160185544,99.31972789115646,99.72789115646259,37.95918367346939
EOS101114,BX 471,antagonist,C-C chemokine receptor type 1;C-C motif chemokine receptor 1,False,216,3.1290428738193383,1.1411609385738561,73.40136054421768,61.63265306122449,64.35374149659864
EOS101103,VINBLASTINE,binding agent;inhibitor;inhibitor;binding agent;other,Tubulin;ATP-dependent translocase ABCB1;Prelamin-A/C;Cytochrome P450 3A4;Tubulin epsilon chain;Tubulin gamma-1 chain;Tubulin delta chain;Tubulin beta-5 chain;Tubulin alpha-1A chain;ATP-binding cassette sub-family C member 2;Multidrug resistance-associated protein 1;Bile salt export pump;Thromboxane-A synthase;Beta-tubulin;Amine oxidase [flavin-containing] B;Lysine-specific demethylase 4E;Solute carrier organic anion transporter family member 1B3;Nuclear receptor ROR-gamma;Menin/Histone-lysine N-methyltransferase MLL;Solute carrier organic anion transporter family member 1B1;Polyunsaturated fatty acid lipoxygenase ALOX15;Microtubule-associated protein tau;Hypoxia-inducible factor 1-alpha;Huntingtin;ATP-dependent DNA helicase Q1;Transcription factor AP-1,False,323,5.403646956686463,1.530191019102213,97.55102040816327,94.5578231292517,83.94557823129252
EOS101085,WWL70,inhibitor,Monoacylglycerol lipase ABHD6,False,48,1.8887135887937685,0.5975096379013893,7.414965986394558,18.775510204081634,3.6734693877551026
EOS101073,GSK1016790A,activator,Transient receptor potential cation channel subfamily V member 4,False,202,3.0560057593800107,0.6635865680187406,68.70748299319727,58.911564625850346,8.027210884353742
EOS101251,PLX8394,inhibitor,Serine/threonine-protein kinase B-raf;RAF proto-oncogene serine/threonine-protein kinase,False,163,2.951910720405051,1.0241498822320032,55.17006802721088,56.326530612244895,54.96598639455782
EOS101245,D 4476,inhibitor,Casein kinase I;Casein kinase I isoform alpha;TGF-beta receptor type-1;Casein kinase I isoform epsilon;Mitogen-activated protein kinase 14;Casein kinase I isoform delta;Serine/threonine-protein kinase D1,False,50,1.8493394744591902,1.0350294201645274,9.387755102040817,17.006802721088434,56.054421768707485
EOS101237,LY-2090314,inhibitor,"Calcium/calmodulin-dependent protein kinase type II subunit delta;Serine/threonine-protein kinase 17A;STE20-like serine/threonine-protein kinase;3-phosphoinositide-dependent protein kinase 1;Cyclin-dependent kinase 1;Serine/threonine-protein kinase pim-1;Protein kinase C gamma type;Serine/threonine-protein kinase 3;Cyclin-dependent kinase 4;Calcium/calmodulin-dependent protein kinase type II subunit beta;SRSF protein kinase 1;Calcium/calmodulin-dependent protein kinase type II subunit gamma;Ribosomal protein S6 kinase alpha-3;Glycogen synthase kinase-3 alpha;Serine/threonine-protein kinase N2;Serine/threonine-protein kinase TAO1;Cyclin-dependent-like kinase 5;Dual specificity protein kinase CLK2;[Pyruvate dehydrogenase (acetyl-transferring)] kinase isozyme 1, mitochondrial;Glycogen synthase kinase-3 beta;Proto-oncogene tyrosine-protein kinase LCK;Protein kinase C delta type;5'-AMP-activated protein kinase catalytic subunit alpha-1;Cyclin-dependent kinase 2;Serine/threonine-protein kinase pim-3;Dual specificity protein kinase CLK4;MAP/microtubule affinity-regulating kinase 3;Protein kinase C beta type;Dual specificity tyrosine-phosphorylation-regulated kinase 1A",False,136,3.043475268188698,0.8952758970647883,47.61904761904761,58.50340136054422,40.95238095238095
EOS101234,TENIPOSIDE,inhibitor,ATP-binding cassette sub-family C member 4;DNA topoisomerase II;ATP-binding cassette sub-family C member 3;DNA topoisomerase 2-alpha,False,375,6.078561150245497,0.9591232753658959,99.72789115646259,97.68707482993197,48.707482993197274
EOS101229,ERDAFITINIB,inhibitor;substrate;substrate;inhibitor,Fibroblast growth factor receptor 1;Fibroblast growth factor receptor 4;Vascular endothelial growth factor receptor 2;Fibroblast growth factor receptor 2;Fibroblast growth factor receptor 3;Fibroblast growth factor receptor;RET proto-oncogene;Macrophage colony-stimulating factor 1 receptor;Platelet-derived growth factor receptor alpha;Platelet-derived growth factor receptor beta;Mast/stem cell growth factor receptor Kit,False,228,4.093465949024253,1.0267326702459438,78.36734693877551,82.0408163265306,55.374149659863946
EOS101222,RALIMETINIB,inhibitor,Mitogen-activated protein kinase 14;Mitogen-activated protein kinase 11,False,120,2.4700936105980817,2.192933026769249,43.46938775510204,44.48979591836735,94.96598639455782
EOS101216,PIK75,inhibitor,"Phosphatidylinositol 4,5-bisphosphate 3-kinase catalytic subunit gamma isoform;Phosphatidylinositol 4,5-bisphosphate 3-kinase catalytic subunit beta isoform;Phosphatidylinositol 4,5-bisphosphate 3-kinase catalytic subunit delta isoform;Phosphatidylinositol 4,5-bisphosphate 3-kinase catalytic subunit alpha isoform;Cyclin-dependent kinase 9;CDK9/cyclin T1;Cyclin-dependent kinase 7;Receptor-type tyrosine-protein kinase FLT3;Cyclin-dependent kinase 2;DNA-dependent protein kinase catalytic subunit;Phosphatidylinositol 4-phosphate 3-kinase C2 domain-containing subunit beta",False,241,4.748813420772704,1.5560752293281899,82.92517006802721,89.38775510204081,85.03401360544217
EOS101213,MI-3,,Menin,False,135,2.4748948406781333,0.704558481831489,47.21088435374149,44.761904761904766,13.333333333333334
EOS101201,TRICIRIBINE,,Reverse transcriptase/RNaseH,False,230,3.8117057979334774,1.0033200363777448,79.31972789115646,77.55102040816327,53.197278911564624
EOS101188,RS 504393,antagonist,C-C chemokine receptor type 2,False,118,2.4473997919051147,0.7710561385610512,42.925170068027214,43.673469387755105,23.537414965986393
EOS100159,POSACONAZOLE,antagonist,"14-alpha sterol demethylase;7-alpha-hydroxycholest-4-en-3-one 12-alpha-hydroxylase;Cytochrome P450 2C9;Sterol 14-alpha demethylase;Aromatase;Cytochrome P450 3A4;Steroid 17-alpha-hydroxylase/17,20 lyase;Cytochrome P450 11B1, mitochondrial;Cytochrome P450 11B2, mitochondrial;Bile salt export pump;Lanosterol 14-alpha demethylase",False,146,2.676918458348038,1.1413274804787998,50.0,50.204081632653065,64.48979591836735
EOS102216,PD121351,,Lysosomal alpha-glucosidase;Microtubule-associated protein tau;4'-phosphopantetheinyl transferase ffp;Neuropeptide S receptor;15-hydroxyprostaglandin dehydrogenase [NAD(+)];Retinal dehydrogenase 1;Replicase polyprotein 1ab;Metabotropic glutamate receptor 6,False,49,1.6575796618040057,0.5561133474722685,8.16326530612245,5.170068027210884,1.0884353741496597
EOS102214,5-AMINO-8-HYDROXYQUINOLINE,,"Heat shock protein HSP90;Replicase polyprotein 1ab;Indoleamine 2,3-dioxygenase 1;Catechol O-methyltransferase;Proteasome subunit beta type-5;Tryptophan 2,3-dioxygenase",False,177,3.2236299589912476,0.9780032547039491,58.77551020408164,62.72108843537415,50.884353741496604
EOS102210,PD156125,,,False,114,2.3965123862142717,0.7416872082919025,41.08843537414966,40.816326530612244,18.503401360544217
EOS102207,17-HYDROXYPROGESTERONE,,,False,46,1.6378188190356389,0.8920708123653321,5.442176870748299,4.217687074829931,40.136054421768705
EOS102205,WAY-304036,,Mitogen-activated protein kinase 1;Lysine-specific demethylase 4E;Survival motor neuron protein;Lethal(3)malignant brain tumor-like protein 1,False,40,1.607997028309158,0.7102074485081681,1.292517006802721,2.312925170068027,14.557823129251702
EOS102201,PD129995,,,False,95,2.1396870351626665,0.8784861153362701,32.44897959183673,29.25170068027211,38.23129251700681
EOS102177,PD129957,,,False,219,3.9333263610832154,1.2708023405953381,74.96598639455783,79.31972789115646,74.5578231292517
EOS102127,WAY-312483,,Thyrotropin receptor;Beta-lactamase,False,105,2.3334594640480537,0.6193773068335146,36.054421768707485,38.23129251700681,4.625850340136054
EOS102119,WAY-645789,,4'-phosphopantetheinyl transferase ffp;FAD-linked sulfhydryl oxidase ALR;Microtubule-associated protein tau;Non-structural protein 1;Beta-lactamase;Lethal factor;Retinal dehydrogenase 1;Ferritin light chain;NPC intracellular cholesterol transporter 1;3-hydroxyacyl-CoA dehydrogenase type-2,False,165,2.8837234915040457,0.7663482699604856,55.646258503401356,54.421768707483,22.448979591836736
EOS102117,PD129966,,,True,66,1.861684110169487,2.173776116755578,20.272108843537413,17.687074829931973,94.82993197278911
EOS102103,COUMARIN 7,,Beta-lactamase;Lethal factor;Serine-protein kinase ATM;Histone-lysine N-methyltransferase 2A;Caspase-7;Neuropeptide S receptor;Ras-related protein Rab-9A;DNA polymerase beta;Caspase-1;Huntingtin;NPC intracellular cholesterol transporter 1;Cellular tumor antigen p53;Prelamin-A/C;Hemoglobin subunit beta;Nuclear receptor ROR-gamma;Protein-tyrosine kinase 2-beta;Ubiquitin carboxyl-terminal hydrolase 2;Menin/Histone-lysine N-methyltransferase MLL;Luciferin 4-monooxygenase;Microtubule-associated protein tau,True,79,2.1977087783588445,2.768599036748079,26.258503401360546,32.10884353741497,99.18367346938776
EOS102088,PD119387,,Nucleotide-binding oligomerization domain-containing protein 1;Tumor necrosis factor;Nuclear receptor ROR-gamma;Nucleotide-binding oligomerization domain-containing protein 2,False,199,2.9268307095157717,0.6208917518489971,67.4829931972789,55.10204081632652,4.761904761904762
EOS102037,WAY-119574,,Microtubule-associated protein tau;Thioredoxin glutathione reductase;Retinal dehydrogenase 1;Menin/Histone-lysine N-methyltransferase MLL,False,139,2.4904370869916654,0.707990739153281,48.36734693877551,45.442176870748305,14.14965986394558
EOS100413,LDC000067,,CDK9/cyclin T1;Cyclin-dependent kinase 5/CDK5 activator 1;Cyclin-dependent kinase 4/cyclin D1;Cyclin-dependent kinase 1/cyclin B1,False,178,3.0202386391029195,1.3280225251101694,59.38775510204082,58.0952380952381,77.27891156462586
EOS100388,GW 4064,agonist,Bile acid receptor;Ferritin light chain;Menin/Histone-lysine N-methyltransferase MLL;Thyroid hormone receptor beta;ATP-dependent DNA helicase Q1;Nuclear receptor ROR-gamma;Bloom syndrome protein,False,43,1.5745615539627913,0.8946245727883769,2.6530612244897958,1.4965986394557822,40.68027210884353
EOS100387,METERGOLINE,antagonist;inverse agonist;inhibitor,"Bloom syndrome protein;Acetylcholinesterase;5-hydroxytryptamine receptor 2A;5-hydroxytryptamine receptor 2C;5-hydroxytryptamine receptor 2B;Serotonin 2 (5-HT2) receptor;Retinal dehydrogenase 1;5-hydroxytryptamine receptor 5A;Pyruvate kinase;4'-phosphopantetheinyl transferase ffp;Cytochrome P450 2D6;Alpha-2C adrenergic receptor;Serine/threonine-protein kinase mTOR;D(1A) dopamine receptor;5-hydroxytryptamine receptor 1D;Sodium-dependent dopamine transporter;Histamine H2 receptor;Sodium-dependent serotonin transporter;Substance-K receptor;Alpha-2B adrenergic receptor;Sodium-dependent noradrenaline transporter;Histamine H1 receptor;Alpha-1D adrenergic receptor;D(3) dopamine receptor;D(2) dopamine receptor;Alpha-2A adrenergic receptor;Alpha-1B adrenergic receptor;Alpha-1A adrenergic receptor;Cellular tumor antigen p53;Endonuclease 4;Serotonin 1 (5-HT1) receptor;5-hydroxytryptamine receptor 1A;Ubiquitin carboxyl-terminal hydrolase 2;Prelamin-A/C;Nuclear receptor ROR-gamma;Lysosomal alpha-glucosidase;Cytochrome P450 3A4;5-hydroxytryptamine receptor 4;5-hydroxytryptamine receptor 1F;5-hydroxytryptamine receptor 6;Lysine-specific demethylase 4E;Microtubule-associated protein tau;Peripheral myelin protein 22;Mitogen-activated protein kinase 1;Guanine nucleotide-binding protein G(i) subunit alpha-1/Regulator of G-protein signaling 12;5-hydroxytryptamine receptor 1E;5-hydroxytryptamine receptor 7;5-hydroxytryptamine receptor 1B;Menin/Histone-lysine N-methyltransferase MLL;Putative fructose-1,6-bisphosphate aldolase;Muscarinic acetylcholine receptor M1;Thrombopoietin;Geminin;Sodium channel protein type 2 subunit alpha",True,114,2.303790955190975,2.403603554040288,41.08843537414966,36.87074829931973,97.00680272108843
EOS100370,EMETINE,,"Bloom syndrome protein;Neuropeptide S receptor;Putative hydrolase RBBP9;Hypoxia inducible factors; HIF-1-alpha, HIF-2-alpha;ATP-dependent translocase ABCB1;Alpha-2A adrenergic receptor;Serine/threonine-protein kinase mTOR;Heat shock factor protein 1;Solute carrier family 2, facilitated glucose transporter member 1;Genome polyprotein;Alpha-1A adrenergic receptor;Glucose transporter;Hexose transporter 1;Alpha-1B adrenergic receptor;Geminin;Prelamin-A/C;Nuclear receptor ROR-gamma;Menin/Histone-lysine N-methyltransferase MLL;Lysine-specific demethylase 4E;Peripheral myelin protein 22;Mitogen-activated protein kinase 1;Alpha-2C adrenergic receptor",False,222,3.9827380918774837,0.9274667199640375,76.12244897959184,80.40816326530611,45.30612244897959
EOS100367,BROXYQUINOLINE,,"Cellular tumor antigen p53;Nuclear receptor ROR-gamma;Menin/Histone-lysine N-methyltransferase MLL;Heat shock protein 90, putative;Huntingtin;Catechol O-methyltransferase;Lysine-specific demethylase 4E;Heat shock protein HSP 90-alpha",False,54,1.8079814378379648,0.8681678879733695,12.857142857142856,14.013605442176871,37.27891156462585
EOS100364,AMODIAQUINE,inhibitor,Hypoxia-inducible factor 1-alpha;Lethal factor;Cytochrome P450 2D6;Cytochrome P450 1A2;Cytochrome P450 2J2;Bile salt export pump;Histamine N-methyltransferase;Heparanase;Cytochrome P450 3A4;Lysosomal alpha-glucosidase;Cytochrome P450 2C9;Cytochrome P450 2C19;Potassium voltage-gated channel subfamily H member 2;Cytochrome P450 2C8;Amyloid-beta A4 protein,False,230,3.5823629462322346,0.8956852730224105,79.31972789115646,72.51700680272108,41.224489795918366
EOS100360,SUCCIMER,,Replicase polyprotein 1ab,False,182,2.9298989300148706,0.8011164315680073,60.952380952380956,55.23809523809524,28.163265306122447
EOS100344,CARMOFUR,,"Cytochrome P450 3A4;Sulfide:quinone oxidoreductase, mitochondrial;Fatty-acid amide hydrolase 1;Mitogen-activated protein kinase 3;Replicase polyprotein 1ab;Prelamin-A/C;Acid ceramidase;Cytochrome P450 2D6",False,217,3.4897661968186506,0.762460874334317,74.08163265306122,69.52380952380952,21.496598639455783
EOS100343,DIIODOHYDROXYQUINOLINE,,"Signal transducer and activator of transcription 6;Thioredoxin glutathione reductase;Proto-oncogene tyrosine-protein kinase LCK;Receptor tyrosine-protein kinase erbB-2;Epidermal growth factor receptor;Tyrosine-protein kinase Fyn;Adenosine receptor A3;15-hydroxyprostaglandin dehydrogenase [NAD(+)];Polyunsaturated fatty acid lipoxygenase ALOX15;3-hydroxyacyl-CoA dehydrogenase type-2;Mitogen-activated protein kinase 1;Heat shock protein 90, putative;Heat shock protein HSP 90-alpha;Menin/Histone-lysine N-methyltransferase MLL;Hypoxia-inducible factor 1-alpha;Nuclear receptor ROR-gamma;Huntingtin;Mitogen-activated protein kinase 14;Angiotensin-converting enzyme;Cellular tumor antigen p53;Beta-lactamase;Cruzipain;Catechol O-methyltransferase;Retinal dehydrogenase 1;Lysine-specific demethylase 4E;Prelamin-A/C;Mitogen-activated protein kinase 3;4'-phosphopantetheinyl transferase ffp;Paired box protein Pax-8",False,216,4.347255834576315,1.4148145694436651,73.40136054421768,85.03401360544217,80.81632653061224
EOS100342,ROTENONE,,NADH-ubiquinone oxidoreductase chain 4;Neuropeptide S receptor;Bile salt export pump;5-hydroxytryptamine receptor 6;Lethal factor;Tyrosyl-DNA phosphodiesterase 1;Non-structural protein 1;Mitochondrial complex I; NADH oxidoreductase;Cytochrome P450 3A4;Microtubule-associated protein tau;ATP-dependent DNA helicase Q1;Bloom syndrome protein;Cytochrome P450 2C9;Lysine-specific demethylase 4E;Prelamin-A/C;Geminin;Retinal dehydrogenase 1;Ferritin light chain;NADH-ubiquinone oxidoreductase chain 1;Cytochrome P450 2C19;Cruzipain;Thyrotropin receptor;Cytochrome b-245 light chain;DNA polymerase beta;Peripheral myelin protein 22;Nuclear receptor ROR-gamma;Serine/threonine-protein kinase mTOR,False,197,3.307052961530867,0.8653148083687485,66.59863945578232,65.17006802721087,36.46258503401361
EOS100333,HEXACHLOROPHENE,inhibitor,"Nuclear receptor ROR-gamma;Zinc finger protein mex-5;5-hydroxytryptamine receptor 2C;Receptor tyrosine-protein kinase erbB-2;Epidermal growth factor receptor;Alpha-2C adrenergic receptor;Adenosine receptor A3;ATP-dependent molecular chaperone HSP82;Mitogen-activated protein kinase 3;Envelope glycoprotein gp160;Cytochrome P450 3A4;Streptokinase A;Lethal factor;Estrogen receptor;Heat shock 70 kDa protein 1A;Hypoxia-inducible factor 1-alpha;Menin/Histone-lysine N-methyltransferase MLL;Substance-K receptor;Cytochrome P450 1A2;Paired box protein Pax-8;Prostaglandin G/H synthase 2;Succinate dehydrogenase [ubiquinone] cytochrome b small subunit, mitochondrial;Quinone-dependent D-lactate dehydrogenase;Enoyl-[acyl-carrier-protein] reductase [NADH] FabI;Thromboxane-A synthase;Proto-oncogene tyrosine-protein kinase LCK;Tyrosine-protein kinase Fyn;Endoplasmic reticulum chaperone BiP;Acetylcholinesterase;Sodium-dependent serotonin transporter;Cytochrome P450 2C19;Alpha-2A adrenergic receptor;Neuropeptide Y receptor type 1;5-hydroxytryptamine receptor 2B;Adenosine receptor A2a;Prelamin-A/C;Thiosulfate sulfurtransferase;Androgen receptor;Cruzipain;Macrophage migration inhibitory factor;Mitogen-activated protein kinase 1;Protein RecA;Cytoplasmic zinc-finger protein;Calpain-2 catalytic subunit;Induced myeloid leukemia cell differentiation protein Mcl-1 homolog;Microtubule-associated protein tau;N-acyl-phosphatidylethanolamine-hydrolyzing phospholipase D;Ubiquitin carboxyl-terminal hydrolase 2;Heat shock protein HSP 90-alpha;Bloom syndrome protein;4-diphosphocytidyl-2-C-methyl-D-erythritol kinase, chloroplastic;Heat shock cognate 71 kDa protein;Polyunsaturated fatty acid lipoxygenase ALOX15;GroEL/GroES;Galactokinase;M1-family alanyl aminopeptidase;Replicative DNA helicase;DNA polymerase beta;Caspase-7;Thyroid hormone receptor beta;HSP60/HSP10;Mitogen-activated protein kinase 14;Heat shock protein 90, putative;15-hydroxyprostaglandin dehydrogenase [NAD(+)];Huntingtin;Polyunsaturated fatty acid lipoxygenase ALOX12;3-hydroxyacyl-CoA dehydrogenase type-2;ATP-dependent DNA helicase Q1;Ferritin light chain;Transitional endoplasmic reticulum ATPase;Thyrotropin receptor;Glutamate dehydrogenase 1, mitochondrial",False,152,3.403138406722014,1.541442068466905,51.63265306122449,67.07482993197279,84.35374149659864
EOS100287,MPI-0479605,inhibitor,Dual specificity protein kinase TTK,False,76,2.2167143774158053,1.052649295470008,24.5578231292517,32.38095238095238,57.68707482993197
EOS100219,HYDROXYFASUDIL,inhibitor,Rho-associated protein kinase 1;Rho-associated protein kinase 2;Retinal dehydrogenase 1;15-hydroxyprostaglandin dehydrogenase [NAD(+)];Serine/threonine-protein kinase ULK1;Cruzipain;Serine/threonine-protein kinase D2;cAMP-dependent protein kinase (PKA);Potassium voltage-gated channel subfamily H member 2;Dual specificity protein kinase CLK1;Acyl-CoA dehydrogenase family member 10;Serine/threonine-protein kinase N1;Serine/threonine-protein kinase N2;C-C motif chemokine 2,False,75,1.9868664904828737,1.6652708490831576,23.877551020408163,23.12925170068027,87.48299319727892
EOS100195,VER-49009,,Heat shock protein HSP 90-alpha;Macrophage colony-stimulating factor 1 receptor;ATP-dependent molecular chaperone HSC82;Ribosomal protein S6 kinase alpha-3;Serine/threonine-protein kinase pim-1;Cyclin-dependent kinase 2;Heat shock protein HSP90;Heat shock protein HSP 90-beta;Rho-associated protein kinase 2;Serine/threonine-protein kinase D2;Rho-associated protein kinase 1;Serine/threonine-protein kinase D3,False,281,4.097339666721568,1.0219843438638143,90.61224489795919,82.31292517006803,54.69387755102041
EOS100408,TPKI-24,inhibitor,"Dual specificity protein kinase TTK;Serine/threonine-protein kinase PLK1;Tyrosine-protein kinase Fer;Serine/threonine-protein kinase PLK3;Serine/threonine-protein kinase PLK2;Myosin light chain kinase, smooth muscle;Death-associated protein kinase 3",False,302,5.496010909502367,1.3962758345758048,95.37414965986395,94.96598639455782,79.72789115646258
EOS102116,PD119831,,"Aldehyde dehydrogenase, dimeric NADP-preferring;Retinal dehydrogenase 1;Aldehyde dehydrogenase, mitochondrial",False,121,2.4007539901540045,0.9559913797669374,43.945578231292515,41.224489795918366,48.02721088435374
EOS102030,WAY-388156,,Cytochrome P450 1A2;Beta-lactamase;Cytochrome P450 2C9;Thioredoxin glutathione reductase;Cytochrome P450 2C19,False,293,4.785533525964711,0.6056382269637056,93.46938775510203,89.65986394557824,3.9455782312925165
EOS101174,TELAGLENASTAT,inhibitor,"Glutaminase kidney isoform, mitochondrial",False,120,2.4653465816086806,0.9147629612196516,43.46938775510204,44.08163265306123,42.585034013605444
EOS101183,ULIXERTINIB,inhibitor,Serine/threonine-protein kinase D2;Mitogen-activated protein kinase 1;Mitogen-activated protein kinase 3;Serine/threonine-protein kinase TAO1;Mitogen-activated protein kinase; ERK1/ERK2,False,163,3.237451189568119,1.0551158756753687,55.17006802721088,63.26530612244898,57.95918367346938
EOS100998,NELFINAVIR,,,False,132,2.470965200757058,0.8120979521744092,46.25850340136054,44.625850340136054,29.38775510204082
EOS101209,DIPHENYLENEIODONIUM,agonist,Cytochrome P450 3A4;G-protein coupled receptor 3;Cytochrome P450 2C19;Muscarinic acetylcholine receptor M1;Thrombopoietin;Cellular tumor antigen p53;Thyrotropin receptor;Cytochrome P450 2D6;Lethal factor;Signal transducer and activator of transcription 6;Cytochrome P450 2C9;Nuclear receptor ROR-gamma;Retinal dehydrogenase 1;Cytochrome P450 1A2;Mitogen-activated protein kinase 1;Serine/threonine-protein kinase mTOR,False,250,3.7126929141416527,2.059925574637321,84.89795918367346,75.10204081632654,93.19727891156462
EOS101230,GSK1070916,inhibitor,"Mitogen-activated protein kinase kinase kinase 11;Serine/threonine-protein kinase D2;Cytochrome P450 2C9;Cytochrome P450 3A4;BMP-2-inducible protein kinase;Proto-oncogene tyrosine-protein kinase receptor Ret;Receptor-interacting serine/threonine-protein kinase 2;Rho-associated protein kinase 2;Serine/threonine-protein kinase SIK1;Cytochrome P450 2D6;AarF domain-containing protein kinase 1;RAC-gamma serine/threonine-protein kinase;Receptor-type tyrosine-protein kinase FLT3;Acyl-CoA dehydrogenase family member 10;Activin receptor type-1;Ferrochelatase, mitochondrial;Mitogen-activated protein kinase kinase kinase 4;High affinity nerve growth factor receptor;Serine/threonine-protein kinase PLK4;Non-receptor tyrosine-protein kinase TNK1;Aurora-C/INCENP;Citron Rho-interacting kinase;Epithelial discoidin domain-containing receptor 1;Fibroblast growth factor receptor 1;Aurora kinase B/Inner centromere protein;Mitogen-activated protein kinase kinase kinase kinase 4;Dual specificity mitogen-activated protein kinase kinase 5;Aurora kinase B;Protein-tyrosine kinase 6;MAP kinase-activated protein kinase 2;Serine/threonine-protein kinase SIK2;Aurora kinase A;Aurora kinase C;Vascular endothelial growth factor receptor 1;Angiopoietin-1 receptor;Cytochrome P450 2C19;Activin receptor type-2B;Discoidin domain-containing receptor 2;Vascular endothelial growth factor receptor 3;Casein kinase I isoform delta;Deoxycytidine kinase;Mitogen-activated protein kinase 14;Aurora kinase A/Targeting protein for Xklp2;Myosin light chain kinase 3;Serine/threonine-protein kinase D3;TGF-beta receptor type-1;Ephrin type-B receptor 6;Activin receptor type-1B;Inhibitor of nuclear factor kappa-B kinase subunit epsilon",False,201,3.6608257347532835,1.9976086003323843,68.16326530612244,73.74149659863946,92.78911564625851
EOS101236,RUBOXISTAURIN,inhibitor,"Rhodopsin kinase GRK1;Serine/threonine-protein kinase TAO1;Myotonin-protein kinase;Myosin light chain kinase, smooth muscle;Cyclin-dependent kinase 16;Calcium/calmodulin-dependent protein kinase kinase 1;Aurora kinase C;Death-associated protein kinase 2;Serine/threonine-protein kinase 10;Serine/threonine-protein kinase PRP4 homolog;Ribosomal protein S6 kinase alpha-4;Protein kinase C theta type;Serine/threonine-protein kinase N2;Dual specificity protein kinase CLK1;Calcium/calmodulin-dependent protein kinase type 1D;Death-associated protein kinase 3;Platelet-derived growth factor receptor beta;Homeodomain-interacting protein kinase 2;Dual specificity protein kinase CLK2;Serine/threonine-protein kinase STK11;RAC-beta serine/threonine-protein kinase;Dual specificity mitogen-activated protein kinase kinase 6;Serine/threonine-protein kinase pim-3;Protein kinase C iota type;Dual specificity tyrosine-phosphorylation-regulated kinase 1B;Uncharacterized protein FLJ45252;Dual specificity mitogen-activated protein kinase kinase 5;SRSF protein kinase 3;Phosphatidylinositol 4-phosphate 5-kinase type-1 gamma;Serine/threonine-protein kinase TBK1;Casein kinase II subunit alpha';Protein kinase C alpha type;SRSF protein kinase 1;Proto-oncogene tyrosine-protein kinase LCK;Homeodomain-interacting protein kinase 4;Mitogen-activated protein kinase kinase kinase 2;Serine/threonine-protein kinase ICK;Serine/threonine-protein kinase Chk2;Mitogen-activated protein kinase kinase kinase kinase 3;Cyclin-dependent kinase 4;Mitogen-activated protein kinase kinase kinase kinase 2;Cyclin-dependent kinase-like 5;Mitogen-activated protein kinase kinase kinase 3;Serine/threonine-protein kinase 4;Mitogen-activated protein kinase kinase kinase kinase 5;MAP kinase-interacting serine/threonine-protein kinase 1;Dual specificity tyrosine-phosphorylation-regulated kinase 1A;Glycogen synthase kinase-3 alpha;Casein kinase II subunit alpha;G protein-coupled receptor kinase 4;Ribosomal protein S6 kinase alpha-5;AP2-associated protein kinase 1;Fibroblast growth factor receptor 1;Leucine-rich repeat serine/threonine-protein kinase 2;Serine/threonine-protein kinase Sgk3;Cyclin-dependent kinase 7;Citron Rho-interacting kinase;Serine/threonine-protein kinase 3;Mitogen-activated protein kinase kinase kinase 9;Calcium/calmodulin-dependent protein kinase type II subunit gamma;Serine/threonine-protein kinase LATS1;Calcium/calmodulin-dependent protein kinase type II subunit alpha;Homeodomain-interacting protein kinase 1;Rhodopsin kinase GRK7;Calcium/calmodulin-dependent protein kinase type II subunit delta;cAMP-dependent protein kinase catalytic subunit alpha;Glycogen synthase kinase-3 beta;Serine/threonine-protein kinase tousled-like 1;Mitogen-activated protein kinase 15;Dual specificity mitogen-activated protein kinase kinase 4;Serine/threonine-protein kinase TAO3;Serine/threonine-protein kinase Chk1;Mitogen-activated protein kinase kinase kinase kinase 1;NUAK family SNF1-like kinase 1;Epidermal growth factor receptor;Serine/threonine-protein kinase LATS2;RAC-gamma serine/threonine-protein kinase;SRSF protein kinase 2;Tyrosine-protein kinase JAK3;Dual specificity protein kinase CLK4;Serine/threonine-protein kinase PLK4;Serine/threonine-protein kinase pim-2;Serine/threonine-protein kinase pim-1;Protein kinase C eta type;Protein kinase C delta type;Tyrosine-protein kinase HCK;Protein kinase C gamma type;Protein kinase C beta type;CaM kinase II;Protein kinase C epsilon type;Protein kinase C (PKC);Death-associated protein kinase 1;NUAK family SNF1-like kinase 2;Homeodomain-interacting protein kinase 3;Ribosomal protein S6 kinase alpha-1;Mitogen-activated protein kinase kinase kinase 19;Serine/threonine-protein kinase TAO2;Serine/threonine-protein kinase 33;Ribosomal protein S6 kinase beta-1;Serine/threonine-protein kinase RIO3;Serine/threonine-protein kinase RIO1;Ribosomal protein S6 kinase alpha-2;Cyclin-G-associated kinase;Calcium/calmodulin-dependent protein kinase kinase 2;cGMP-dependent protein kinase 2;Serine/threonine-protein kinase D2;cAMP-dependent protein kinase catalytic subunit beta;Phosphatidylinositol 4-phosphate 5-kinase type-1 alpha;Receptor-type tyrosine-protein kinase FLT3;BMP-2-inducible protein kinase;Proto-oncogene tyrosine-protein kinase ROS;Serine/threonine-protein kinase N1;Ribosomal protein S6 kinase alpha-6;Serine/threonine-protein kinase MARK2;3-phosphoinositide-dependent protein kinase 1;TRAF2 and NCK-interacting protein kinase;Phosphorylase b kinase gamma catalytic chain, skeletal muscle/heart isoform;Ribosomal protein S6 kinase alpha-3;STE20-like serine/threonine-protein kinase;Misshapen-like kinase 1;Mast/stem cell growth factor receptor Kit;Phosphatidylinositol 5-phosphate 4-kinase type-2 beta",False,294,4.55384795268679,1.6311002690849856,93.94557823129252,87.89115646258503,86.66666666666667
EOS101113,L-779450,inhibitor,Serine/threonine-protein kinase B-raf;RAF proto-oncogene serine/threonine-protein kinase,False,265,5.000213018130012,1.3746477719279635,87.61904761904762,91.56462585034014,79.04761904761905
EOS101075,GW1100,antagonist,Free fatty acid receptor 1,False,154,2.5378334792668267,0.775657989293393,52.721088435374156,46.802721088435376,23.945578231292515
EOS101132,HTH-01-015,inhibitor,NUAK family SNF1-like kinase 1,False,147,2.9799652599741537,1.2089912752030667,50.40816326530613,56.734693877551024,70.06802721088435
EOS101254,BETP,allosteric modulator,Glucagon-like peptide 1 receptor,False,54,1.8942258808066554,0.7304774084245844,12.857142857142856,19.183673469387756,17.142857142857142
EOS100887,NAZARTINIB,inhibitor,Epidermal growth factor receptor;Cytochrome P450 2D6,False,120,2.5942908393421877,0.8185623082369539,43.46938775510204,47.755102040816325,30.612244897959183
EOS101259,BMS-911543,inhibitor,Tyrosine-protein kinase JAK2;Tyrosine-protein kinase JAK1;Ribosyldihydronicotinamide dehydrogenase [quinone];Tyrosine-protein kinase JAK3;Cytochrome P450 3A4;Non-receptor tyrosine-protein kinase TYK2;Phosphodiesterase 4;Cytochrome P450 1A2;JAK3/JAK1,False,89,2.4416034808668923,1.1430024466647655,30.816326530612244,43.26530612244898,64.89795918367346
EOS101266,GNE-9605,inhibitor,Leucine-rich repeat serine/threonine-protein kinase 2,False,89,2.1161907497370627,0.9386563955956081,30.816326530612244,28.435374149659864,46.666666666666664
EOS101378,LEVOKETOCONAZOLE,,,False,100,2.282398873984608,1.958004835295703,34.08163265306122,36.054421768707485,92.38095238095238
EOS100889,BAFETINIB,inhibitor,"Breakpoint cluster region protein;Ephrin type-A receptor 4;Ephrin type-B receptor 4;Tyrosine-protein kinase ABL2;Phosphatidylinositol 5-phosphate 4-kinase type-2 gamma;MAP kinase-activated protein kinase 3;Ephrin type-A receptor 2;Discoidin domain-containing receptor 2;Serine/threonine-protein kinase A-Raf;Tyrosine-protein kinase Lyn;Epithelial discoidin domain-containing receptor 1;Tyrosine-protein kinase CSK;Proto-oncogene tyrosine-protein kinase receptor Ret;Receptor-interacting serine/threonine-protein kinase 3;Platelet-derived growth factor receptor beta;Myosin light chain kinase, smooth muscle;Ephrin type-B receptor 3;Mitogen-activated protein kinase kinase kinase 20;Tyrosine-protein kinase Fyn;Ephrin type-A receptor 5;MAP kinase-activated protein kinase 2;Receptor-interacting serine/threonine-protein kinase 2;Tyrosine-protein kinase ABL1;Ephrin type-B receptor 2;Mitogen-activated protein kinase 14;Mitogen-activated protein kinase 11;Dual specificity mitogen-activated protein kinase kinase 5;Ribosyldihydronicotinamide dehydrogenase [quinone];Proto-oncogene tyrosine-protein kinase LCK;Interleukin-1 receptor-associated kinase 1;Serine/threonine-protein kinase B-raf;Tyrosine-protein kinase FRK",False,215,4.312623841693235,0.8348064500229391,72.99319727891157,84.76190476190476,32.244897959183675
EOS101003,COMPOUND 2 [PMID: 24793972],agonist,Probable G-protein coupled receptor 88,False,111,2.253720949195267,1.048493382046044,38.775510204081634,34.14965986394558,57.41496598639456
EOS100949,MP7,,3-phosphoinositide-dependent protein kinase 1,False,121,2.27907091037029,0.7660729509394912,43.945578231292515,35.91836734693877,22.176870748299322
EOS100897,VERTEX 11E,inhibitor,Rho-associated protein kinase 1;Cyclin-dependent kinase 2;Mitogen-activated protein kinase 1;Receptor-type tyrosine-protein kinase FLT3;Aurora kinase A;Mitogen-activated protein kinase 10;Mitogen-activated protein kinase kinase kinase 7;Mitogen-activated protein kinase 3,False,129,2.465539564352769,0.8295314934015668,45.374149659863946,44.21768707482993,31.83673469387755
EOS100279,PIK-III,inhibitor,"Phosphatidylinositol 3-kinase catalytic subunit type 3;Phosphatidylinositol 4,5-bisphosphate 3-kinase catalytic subunit delta isoform;Phosphatidylinositol 4,5-bisphosphate 3-kinase catalytic subunit gamma isoform",False,247,3.994445792163095,0.9966959887845346,84.35374149659864,80.81632653061224,52.6530612244898
EOS100384,CI-1040,allosteric modulator;inhibitor,Dual specificity mitogen-activated protein kinase kinase 1;RAF proto-oncogene serine/threonine-protein kinase;Dual specificity mitogen-activated protein kinase kinase 2;Dual specificity mitogen-activated protein kinase kinase; MEK1/2;Casein kinase II subunit alpha;Calcium/calmodulin-dependent protein kinase type II subunit alpha;Aurora kinase C;Platelet-derived growth factor receptor beta;Casein kinase 2,False,154,2.652783341899015,1.4807276112577155,52.721088435374156,49.523809523809526,82.99319727891157
EOS100967,GDC-0623,inhibitor,Potassium voltage-gated channel subfamily H member 2;Dual specificity mitogen-activated protein kinase kinase 1,False,89,2.18437274815445,1.2977987205835846,30.816326530612244,31.700680272108844,76.05442176870748
EOS100976,KB NB 142-70,inhibitor,Serine/threonine-protein kinase D1,False,217,3.6973589351542544,1.679119621930369,74.08163265306122,74.28571428571429,87.89115646258503
EOS100743,BCTC,antagonist,Transient receptor potential cation channel subfamily V member 1;Potassium voltage-gated channel subfamily H member 2;Transient receptor potential cation channel subfamily M member 8;Transient receptor potential cation channel subfamily A member 1,False,75,1.95898906857319,1.2467533423512722,23.877551020408163,22.040816326530614,73.06122448979592
EOS100792,BMS-863233,inhibitor,Serine/threonine-protein kinase pim-1;Casein kinase II alpha/beta;Cell division cycle 7-related protein kinase;Cytochrome P450 1A2,False,142,2.716143016676259,0.7924345246845251,49.1156462585034,50.884353741496604,26.802721088435373
EOS100495,ML390,,"Dihydroorotate dehydrogenase (quinone), mitochondrial",False,61,1.8839009087284302,1.3932962603906596,18.027210884353742,18.503401360544217,79.45578231292517
EOS100502,RG-1530,inhibitor,"Calcium/calmodulin-dependent protein kinase type 1D;Focal adhesion kinase 1;Dual specificity mitogen-activated protein kinase kinase 1;STE20-like serine/threonine-protein kinase;Interleukin-1 receptor-associated kinase 4;Cyclin-dependent kinase 1;Maternal embryonic leucine zipper kinase;Serine/threonine-protein kinase PAK 4;Interleukin-1 receptor-associated kinase 1;Cyclin-dependent-like kinase 5;Mitogen-activated protein kinase 1;3-phosphoinositide-dependent protein kinase 1;Protein kinase C delta type;Tyrosine-protein kinase SYK;Receptor tyrosine-protein kinase erbB-4;Cyclin-dependent kinase 7;Platelet-derived growth factor receptor alpha;Activin receptor type-1;Mitogen-activated protein kinase 9;Proto-oncogene tyrosine-protein kinase ROS;ALK tyrosine kinase receptor;5'-AMP-activated protein kinase catalytic subunit alpha-1;Serine/threonine-protein kinase 17A;Aurora kinase A;Protein kinase C gamma type;Serine/threonine-protein kinase PAK 1;SRSF protein kinase 1;Serine/threonine-protein kinase TAO1;Proto-oncogene tyrosine-protein kinase LCK;LIM domain kinase 1;Tyrosine-protein kinase FRK;Serine/threonine-protein kinase BRSK1;Dual specificity protein kinase CLK4;Tyrosine-protein kinase Fyn;Tyrosine-protein kinase BTK;Serine/threonine-protein kinase N2;Insulin receptor;Mitogen-activated protein kinase kinase kinase kinase 2;Epidermal growth factor receptor;Tyrosine-protein kinase Blk;Casein kinase II subunit alpha;Platelet-derived growth factor receptor beta;Leukocyte tyrosine kinase receptor;BDNF/NT-3 growth factors receptor;Vascular endothelial growth factor receptor 2;Tyrosine-protein kinase ITK/TSK;Fibroblast growth factor receptor 1;Glycogen synthase kinase-3 alpha;Dual specificity tyrosine-phosphorylation-regulated kinase 1B;Phosphorylase b kinase gamma catalytic chain, liver/testis isoform;Tyrosine-protein kinase JAK2;Ephrin type-A receptor 2;G protein-coupled receptor kinase 5;Serine/threonine-protein kinase Sgk2;Proto-oncogene tyrosine-protein kinase Src;Proto-oncogene tyrosine-protein kinase receptor Ret;Macrophage colony-stimulating factor 1 receptor;Serine/threonine-protein kinase PLK4;Serine/threonine-protein kinase PLK3;Dual specificity protein kinase CLK2;Receptor-type tyrosine-protein kinase FLT3;Activated CDC42 kinase 1;MAP kinase-interacting serine/threonine-protein kinase 2;Serine/threonine-protein kinase 3;Tyrosine-protein kinase JAK3;Macrophage-stimulating protein receptor;Testis-specific serine/threonine-protein kinase 2;Non-receptor tyrosine-protein kinase TYK2;High affinity nerve growth factor receptor;Tyrosine-protein kinase Lyn;Serine/threonine-protein kinase Chk1;Mast/stem cell growth factor receptor Kit;NT-3 growth factor receptor;Vascular endothelial growth factor receptor 1;Fibroblast growth factor receptor 3;Tyrosine-protein kinase Fer;Glycogen synthase kinase-3 beta;Serine/threonine-protein kinase Chk2;Cyclin-dependent kinase 2;Leucine-rich repeat serine/threonine-protein kinase 2;Ribosomal protein S6 kinase alpha-3;Mitogen-activated protein kinase 14;Dual specificity mitogen-activated protein kinase kinase 2;Serine/threonine-protein kinase PLK1",False,217,3.916948788089289,1.40471425395423,74.08163265306122,78.91156462585033,80.40816326530611
EOS100440,DIMETHYLENASTRON,,Kinesin-like protein KIF11,False,296,5.472505322970761,0.9088977941615096,94.62585034013605,94.82993197278911,41.904761904761905
EOS101448,LASOFOXIFENE,modulator;agonist;antagonist;partial agonist;negative modulator;agonist;partial agonist;inverse agonist,Estrogen receptor;Estrogen receptor beta;Cannabinoid receptor 2,False,282,5.295376810452535,0.9896210959084173,90.88435374149661,93.19727891156462,51.97278911564626
EOS101452,FIPI,inhibitor,Phospholipase D1;Phospholipase D2,False,78,2.0811849786052057,0.822391835017436,25.510204081632654,26.802721088435373,30.8843537414966
EOS101494,SR-9011,agonist,Oxysterols receptor LXR-alpha;Nuclear receptor subfamily 1 group D member 2;Nuclear receptor subfamily 1 group D member 1,False,47,1.702083025863814,1.246549433603214,6.394557823129252,7.482993197278912,72.92517006802721
EOS100458,ACY-738,inhibitor,Histone deacetylase 2;Histone deacetylase 3;Histone deacetylase 6;Histone deacetylase 1,False,135,2.530948024430263,1.3638055010765275,47.21088435374149,46.53061224489796,78.91156462585033
EOS100444,AFURESERTIB,inhibitor,RAC-alpha serine/threonine-protein kinase;RAC-beta serine/threonine-protein kinase;cAMP-dependent protein kinase catalytic subunit alpha;cAMP-dependent protein kinase catalytic subunit beta;Citron Rho-interacting kinase;RAC-gamma serine/threonine-protein kinase;Rho-associated protein kinase 2;Protein kinase C beta type;Serine/threonine-protein kinase N1;Protein kinase C alpha type;Serine/threonine-protein kinase D2;Rho-associated protein kinase 1;Serine/threonine-protein kinase AKT,False,162,2.8850320859856287,0.9160471950675366,54.625850340136054,54.5578231292517,42.993197278911566
EOS100300,JH-II-127,inhibitor,Leucine-rich repeat serine/threonine-protein kinase 2;Serine/threonine-protein kinase Chk2;Myosin light chain kinase 3,False,117,2.418315044924388,0.9716042923409794,42.31292517006803,42.04081632653061,50.204081632653065
EOS100318,MTOR-IN-1,,Serine/threonine-protein kinase mTOR;Cytochrome P450 3A4;mTORC1,False,232,3.838025615751084,1.0638820511241474,80.0,78.2312925170068,58.63945578231292
EOS100248,TRIAPINE,inhibitor,Ribonucleoside-diphosphate reductase subunit M2;CDGSH iron-sulfur domain-containing protein 1;Ribonucleotide reductase,False,240,4.085083400983666,0.9119941019580771,82.44897959183673,81.7687074829932,42.04081632653061
EOS100266,THZ531,inhibitor,Cyclin-dependent kinase 12;CDK9/cyclin T1;CDK7/Cyclin H/MNAT1;Cyclin-dependent kinase 7;Cyclin-dependent kinase 13/Cyclin-K;CDK12/Cyclin K;Cyclin-dependent kinase 13,False,234,4.452212384988479,1.5757324759276823,80.74829931972789,86.53061224489797,85.98639455782313
EOS101534,PEFICITINIB,inhibitor,Tyrosine-protein kinase JAK1;Tyrosine-protein kinase JAK2;Tyrosine-protein kinase JAK3;Non-receptor tyrosine-protein kinase TYK2,False,224,3.773075293357734,0.9174672253343857,77.07482993197279,77.41496598639456,43.40136054421769
EOS101550,PF-04457845,inhibitor,Cytochrome P450 3A4;Fatty-acid amide hydrolase 1;Cytochrome P450 2D6,False,217,3.206557382460771,0.6464768405954762,74.08163265306122,62.585034013605444,6.394557823129252
EOS101600,PNU 282987,agonist,Neuronal acetylcholine receptor subunit alpha-7;5-HT<sub>3</sub>AB;Serotonin 3 (5-HT3) receptor;Polyunsaturated fatty acid lipoxygenase ALOX15;Thyrotropin receptor;5-hydroxytryptamine receptor 3A,False,55,1.6790832473748816,1.1855599043397107,13.945578231292515,6.394557823129252,69.1156462585034
EOS101585,VANOXERINE,binding agent;inhibitor,Transporter;Nuclear factor NF-kappa-B p105 subunit;Neuropeptide S receptor;Nuclear receptor ROR-gamma;Mitogen-activated protein kinase 1;Sigma intracellular receptor 2;Menin/Histone-lysine N-methyltransferase MLL;Lethal factor;Endonuclease 4;Bloom syndrome protein;Cytochrome P450 1A2;Mu-type opioid receptor;Kappa-type opioid receptor;Ferritin light chain;Peripheral myelin protein 22;Geminin;Voltage-dependent L-type calcium channel subunit alpha-1C;Huntingtin;Thrombopoietin;Sodium-dependent dopamine transporter;Sodium-dependent noradrenaline transporter;Sodium-dependent serotonin transporter;Cytochrome P450 2C19;Cellular tumor antigen p53;Cytochrome P450 2D6;Cytochrome P450 3A4;Sigma non-opioid intracellular receptor 1;4'-phosphopantetheinyl transferase ffp;Retinal dehydrogenase 1;Cytochrome P450 2C9;Prelamin-A/C;Hypoxia-inducible factor 1-alpha;Muscarinic acetylcholine receptor M1;Thyrotropin receptor;Microtubule-associated protein tau;Serine/threonine-protein kinase mTOR,False,104,2.3453782809767625,1.5402421039226732,35.78231292517007,39.183673469387756,84.21768707482993
EOS100240,NVP-CGM097,,Cytochrome P450 3A4;Tumour suppressor p53/oncoprotein Mdm2;E3 ubiquitin-protein ligase Mdm2;Protein Mdm4,False,193,3.510007491010068,1.2223855863802235,65.23809523809524,70.34013605442176,70.47619047619048
EOS101614,ORANTINIB,inhibitor,Aurora kinase C;Proto-oncogene tyrosine-protein kinase receptor Ret;Mitogen-activated protein kinase kinase kinase kinase 2;RNA cytidine acetyltransferase;Serine/threonine-protein kinase 4;Aurora kinase B;Dual specificity mitogen-activated protein kinase kinase 5;Uncharacterized protein FLJ45252;Serine/threonine-protein kinase ULK3;Receptor-type tyrosine-protein kinase FLT3;BMP-2-inducible protein kinase;Cyclin-G-associated kinase;Serine/threonine-protein kinase LATS1;Mitogen-activated protein kinase kinase kinase 11;TRAF2 and NCK-interacting protein kinase;Platelet-derived growth factor receptor;Dual specificity mitogen-activated protein kinase kinase 2;AP2-associated protein kinase 1;Casein kinase II subunit alpha';Aurora kinase A;Fibroblast growth factor receptor 1;Ribosomal protein S6 kinase alpha-4;Platelet-derived growth factor receptor beta;Ribosomal protein S6 kinase alpha-1;Serine/threonine-protein kinase 3;Ribosomal protein S6 kinase alpha-5;Bone morphogenetic protein receptor type-2;Vascular endothelial growth factor receptor 1;Mitogen-activated protein kinase kinase kinase kinase 1;Epidermal growth factor receptor;Inhibitor of nuclear factor kappa-B kinase subunit epsilon;Vascular endothelial growth factor receptor 2;Serine/threonine-protein kinase TBK1;Dual specificity mitogen-activated protein kinase kinase 1;Tyrosine-protein kinase ZAP-70,False,112,2.2195610816872477,1.006279249907877,39.86394557823129,32.6530612244898,53.46938775510204
EOS101775,LDC1267,inhibitor,Tyrosine-protein kinase receptor UFO;Tyrosine-protein kinase receptor TYRO3;Tyrosine-protein kinase Mer,False,168,2.9812954167276864,0.8676405562865017,56.394557823129254,56.87074829931973,37.142857142857146
EOS100104,DIHYDROXYMETHOXYCHALCONE,,Microtubule-associated protein tau;Neuropeptide S receptor;Menin/Histone-lysine N-methyltransferase MLL;Thioredoxin glutathione reductase;Nuclear receptor ROR-gamma;Potassium voltage-gated channel subfamily A member 3,False,96,2.1942033710748183,0.932552254689774,32.857142857142854,31.97278911564626,45.714285714285715
EOS100124,XL228,inhibitor,"Ephrin type-A receptor 4;Serine/threonine-protein kinase ULK3;Serine/threonine-protein kinase 10;Calcium/calmodulin-dependent protein kinase kinase 2;Aurora kinase A;Protein-tyrosine kinase 2-beta;Dual specificity mitogen-activated protein kinase kinase 1;Proto-oncogene tyrosine-protein kinase LCK;Ephrin type-B receptor 6;Casein kinase II subunit alpha';STE20-like serine/threonine-protein kinase;Breakpoint cluster region protein;Activin receptor type-1;Mitogen-activated protein kinase kinase kinase kinase 5;LIM domain kinase 1;Tyrosine-protein kinase HCK;Receptor-type tyrosine-protein kinase FLT3;Ephrin type-B receptor 4;Ephrin type-A receptor 1;Serine/threonine-protein kinase TBK1;Cyclin-dependent kinase 3;Non-receptor tyrosine-protein kinase TNK1;Ephrin type-A receptor 5;Replicase polyprotein 1ab;Activated CDC42 kinase 1;Focal adhesion kinase 1;Serine/threonine-protein kinase N1;Phosphorylase b kinase gamma catalytic chain, liver/testis isoform;MAP/microtubule affinity-regulating kinase 3;Serine/threonine-protein kinase MARK2;Dual specificity mitogen-activated protein kinase kinase 2;Interleukin-1 receptor-associated kinase 3;Tyrosine-protein kinase Fer;General transcription and DNA repair factor IIH helicase subunit XPD;Ephrin type-A receptor 7;Ephrin type-A receptor 2;Cyclin-dependent kinase 17;Proto-oncogene tyrosine-protein kinase receptor Ret;Protein kinase C alpha type;Tyrosine-protein kinase Lyn;Epithelial discoidin domain-containing receptor 1;Tyrosine-protein kinase Tec;Fibroblast growth factor receptor 1;Serine/threonine-protein kinase D2;Cyclin-dependent kinase 16;Serine/threonine-protein kinase PLK4;Macrophage-stimulating protein receptor;Inhibitor of nuclear factor kappa-B kinase subunit epsilon;Cyclin-dependent kinase 9;Serine/threonine-protein kinase 3;Tyrosine-protein kinase BTK;Bone morphogenetic protein receptor type-1A;BMP-2-inducible protein kinase;Tyrosine-protein kinase Yes;TRAF2 and NCK-interacting protein kinase;Serine/threonine-protein kinase STK11;Bone morphogenetic protein receptor type-1B;Insulin-like growth factor 1 receptor;Mitogen-activated protein kinase kinase kinase kinase 2;Tyrosine-protein kinase Fyn;Eukaryotic translation initiation factor 2-alpha kinase 1;Mitogen-activated protein kinase kinase kinase 11;Uncharacterized protein FLJ45252;AP2-associated protein kinase 1;Tyrosine-protein kinase ABL1;Serine/threonine-protein kinase D3;5'-AMP-activated protein kinase subunit gamma-1;5'-AMP-activated protein kinase catalytic subunit alpha-1;Serine/threonine-protein kinase PAK 4;High affinity nerve growth factor receptor;Mitogen-activated protein kinase kinase kinase kinase 3;Mitogen-activated protein kinase kinase kinase kinase 1;Insulin receptor;Ephrin type-B receptor 2;Discoidin domain-containing receptor 2;Cyclin-dependent kinase 7;TGF-beta receptor type-1;Serine/threonine-protein kinase 4;Proto-oncogene tyrosine-protein kinase Src;Aurora kinase B;Tyrosine-protein kinase ABL2;Serine/threonine-protein kinase SIK2;SRC",True,255,4.515032411610304,2.318351111901853,85.3061224489796,87.21088435374149,96.3265306122449
EOS101740,LUMINESPIB,inhibitor,"Heat shock protein HSP 90-beta;Heat shock protein HSP 90-alpha;Endoplasmin;Heat shock protein 75 kDa, mitochondrial;Heat shock protein HSP90;Histidine kinase",False,229,3.574658166388831,1.7196222763548603,78.843537414966,71.97278911564626,88.43537414965986
EOS101688,FLUVOXAMINE,inhibitor;binding agent,Peripheral myelin protein 22;4'-phosphopantetheinyl transferase ffp;Voltage-dependent L-type calcium channel subunit alpha-1C;Transporter;Sigma intracellular receptor 2;Cytochrome P450 2D6;Inositol monophosphatase 1;Potassium voltage-gated channel subfamily H member 2;Sigma non-opioid intracellular receptor 1;Sodium-dependent dopamine transporter;Cytochrome P450 1A2;Cytochrome P450 2C9;Sodium-dependent serotonin transporter;Menin/Histone-lysine N-methyltransferase MLL;Prelamin-A/C;Non-structural protein 1;Neuropeptide S receptor;Histone-lysine N-methyltransferase 2A;Bloom syndrome protein;Sodium channel protein type 5 subunit alpha,False,50,1.6453281459114606,0.7502147382196115,9.387755102040817,4.625850340136054,19.86394557823129
EOS101715,AZD7594,agonist,Glucocorticoid receptor,False,121,2.2622953637927528,0.6923167969085479,43.945578231292515,34.965986394557824,11.564625850340136
EOS100196,PD 150606,,Calpain-1 catalytic subunit;Calpain-2 catalytic subunit,False,42,1.6685932282504907,0.9757263558672966,1.9727891156462583,5.578231292517007,50.61224489795918
EOS100193,ALVESPIMYCIN,inhibitor,"Heat shock protein HSP 90-alpha;Heat shock protein HSP90;Heat shock protein HSP 90-beta;Endoplasmin;Hypoxia inducible factors; HIF-1-alpha, HIF-2-alpha;Hypoxia-inducible factor 1-alpha",True,203,3.387839965775485,2.4245805137216445,69.18367346938776,66.80272108843538,97.27891156462584
EOS102418,PD120666,,Prelamin-A/C;Neuropeptide S receptor;Huntingtin;Menin/Histone-lysine N-methyltransferase MLL;Mitogen-activated protein kinase 1;4'-phosphopantetheinyl transferase ffp;Nuclear receptor ROR-gamma;Microtubule-associated protein tau;Lethal(3)malignant brain tumor-like protein 1;ATP-dependent molecular chaperone HSP82;Microphthalmia-associated transcription factor,False,135,2.657514622928683,0.9982517392422848,47.21088435374149,49.795918367346935,52.7891156462585
EOS101916,PD119139,,Stearoyl-CoA desaturase;Acyl-CoA desaturase 1,False,206,3.2254726885119887,1.2981060118500538,70.06802721088435,62.857142857142854,76.19047619047619
EOS100005,EZETIMIBE,inhibitor;other,NPC1-like intracellular cholesterol transporter 1;Nuclear receptor ROR-gamma;Neuropeptide S receptor;Bile salt export pump;Sterol O-acyltransferase 1;Aminopeptidase N,False,202,3.3550247213360485,1.1541074604285757,68.70748299319727,65.98639455782312,66.12244897959184
EOS102386,PD164269,,,False,50,1.6876551215009865,0.8250962003552345,9.387755102040817,6.666666666666667,31.292517006802722
EOS101890,WAY-298645,,"Heat shock protein 90, putative;Neuropeptide S receptor;Microtubule-associated protein tau;Nuclear receptor ROR-gamma;Huntingtin;Ferritin light chain;Polyunsaturated fatty acid lipoxygenase ALOX12;Prelamin-A/C;C-C chemokine receptor type 6;Retinal dehydrogenase 1;ATP-dependent molecular chaperone HSP82",False,139,2.4272781672856945,1.1555470148019604,48.36734693877551,42.72108843537415,66.25850340136054
EOS100631,SB 203580,inhibitor,"Serine/threonine-protein kinase MRCK gamma;cAMP-dependent protein kinase (PKA);Protein-tyrosine kinase 6;Cytochrome P450 2D6;Phosphatidylinositol 4-phosphate 5-kinase type-1 gamma;Bone morphogenetic protein receptor type-1B;Proto-oncogene tyrosine-protein kinase Src;Hepatocyte growth factor receptor;Serine/threonine-protein kinase 32A;Serine/threonine-protein kinase TNNI3K;Non-receptor tyrosine-protein kinase TYK2;Proto-oncogene tyrosine-protein kinase LCK;Menin/Histone-lysine N-methyltransferase MLL;Serine/threonine-protein kinase MRCK beta;STE20-like serine/threonine-protein kinase;Mitogen-activated protein kinase 8;Tyrosine-protein kinase FRK;Glucagon receptor;Cytochrome P450 1A2;Protein kinase C (PKC);Angiopoietin-1 receptor;P2X purinoceptor 7;Vascular endothelial growth factor receptor 3;Misshapen-like kinase 1;Ephrin type-B receptor 6;Mitogen-activated protein kinase kinase kinase 20;Receptor tyrosine-protein kinase erbB-2;Thromboxane-A synthase;Muscarinic acetylcholine receptor M1;Tyrosinase;Adenosine receptor A2a;Adenosine receptor A1;Dual specificity mitogen-activated protein kinase kinase 5;Mitogen-activated protein kinase;Receptor tyrosine-protein kinase erbB-4;Serine/threonine-protein kinase SIK3;Polyunsaturated fatty acid lipoxygenase ALOX15;Thyrotropin receptor;Serine/threonine-protein kinase SIK2;Serine/threonine-protein kinase NLK;Dual specificity mitogen-activated protein kinase kinase 2;Cytochrome P450 2C19;Dual specificity mitogen-activated protein kinase kinase; MEK1/2;Polyunsaturated fatty acid 5-lipoxygenase;Calcium-dependent protein kinase 1;5-hydroxytryptamine receptor 4;Dual specificity protein kinase TTK;Activin receptor type-1B;Ribosomal protein S6 kinase alpha-6;Ephrin type-A receptor 6;Casein kinase I isoform alpha;15-hydroxyprostaglandin dehydrogenase [NAD(+)];Retinal dehydrogenase 1;3-hydroxyacyl-CoA dehydrogenase type-2;Serine/threonine-protein kinase D2;Tyrosine-protein kinase ABL1;Tyrosine-protein kinase TXK;Prostaglandin G/H synthase 1;MAP kinase p38;Mitogen-activated protein kinase 14;Mitogen-activated protein kinase kinase kinase kinase 4;Serine/threonine-protein kinase B-raf;Epithelial discoidin domain-containing receptor 1;Casein kinase I isoform alpha-like;Glycogen synthase kinase-3 beta;Casein kinase I isoform epsilon;TRAF2 and NCK-interacting protein kinase;Discoidin domain-containing receptor 2;Mitogen-activated protein kinase 11;Ribosomal protein S6 kinase alpha-1;TGF-beta receptor type-1;Serine/threonine-protein kinase 32B;Mitogen-activated protein kinase 1;Lethal factor;Lysine-specific demethylase 4E;Atypical kinase COQ8B, mitochondrial;Cyclin-G-associated kinase;Ephrin type-B receptor 2;Cytochrome P450 3A4;Cytochrome P450 2C9;Epidermal growth factor receptor;TGF-beta receptor type-2;Citron Rho-interacting kinase;Serine/threonine-protein kinase MRCK alpha;Serine/threonine-protein kinase 36;Mitogen-activated protein kinase 10;Casein kinase I isoform delta;Receptor-interacting serine/threonine-protein kinase 2;Mitogen-activated protein kinase 12;Mitogen-activated protein kinase 9;RAF proto-oncogene serine/threonine-protein kinase;cGMP-specific 3',5'-cyclic phosphodiesterase",False,106,2.3610772447786474,1.805114734315901,36.53061224489796,39.455782312925166,90.88435374149661
EOS102383,1-NP,agonist;antagonist,Prelamin-A/C;Cytochrome P450 2D6;Neutrophil cytosol factor 1;Serine/threonine-protein kinase mTOR;5-hydroxytryptamine receptor 2A;Nuclear factor NF-kappa-B p105 subunit;Sigma non-opioid intracellular receptor 1;Cytochrome P450 1A2;5-hydroxytryptamine receptor 1B;5-hydroxytryptamine receptor 1F;5-hydroxytryptamine receptor 7;Muscarinic acetylcholine receptor M1;Serotonin 2 (5-HT2) receptor;Thyrotropin receptor;Lysine-specific demethylase 4E;3-hydroxyacyl-CoA dehydrogenase type-2;5-hydroxytryptamine receptor 1A;Serotonin 1 (5-HT1) receptor;5-hydroxytryptamine receptor 6;5-hydroxytryptamine receptor 5A;5-hydroxytryptamine receptor 1D;5-hydroxytryptamine receptor 1E;5-hydroxytryptamine receptor 2B;Retinal dehydrogenase 1;15-hydroxyprostaglandin dehydrogenase [NAD(+)];Peripheral myelin protein 22;Serotonin 3 (5-HT3) receptor,False,78,2.1234387123918697,0.635769740626591,25.510204081632654,28.843537414965986,5.442176870748299
EOS102380,COLESTID,,Retinal dehydrogenase 1;Lethal factor;Cellular tumor antigen p53;Prelamin-A/C,False,50,1.7599738778877096,0.6918512988731407,9.387755102040817,11.020408163265307,11.428571428571429
EOS100157,CCT196969,inhibitor,Serine/threonine-protein kinase B-raf;Proto-oncogene tyrosine-protein kinase Src;RAF proto-oncogene serine/threonine-protein kinase;Proto-oncogene tyrosine-protein kinase LCK,False,70,1.8929755166008835,1.8008950648406397,21.564625850340136,19.047619047619047,90.61224489795919
EOS100028,INDIRUBIN-3'-OXIME,,,False,107,2.358053348498804,1.0682059565067965,37.142857142857146,39.31972789115646,59.183673469387756
EOS100051,CCT241533,inhibitor,"Serine/threonine-protein kinase Chk1;Serine/threonine-protein kinase Chk2;MAP/microtubule affinity-regulating kinase 3;Phosphorylase b kinase gamma catalytic chain, skeletal muscle/heart isoform",False,233,4.1121921439139975,0.9166992921933876,80.47619047619048,82.44897959183673,43.12925170068027
EOS100140,FILANESIB,inhibitor,Kinesin-like protein KIF11,False,276,4.894626761583601,2.156012369892527,89.25170068027211,90.47619047619048,94.5578231292517
EOS100064,PF 431396,,Protein-tyrosine kinase 2-beta;Aurora kinase A;Focal adhesion kinase 1;Bromodomain-containing protein 4,False,227,4.119724729237952,1.7424801368538876,77.75510204081633,82.58503401360544,89.25170068027211
EOS102353,PD006321,,Dihydrofolate reductase,False,103,2.2383506330473377,0.8701530348873137,35.30612244897959,33.197278911564624,37.55102040816327
EOS102343,DEQUALINIUM,antagonist;antagonist;blocker;antagonist;inhibitor;inhibitor,Prelamin-A/C;cGMP-gated cation channel alpha-1;Cytochrome P450 2D6;Cytochrome P450 1A2;Small conductance calcium-activated potassium channel protein 2;Small conductance calcium-activated potassium channel protein 1;Polyunsaturated fatty acid lipoxygenase ALOX15;Cyclic nucleotide-gated olfactory channel;Small conductance calcium-activated potassium channel protein 3;Lysine-specific demethylase 4E;Muscarinic acetylcholine receptor M1;ATP-dependent DNA helicase Q1;Thyrotropin receptor;4'-phosphopantetheinyl transferase ffp;Serine/threonine-protein kinase mTOR;E3 ubiquitin-protein ligase XIAP;Thrombopoietin;Retinal dehydrogenase 1;Hypoxia-inducible factor 1-alpha;Huntingtin;Cytochrome P450 3A4;3-hydroxyacyl-CoA dehydrogenase type-2;DNA polymerase beta;Endonuclease 4;Cruzipain;Small conductance calcium-activated potassium channel;DNA-(apurinic or apyrimidinic site) endonuclease;Microtubule-associated protein tau;Geminin;Peripheral myelin protein 22;Nuclear receptor ROR-gamma;Neuropeptide S receptor;Menin/Histone-lysine N-methyltransferase MLL;Calcium-activated potassium channel subunit alpha-1,True,60,1.8558227780535979,2.9139860537661177,17.346938775510203,17.414965986394556,99.45578231292517
EOS102237,TANSHINONE IIA,,"Microtubule-associated protein tau;Monoglyceride lipase;Hypoxia inducible factors; HIF-1-alpha, HIF-2-alpha;3-hydroxyacyl-CoA dehydrogenase type-2;ATP-dependent DNA helicase Q1;Protease;Lethal(3)malignant brain tumor-like protein 1;DNA-(apurinic or apyrimidinic site) endonuclease;Polyunsaturated fatty acid lipoxygenase ALOX12;Thioredoxin glutathione reductase;EZH2/SUZ12/EED complex;Tyrosine-protein phosphatase non-receptor type 11;Apoptotic protease-activating factor 1;DNA polymerase beta;Prelamin-A/C;Ferritin light chain;Liver carboxylesterase 1;Cocaine esterase;15-hydroxyprostaglandin dehydrogenase [NAD(+)];Mitogen-activated protein kinase 1;Menin/Histone-lysine N-methyltransferase MLL;Retinal dehydrogenase 1;Replicase polyprotein 1a;Aldo-keto reductase family 1 member B1;Lysine-specific demethylase 4E;Tyrosine-protein phosphatase non-receptor type 6;Cellular tumor antigen p53;Putative fructose-1,6-bisphosphate aldolase;Telomerase reverse transcriptase",False,82,1.9906260063980799,0.8845242040152631,27.823129251700678,23.401360544217688,38.91156462585034
EOS101805,BMS-265246,inhibitor,Cyclin-dependent kinase 1;Cyclin-dependent kinase 1/cyclin B;Cyclin-dependent kinase 1/cyclin B1;Cyclin-dependent kinase 4/cyclin D;Cyclin-dependent kinase 2;Cyclin-dependent kinase 2/cyclin E1;CDK2/Cyclin A;Cyclin-dependent kinase 2/cyclin E;Cyclin-dependent kinase 4/cyclin D1;Cyclin-dependent kinase 5/CDK5 activator 1;CDK7/Cyclin H/MNAT1;CDK9/cyclin T1,False,117,2.344813776860598,1.2871983333331132,42.31292517006803,39.04761904761905,75.78231292517007
EOS101827,SEMAPIMOD,,,False,359,6.490768447719682,1.8257673256127018,99.45578231292517,98.77551020408163,91.15646258503402
EOS101829,METHIOTHEPIN,antagonist;inverse agonist,Endonuclease 4;DNA repair protein RAD52 homolog;G-protein coupled receptor homolog US28;Serine/threonine-protein kinase mTOR;G protein-coupled receptor;Peripheral myelin protein 22;Geminin;Ferritin light chain;D(2) dopamine receptor;D(1A) dopamine receptor;5-hydroxytryptamine receptor 2A;Huntingtin;5-hydroxytryptamine receptor 2C;5-hydroxytryptamine receptor 1E;5-hydroxytryptamine receptor 1F;5-hydroxytryptamine receptor 1D;5-hydroxytryptamine receptor 1B;5-hydroxytryptamine receptor 1A;5-hydroxytryptamine receptor 7;5-hydroxytryptamine receptor 5A;5-hydroxytryptamine receptor 6;5-hydroxytryptamine receptor 2B;Retinal dehydrogenase 1;Nuclear receptor ROR-gamma;Cellular tumor antigen p53;Neuropeptide S receptor;Menin/Histone-lysine N-methyltransferase MLL;Prelamin-A/C;Microtubule-associated protein tau;Mitogen-activated protein kinase 1;Cytochrome P450 3A4;Latent membrane protein 1,False,76,2.1650065786035033,1.001149188537858,24.5578231292517,30.476190476190478,53.06122448979592
EOS101783,AF-353,antagonist,P2X purinoceptor 3;P2X2/P2X3 receptor,False,63,1.818004417361387,1.0483792768008973,18.843537414965986,14.965986394557824,57.278911564625844
EOS101798,LUCITANIB,inhibitor,Pyridoxal kinase;Vascular endothelial growth factor receptor 2;Proto-oncogene tyrosine-protein kinase receptor Ret;Fibroblast growth factor receptor 1;Platelet-derived growth factor receptor alpha;Discoidin domain-containing receptor 2;Fibroblast growth factor receptor 2;Vascular endothelial growth factor receptor 3;Receptor-interacting serine/threonine-protein kinase 2;Vascular endothelial growth factor receptor 1;Epithelial discoidin domain-containing receptor 1;Platelet-derived growth factor receptor beta;Fibroblast growth factor receptor 3;Mast/stem cell growth factor receptor Kit;Aurora kinase B;Tyrosine-protein kinase Lyn,False,213,3.5690278709811776,1.3405678286177487,72.58503401360544,71.56462585034014,77.82312925170068
EOS101788,ZOTIRACICLIB,inhibitor,"Ferrochelatase, mitochondrial;Dual specificity tyrosine-phosphorylation-regulated kinase 1A;Tyrosine-protein kinase JAK2;Cytochrome P450 2D6;CDK3/Cyclin E;Cyclin-dependent kinase 1;Epidermal growth factor receptor;Tyrosine-protein kinase Fer;Mitogen-activated protein kinase kinase kinase kinase 2;Mitogen-activated protein kinase 15;Serine/threonine-protein kinase N1;Serine/threonine-protein kinase TAO2;Tyrosine-protein kinase JAK1;Cyclin-dependent kinase 7;Mitogen-activated protein kinase kinase kinase kinase 5;Mitogen-activated protein kinase kinase kinase kinase 3;Mitogen-activated protein kinase 8;Serine/threonine-protein kinase D2;Serine/threonine-protein kinase SIK3;STE20-like serine/threonine-protein kinase;Protein kinase C beta type;Protein kinase C delta type;Rho-associated protein kinase 1;Serine/threonine-protein kinase 10;Serine/threonine-protein kinase TAO3;Cyclin-dependent kinase 5/CDK5 activator 1;Serine/threonine-protein kinase D3;CDK9/Cyclin K;Serine/threonine-protein kinase N2;Glycogen synthase kinase-3 alpha;Macrophage colony-stimulating factor 1 receptor;Glycogen synthase kinase-3 beta;Receptor-type tyrosine-protein kinase FLT3;Cyclin-dependent kinase 2/cyclin A;Cyclin-dependent kinase 2;Cyclin-dependent kinase 9;Serine/threonine-protein kinase TAO1;Non-receptor tyrosine-protein kinase TYK2;Cyclin-dependent-like kinase 5;Tyrosine-protein kinase ABL1;Serine/threonine-protein kinase MRCK beta;Cyclin-dependent kinase 6;Casein kinase I isoform delta;Casein kinase II subunit alpha';Interleukin-1 receptor-associated kinase 3;General transcription and DNA repair factor IIH helicase subunit XPD;Cyclin-dependent kinase 2/cyclin E1;Protein kinase C alpha type;Proto-oncogene tyrosine-protein kinase receptor Ret;Rho-associated protein kinase 2;Serine/threonine-protein kinase 3;Serine/threonine-protein kinase 4;Cyclin-dependent kinase 1/cyclin B1;Cyclin-dependent kinase 3;Cyclin-dependent kinase 12;Cyclin-dependent kinase 16;Mitogen-activated protein kinase 9;AarF domain-containing protein kinase 1;CDK7/Cyclin H/MNAT1",True,293,5.8492181038469155,2.5916020757521516,93.46938775510203,96.5986394557823,97.95918367346938
EOS101820,MIDOSTAURIN,antagonist;inhibitor,"Receptor-type tyrosine-protein kinase FLT3;Proto-oncogene tyrosine-protein kinase ROS;SRSF protein kinase 3;Serine/threonine-protein kinase ULK3;Mitogen-activated protein kinase kinase kinase 19;Serine/threonine-protein kinase Sgk3;Mitogen-activated protein kinase 10;Non-receptor tyrosine-protein kinase TNK1;5'-AMP-activated protein kinase catalytic subunit alpha-2;Serine/threonine-protein kinase PAK 2;NUAK family SNF1-like kinase 2;Serine/threonine-protein kinase SIK1;Mitogen-activated protein kinase kinase kinase 13;Phosphatidylinositol 3-kinase C2 domain-containing subunit gamma;Tyrosine-protein kinase receptor Tie-1;TRAF2 and NCK-interacting protein kinase;High affinity nerve growth factor receptor;NT-3 growth factor receptor;Glycogen synthase kinase-3 beta;Inhibitor of nuclear factor kappa-B kinase subunit epsilon;MAP/microtubule affinity-regulating kinase 3;Serine/threonine-protein kinase LATS1;Proto-oncogene tyrosine-protein kinase LCK;Serine/threonine-protein kinase pim-2;Aurora kinase B;Homeodomain-interacting protein kinase 4;Serine/threonine-protein kinase 16;Tyrosine-protein kinase FRK;Serine/threonine-protein kinase PAK 3;Myosin light chain kinase family member 4;Vascular endothelial growth factor receptor 2;Mitogen-activated protein kinase kinase kinase kinase 4;Serine/threonine-protein kinase MARK1;Serine/threonine-protein kinase MARK2;MAP/microtubule affinity-regulating kinase 4;Hepatocyte growth factor receptor;Calcium/calmodulin-dependent protein kinase type II subunit beta;Calcium/calmodulin-dependent protein kinase type II subunit gamma;Vascular endothelial growth factor receptor 3;3-phosphoinositide-dependent protein kinase 1;Epithelial discoidin domain-containing receptor 1;Phosphorylase b kinase gamma catalytic chain, skeletal muscle/heart isoform;Tyrosine-protein kinase Yes;Calcium/calmodulin-dependent protein kinase kinase 1;Mitogen-activated protein kinase kinase kinase 10;Mitogen-activated protein kinase kinase kinase 11;Myosin light chain kinase, smooth muscle;Serine/threonine-protein kinase Chk1;eIF-2-alpha kinase GCN2;ALK tyrosine kinase receptor;5'-AMP-activated protein kinase catalytic subunit alpha-1;Rhodopsin kinase GRK1;Ribosomal protein S6 kinase alpha-2;Tyrosine-protein kinase Fgr;Protein-tyrosine kinase 2-beta;Serine/threonine-protein kinase 25;Dual specificity protein kinase CLK2;Macrophage colony-stimulating factor 1 receptor;Tyrosine-protein kinase ZAP-70;RAC-alpha serine/threonine-protein kinase;Serine/threonine-protein kinase 17A;Phosphorylase b kinase gamma catalytic chain, liver/testis isoform;Serine/threonine-protein kinase pim-3;BMP-2-inducible protein kinase;Fibroblast growth factor receptor 3;Calcium/calmodulin-dependent protein kinase type 1G;SRSF protein kinase 1;Serine/threonine-protein kinase 33;Rho-associated protein kinase 1;Dual serine/threonine and tyrosine protein kinase;Phosphatidylinositol 4-phosphate 3-kinase C2 domain-containing subunit beta;Myosin light chain kinase 3;Calcium-dependent protein kinase 1;Myotonin-protein kinase;Ribosomal protein S6 kinase alpha-1;Dual specificity mitogen-activated protein kinase kinase 6;Dual specificity protein kinase CLK3;RAC-gamma serine/threonine-protein kinase;Wee1-like protein kinase;Eukaryotic translation initiation factor 2-alpha kinase 1;Ribosomal protein S6 kinase beta-1;Calcium/calmodulin-dependent protein kinase type II subunit alpha;Maternal embryonic leucine zipper kinase;Mitogen-activated protein kinase kinase kinase kinase 3;Serine/threonine-protein kinase D3;cGMP-dependent protein kinase 2;Ribosomal protein S6 kinase alpha-5;Phosphatidylinositol 4-phosphate 5-kinase type-1 alpha;Serine/threonine-protein kinase BRSK1;Mitogen-activated protein kinase kinase kinase kinase 5;Dual specificity mitogen-activated protein kinase kinase 4;Serine/threonine-protein kinase SIK3;Calcium/calmodulin-dependent protein kinase kinase 2;Poly [ADP-ribose] polymerase tankyrase-2;MAP kinase-interacting serine/threonine-protein kinase 2;Tyrosine-protein kinase Fyn;Serine/threonine-protein kinase PAK 1;Serine/threonine-protein kinase N2;Protein kinase C epsilon type;Inhibitor of nuclear factor kappa-B kinase subunit beta;Serine/threonine-protein kinase/endoribonuclease IRE1;Mitogen-activated protein kinase kinase kinase 2;Mitogen-activated protein kinase kinase kinase kinase 2;Rho-associated protein kinase 2;Ribosomal protein S6 kinase alpha-6;Fibroblast growth factor receptor 2;Calcium/calmodulin-dependent protein kinase type 1D;Serine/threonine-protein kinase 32A;Homeodomain-interacting protein kinase 2;Homeodomain-interacting protein kinase 3;Inhibitor of nuclear factor kappa-B kinase subunit alpha;Misshapen-like kinase 1;Protein kinase C alpha type;Serine/threonine-protein kinase PRP4 homolog;Serine/threonine-protein kinase TBK1;Leucine-rich repeat serine/threonine-protein kinase 2;Tyrosine-protein kinase ABL1;Tyrosine-protein kinase JAK1;Tyrosine-protein kinase JAK2;Serine/threonine-protein kinase RIO1;Serine/threonine-protein kinase RIO3;Testis-specific serine/threonine-protein kinase 1;Aurora kinase C;STE20-like serine/threonine-protein kinase;Serine/threonine-protein kinase N1;Protein kinase C eta type;Receptor tyrosine-protein kinase erbB-4;G protein-coupled receptor kinase 4;Rhodopsin kinase GRK7;Hormonally up-regulated neu tumor-associated kinase;Serine/threonine-protein kinase RIO2;Ephrin type-B receptor 6;Dual specificity tyrosine-phosphorylation-regulated kinase 1A;Serine/threonine-protein kinase ICK;Tyrosine-protein kinase HCK;Tyrosine-protein kinase Mer;Calcium/calmodulin-dependent protein kinase type II subunit delta;Mitogen-activated protein kinase kinase kinase 3;Cyclin-dependent kinase 19;Mitogen-activated protein kinase kinase kinase 9;Serine/threonine-protein kinase 3;Dual specificity protein kinase CLK4;Death-associated protein kinase 1;Aspartyl/asparaginyl beta-hydroxylase;Serine/threonine-protein kinase 4;Interleukin-1 receptor-associated kinase 3;Protein kinase C delta type;Tyrosine-protein kinase JAK3;Mast/stem cell growth factor receptor Kit;Serine/threonine-protein kinase SIK2;SRSF protein kinase 2;Cyclin-G-associated kinase;Serine/threonine-protein kinase BRSK2;Calcium/calmodulin-dependent protein kinase type 1;Proto-oncogene tyrosine-protein kinase Src;Tyrosine-protein kinase SYK;Serine/threonine-protein kinase PLK4;Mitogen-activated protein kinase kinase kinase 7;cAMP-dependent protein kinase catalytic subunit beta;Serine/threonine-protein kinase D2;Dual specificity protein kinase CLK1;Fibroblast growth factor receptor 1;Microtubule-associated serine/threonine-protein kinase 1;Vascular endothelial growth factor receptor 1;Ribosomal protein S6 kinase alpha-3;Ribosomal protein S6 kinase alpha-4;5'-AMP-activated protein kinase subunit gamma-2;Uncharacterized protein FLJ45252;Phosphatidylinositol 5-phosphate 4-kinase type-2 beta;cAMP-dependent protein kinase catalytic subunit PRKX;Angiopoietin-1 receptor;Serine/threonine-protein kinase 17B;Non-receptor tyrosine-protein kinase TYK2;Mitogen-activated protein kinase 9;Serine/threonine-protein kinase STK11;RAC-beta serine/threonine-protein kinase;Leukocyte tyrosine kinase receptor;NUAK family SNF1-like kinase 1;Aurora kinase A;Platelet-derived growth factor receptor alpha;cAMP-dependent protein kinase catalytic subunit alpha;Tyrosine-protein kinase receptor UFO;Tyrosine-protein kinase Blk;Tubulin alpha-1A chain;Proto-oncogene tyrosine-protein kinase receptor Ret;Interferon-induced, double-stranded RNA-activated protein kinase;cGMP-dependent protein kinase 1;Mitogen-activated protein kinase 8;Tyrosine-protein kinase CSK;Activated CDC42 kinase 1;BDNF/NT-3 growth factors receptor;Tyrosine-protein kinase receptor TYRO3;Dual specificity protein kinase TTK;Casein kinase II subunit alpha;Death-associated protein kinase 2;Death-associated protein kinase 3;Dual specificity tyrosine-phosphorylation-regulated kinase 1B;Glycogen synthase kinase-3 alpha;Dual specificity mitogen-activated protein kinase kinase 3;Tyrosine-protein kinase Fer;AP2-associated protein kinase 1;Serine/threonine-protein kinase LATS2;Serine/threonine-protein kinase 10;Tyrosine-protein kinase Lyn;Epidermal growth factor receptor;Platelet-derived growth factor receptor beta;Phosphatidylinositol 4,5-bisphosphate 3-kinase catalytic subunit alpha isoform;Serine/threonine-protein kinase pim-1;Mitogen-activated protein kinase kinase kinase kinase 1;Protein kinase C theta type;5'-AMP-activated protein kinase subunit gamma-1",False,290,6.00470836515595,1.1659997683278418,92.51700680272108,97.41496598639455,66.80272108843538
EOS101821,CHK2 INHIBITOR II,inhibitor,Serine/threonine-protein kinase Chk2;Nuclear receptor ROR-gamma;Menin/Histone-lysine N-methyltransferase MLL;Thyroid hormone receptor beta,False,76,1.9631548697354433,1.4755839211826545,24.5578231292517,22.448979591836736,82.72108843537414
EOS102002,BREQUINAR,inhibitor,"Dihydroorotate dehydrogenase (quinone), mitochondrial;Dihydrofolate reductase",False,108,2.2555219373479196,1.6671453896839885,37.755102040816325,34.285714285714285,87.61904761904762
EOS101817,LEVOTHYROXINE,agonist,"Thyroid hormone receptor beta;Menin/Histone-lysine N-methyltransferase MLL;Nuclear receptor subfamily 1 group I member 2;Malate dehydrogenase, mitochondrial;Transthyretin;Prelamin-A/C;Bile acid receptor;Peroxisome proliferator-activated receptor gamma;Retinoic acid receptor RXR-alpha;Thyroid hormone receptor alpha;Solute carrier organic anion transporter family member 4C1;UDP-glucuronosyltransferase 1A1;Thyroid hormone receptor",False,54,1.7846940878824293,0.6534798300710076,12.857142857142856,12.789115646258503,7.210884353741497
EOS102012,METHYLTHIONINIUM,inhibitor,"Glutathione reductase;15-hydroxyprostaglandin dehydrogenase [NAD(+)];DNA polymerase beta;Thioredoxin glutathione reductase;Ferritin light chain;Menin/Histone-lysine N-methyltransferase MLL;DNA repair protein RAD52 homolog;Mitogen-activated protein kinase 1;Apoptotic protease-activating factor 1;Peroxisome proliferator-activated receptor gamma/Nuclear receptor coactivator 1;Pyruvate kinase PKM;Caspase-6;Putative fructose-1,6-bisphosphate aldolase;Amine oxidase [flavin-containing] A;Huntingtin;Peroxisome proliferator-activated receptor gamma/Nuclear receptor coactivator 2;Peroxisome proliferator-activated receptor gamma/Nuclear receptor coactivator 3;Protein RecA;Amyloid-beta A4 protein;Amine oxidase [flavin-containing] B;Inositol monophosphatase 1;Guanylate cyclase soluble subunit alpha-2;Replicative DNA helicase;4'-phosphopantetheinyl transferase ffp;Cellular tumor antigen p53;Polyunsaturated fatty acid lipoxygenase ALOX15;GroEL/GroES;Cytochrome P450 3A4;Tyrosyl-DNA phosphodiesterase 1;Nuclear receptor ROR-gamma;Thyroid hormone receptor beta;Hypoxia-inducible factor 1-alpha;3-hydroxyacyl-CoA dehydrogenase type-2;Retinal dehydrogenase 1;Thiosulfate sulfurtransferase;Lysine-specific demethylase 4E;ATP-dependent DNA helicase Q1;Microtubule-associated protein tau;Serine-protein kinase ATM;Bloom syndrome protein;Histone-lysine N-methyltransferase 2A;Thioredoxin reductase 1, cytoplasmic;Cruzipain;Neuropeptide S receptor;Nitric oxide synthase, brain",False,141,2.7074454487821966,1.8804973840625347,48.91156462585034,50.61224489795918,91.56462585034014
EOS101851,"2,2'-BIPYRIDINE",,"DNA polymerase beta;Transmembrane prolyl 4-hydroxylase;Putative fructose-1,6-bisphosphate aldolase;Cytochrome P450 1A2;Deoxyhypusine hydroxylase;Lysine-specific demethylase 4E;Bloom syndrome protein;Prelamin-A/C;Methionine aminopeptidase 1;C-C chemokine receptor type 1;C-C chemokine receptor type 8;C-C chemokine receptor type 5",False,47,1.7161358246528304,2.140453317298132,6.394557823129252,8.299319727891156,94.28571428571428
EOS101799,COLFORSIN,inhibitor,"Adenylate cyclase type 1;Histone-lysine N-methyltransferase 2A;Sodium channel alpha subunits; brain (Types I, II, III);Solute carrier family 2, facilitated glucose transporter member 1;Nuclear receptor subfamily 1 group I member 2;ATP-dependent translocase ABCB1;Adenylate cyclase type 8;Relaxin receptor 1;Nuclear receptor subfamily 0 group B member 1;Cystic fibrosis transmembrane conductance regulator",False,58,1.8974601169996659,1.7335523989861445,16.462585034013603,19.45578231292517,88.843537414966
EOS101774,SB 415286,inhibitor,"Cytochrome P450 3A4;DNA polymerase beta;3-hydroxyacyl-CoA dehydrogenase type-2;Putative fructose-1,6-bisphosphate aldolase;Cytochrome P450 1A2;Prelamin-A/C;Survival motor neuron protein;Thrombopoietin;Lysosomal alpha-glucosidase;Dual specificity tyrosine-phosphorylation-regulated kinase 1A;Cyclin-dependent kinase 2/cyclin A;Cytochrome P450 2C9;15-hydroxyprostaglandin dehydrogenase [NAD(+)];Muscarinic acetylcholine receptor M1;Geminin;Thioredoxin glutathione reductase;Glycogen synthase kinase-3 alpha;Non-structural protein 1;Retinal dehydrogenase 1;Thyrotropin receptor;Cyclin-dependent kinase 5/CDK5 activator 1;Nuclear receptor ROR-gamma;4'-phosphopantetheinyl transferase ffp;Peripheral myelin protein 22;Cytochrome P450 2C19;Nuclear factor NF-kappa-B p105 subunit;Menin/Histone-lysine N-methyltransferase MLL;Glycogen synthase kinase-3;Bloom syndrome protein;Hypoxia-inducible factor 1-alpha;Microtubule-associated protein tau;Cyclin-dependent kinase 1/cyclin B;Glycogen synthase kinase-3 beta;Ferritin light chain",False,87,2.099978761464267,0.9660275487055378,29.863945578231295,27.89115646258503,49.65986394557823
EOS101771,BITHIONOL,inhibitor;agonist,Thyroid hormone receptor beta;Solute carrier family 22 member 3;Estrogen receptor beta;Estrogen receptor;DNA polymerase beta;Mitogen-activated protein kinase 14;Retinal dehydrogenase 1;Sodium-dependent noradrenaline transporter;Sodium-dependent dopamine transporter;Mu-type opioid receptor;Proto-oncogene tyrosine-protein kinase LCK;Alpha-2C adrenergic receptor;Receptor tyrosine-protein kinase erbB-2;5-hydroxytryptamine receptor 1A;Multidrug and toxin extrusion protein 1;Induced myeloid leukemia cell differentiation protein Mcl-1 homolog;Adenosine receptor A2a;Alpha-2B adrenergic receptor;Adenosine receptor A3;Alpha-2A adrenergic receptor;D(3) dopamine receptor;Substance-K receptor;Epidermal growth factor receptor;5-hydroxytryptamine receptor 2C;Solute carrier family 22 member 2;Solute carrier family 22 member 1;Thromboxane-A synthase;Multidrug and toxin extrusion protein 2;Potassium channel subfamily T member 1;Lethal factor;Microtubule-associated protein tau;Cellular tumor antigen p53;Cytochrome P450 3A4;Caspase-1;15-hydroxyprostaglandin dehydrogenase [NAD(+)];Hypoxia-inducible factor 1-alpha;ATP-dependent DNA helicase Q1;Caspase-7;Ferritin light chain;Lysine-specific demethylase 4E;Nuclear receptor ROR-gamma;3-hydroxyacyl-CoA dehydrogenase type-2;Mitogen-activated protein kinase 1;Polyunsaturated fatty acid lipoxygenase ALOX12;Polyunsaturated fatty acid lipoxygenase ALOX15;Thyrotropin receptor;Cruzipain;Menin/Histone-lysine N-methyltransferase MLL;Envelope glycoprotein gp160;GroEL/GroES;M1-family alanyl aminopeptidase;Nuclear receptor subfamily 1 group I member 2;HSP60/HSP10;Prelamin-A/C;Huntingtin;N-acyl-phosphatidylethanolamine-hydrolyzing phospholipase D;Beta-lactamase;Bloom syndrome protein;5-hydroxytryptamine receptor 2B,False,85,2.0675499510775657,1.059117419680531,29.04761904761905,25.71428571428571,58.23129251700681
EOS101767,FLUDARABINE,inhibitor;agonist,Ribonucleoside-diphosphate reductase large subunit;Hypoxia-inducible factor 1-alpha;Adenosine receptor A1;Adenosine receptor A2a;Prelamin-A/C;Ribonucleoside-diphosphate reductase subunit M2;Adenosine receptor A3;DNA polymerase alpha catalytic subunit;Deoxycytidine kinase,False,111,2.3151999974826016,1.3959272819873625,38.775510204081634,37.142857142857146,79.59183673469387
EOS101511,TRETINOIN,agonist;agonist;antagonist,"Retinoic acid receptor beta;GroEL/GroES;Alpha-synuclein;Lysine-specific demethylase 4E;Peptidyl-prolyl cis-trans isomerase NIMA-interacting 1;Nuclear receptor subfamily 2 group C member 2;Bloom syndrome protein;Peroxisome proliferator-activated receptor delta;Retinoic acid receptor;HSP60/HSP10;Nuclear receptor ROR-alpha;4'-phosphopantetheinyl transferase ffp;Cytochrome P450 3A4;ATP-dependent DNA helicase Q1;Geminin;Adenosine receptor A3;5-hydroxytryptamine receptor 2B;Indoleamine 2,3-dioxygenase 2;Nuclear receptor subfamily 2 group E member 1;Thioredoxin glutathione reductase;Retinoic acid receptor gamma;Thiosulfate sulfurtransferase;Retinoic acid receptor alpha;Retinoic acid receptor RXR-alpha;Cellular retinoic acid-binding protein 1;Retinoic acid receptor RXR-beta;Cellular retinoic acid-binding protein 2;Ferritin light chain;Nuclear receptor ROR-beta;Amyloid-beta A4 protein;Retinal dehydrogenase 1;Retinoic acid receptor RXR-gamma;Mitogen-activated protein kinase 1;Nuclear receptor ROR-gamma;Menin/Histone-lysine N-methyltransferase MLL;Cruzipain;Microtubule-associated protein tau;Hypoxia-inducible factor 1-alpha;Retinoic acid receptor responder protein 1",False,55,1.69483199488205,1.556376523816784,13.945578231292515,6.938775510204081,85.17006802721089
EOS102018,DECYNIUM 22,inhibitor,Equilibrative nucleoside transporter 4;Ribosyldihydronicotinamide dehydrogenase [quinone];Solute carrier family 22 member 2;Adrenergic receptor alpha-1;Solute carrier family 22 member 1;Solute carrier family 22 member 3,False,291,5.615912718459214,1.7986202818168846,92.78911564625851,95.78231292517006,90.47619047619048
EOS101474,DACTOLISIB,inhibitor,"Serine/threonine-protein kinase mTOR;Aurora kinase B;Phosphatidylinositol 3-kinase catalytic subunit type 3;Phosphatidylinositol 4-phosphate 3-kinase C2 domain-containing subunit beta;mTORC1;Macrophage colony-stimulating factor 1 receptor;Serine/threonine-protein kinase ATR;Phosphatidylinositol 4-phosphate 3-kinase C2 domain-containing subunit alpha;PI3-kinase subunit gamma/Phosphoinositide 3-kinase regulatory subunit 5;Dual specificity protein kinase CLK4;Cyclin-dependent kinase 7;Tyrosine-protein kinase JAK3;Serine-protein kinase ATM;Mitogen-activated protein kinase kinase kinase kinase 5;Hepatocyte growth factor receptor;PI3-kinase p110-delta/p85-alpha;Phosphatidylinositol 4,5-bisphosphate 3-kinase catalytic subunit alpha isoform;PI3K p110 beta/p85 alpha;Activin receptor type-1;Mitogen-activated protein kinase kinase kinase kinase 2;ALK tyrosine kinase receptor;Phosphatidylinositol 4,5-bisphosphate 3-kinase catalytic subunit beta isoform;LIM domain kinase 1;PI3-kinase p110-alpha/p85-alpha;Phosphatidylinositol 4,5-bisphosphate 3-kinase catalytic subunit delta isoform;Phosphatidylinositol 4,5-bisphosphate 3-kinase catalytic subunit gamma isoform;Serine/threonine-protein kinase Chk1;Serine/threonine-protein kinase Nek2;Leucine-rich repeat serine/threonine-protein kinase 2;Leukocyte tyrosine kinase receptor;Bile salt export pump",False,181,3.5709869406987953,0.8894544917343009,60.40816326530612,71.70068027210884,40.0
EOS101505,RGFP109,inhibitor,Histone deacetylase 3;Histone deacetylase 2;Histone deacetylase 8;Histone deacetylase 1;Histone deacetylase 3/Nuclear receptor corepressor 2 (HDAC3/NCoR2),False,209,3.495861936797919,0.8671007346640288,71.49659863945578,69.79591836734694,37.006802721088434
EOS101886,CHR 5805,,Inhibitor of nuclear factor kappa-B kinase subunit beta;Tyrosine-protein kinase JAK3;Tyrosine-protein kinase JAK2,False,169,3.325876352289344,1.0677552057655881,56.87074829931973,65.71428571428571,59.04761904761905
EOS101864,A 971432,agonist,Sphingosine 1-phosphate receptor 5;Potassium voltage-gated channel subfamily H member 2;Sphingosine 1-phosphate receptor 1,False,86,2.1488303031898597,0.7251123566732379,29.455782312925173,29.523809523809526,16.19047619047619
EOS101675,LOPERAMIDE,agonist;modulator;inhibitor,"Mu-type opioid receptor;Histamine H2 receptor;Peripheral myelin protein 22;Endonuclease 4;Bloom syndrome protein;Ferritin light chain;Neuropeptide S receptor;Geminin;Serine/threonine-protein kinase mTOR;Sigma non-opioid intracellular receptor 1;ATP-dependent translocase ABCB1;Cytochrome P450 3A4;D(3) dopamine receptor;Sodium channel protein type 5 subunit alpha;Solute carrier family 22 member 1;Beta-2 adrenergic receptor;5-hydroxytryptamine receptor 2B;Sodium-dependent serotonin transporter;Potassium voltage-gated channel subfamily H member 2;Pro-opiomelanocortin;Kappa-type opioid receptor;Polyunsaturated fatty acid lipoxygenase ALOX12;Delta-type opioid receptor;Prelamin-A/C;Cytochrome P450 2D6;Alpha-1B adrenergic receptor;Calmodulin;Cocaine esterase;Polyunsaturated fatty acid lipoxygenase ALOX15;Thrombopoietin;Bile salt export pump;Sodium channel alpha subunits; brain (Types I, II, III);Cellular tumor antigen p53;Alpha-1A adrenergic receptor;Muscarinic acetylcholine receptor M1;Cytochrome P450 1A2;Thyrotropin receptor;Angiopoietin-1 receptor;Menin;Menin/Histone-lysine N-methyltransferase MLL;Huntingtin;Nuclear receptor ROR-gamma;Calmodulin-1",False,106,2.523379652929548,0.7202521315391673,36.53061224489796,46.394557823129254,15.782312925170066
EOS101674,PRALATREXATE,inhibitor,Dihydrofolate reductase;Folate receptor alpha;Proton-coupled folate transporter;Reduced folate transporter;Thymidylate synthase,False,202,3.2688841128854658,1.4304003642907082,68.70748299319727,64.08163265306122,81.22448979591836
EOS101623,SPEBRUTINIB,inhibitor,Tyrosine-protein kinase JAK2;Tyrosine-protein kinase Lyn;Tyrosine-protein kinase BTK;Epidermal growth factor receptor;Cytoplasmic tyrosine-protein kinase BMX;Tyrosine-protein kinase JAK3;Tyrosine-protein kinase Yes;Tyrosine-protein kinase Tec,False,245,4.392806444784755,1.6549985832380183,83.94557823129252,85.578231292517,87.21088435374149
EOS101695,HYDROCORTISONE,agonist,Sex hormone-binding globulin;Nuclear factor NF-kappa-B p105 subunit;3-hydroxyacyl-CoA dehydrogenase type-2;Cruzipain;Mineralocorticoid receptor;Glucocorticoid receptor;Hypoxia-inducible factor 1-alpha;Cytochrome P450 3A4;Corticosteroid-binding globulin;Microtubule-associated protein tau;Muscarinic acetylcholine receptor M1;Annexin A1,False,52,1.7932062392977566,1.2305891085068756,11.224489795918368,13.197278911564625,71.156462585034
EOS101733,KN-62,allosteric modulator,P2X purinoceptor 4;P2X purinoceptor 7;Beta-lactamase;Prelamin-A/C;Microtubule-associated protein tau;Cruzipain;P2X purinoceptor;Non-structural protein 1;p2X7 purinoceptor;Calcium/calmodulin-dependent protein kinase type II subunit delta;Ferritin light chain;Nuclear receptor ROR-gamma;Huntingtin;Calcium/calmodulin-dependent protein kinase type II subunit alpha,False,56,1.8112945259578965,0.8268012503822055,14.69387755102041,14.557823129251702,31.428571428571427
EOS101957,MMV665852,,Bifunctional epoxide hydrolase 2;Epoxide hydrolase 1,False,188,2.894697326901341,0.6879978841470978,63.06122448979592,54.69387755102041,10.612244897959183
EOS101551,ETHINYLESTRADIOL,agonist,Estrogen receptor;Mu-type opioid receptor;Bile salt export pump;Multidrug and toxin extrusion protein 2;UDP-glucuronosyltransferase 1A1;Sodium-dependent noradrenaline transporter;Nuclear receptor subfamily 1 group I member 3;Solute carrier family 22 member 2;Kappa-type opioid receptor;Adenosine receptor A2a;Glucocorticoid receptor;Multidrug and toxin extrusion protein 1;Sodium-dependent serotonin transporter;Sodium-dependent dopamine transporter;Estrogen receptor beta;Adenosine receptor A3;Polyunsaturated fatty acid lipoxygenase ALOX15;Cytochrome P450 3A4;Cytochrome P450 2B6;Cytochrome P450 2B1;5-hydroxytryptamine receptor 4;Aldehyde oxidase 1;Sex hormone-binding globulin;Androgen receptor;Sulfotransferase 1A1;Progesterone receptor;Nuclear receptor subfamily 1 group I member 2,False,58,1.7678206889191534,1.0372565667119125,16.462585034013603,11.83673469387755,56.19047619047619
EOS101544,R048-8071,inhibitor,Lanosterol synthase;Cycloartenol synthase;Lanosterol synthase ERG7;Ferritin light chain;Nuclear receptor ROR-gamma;Squalene--hopene cyclase;4'-phosphopantetheinyl transferase ffp;Menin/Histone-lysine N-methyltransferase MLL,False,260,4.392365642526342,0.8632894982417346,86.25850340136054,85.4421768707483,36.054421768707485
EOS101649,WZ4003,inhibitor,NUAK family SNF1-like kinase 2;NUAK family SNF1-like kinase 1,False,278,4.645325888382534,1.2331977524003677,89.8639455782313,88.70748299319729,71.56462585034014
EOS101631,PFI-1,inhibitor,CREB-binding protein;Bromodomain-containing protein 4,False,66,1.8654030824983276,0.892440696408393,20.272108843537413,17.82312925170068,40.27210884353741
EOS101471,MIFEPRISTONE,antagonist;antagonist;mixed;agonist,Glucocorticoid receptor;Progesterone receptor;Estrogen receptor;Nuclear receptor ROR-gamma;Endonuclease 4;Peripheral myelin protein 22;Mitogen-activated protein kinase 1;Cytochrome P450 2C9;Huntingtin;Cytochrome P450 2C8;Ferritin light chain;Tyrosine-protein kinase Fyn;Sigma non-opioid intracellular receptor 1;Alpha-2B adrenergic receptor;Kappa-type opioid receptor;Bile salt export pump;Serine/threonine-protein kinase mTOR;Mitogen-activated protein kinase 14;Polyunsaturated fatty acid lipoxygenase ALOX15;Estrogen receptor beta;Nuclear receptor subfamily 1 group I member 2;Cytochrome P450 3A4;Bloom syndrome protein;Cruzipain;Mineralocorticoid receptor;Neuropeptide S receptor;Tegument protein VP16;ATP-dependent translocase ABCB1;Androgen receptor;Geminin;Prelamin-A/C;Mu-type opioid receptor,False,53,1.6861466581231812,0.8626113130853982,11.904761904761903,6.530612244897959,35.91836734693877
EOS101436,PERPHENAZINE,antagonist;inverse agonist;inhibitor,D(2) dopamine receptor;ATP-dependent DNA helicase Q1;Histamine H1 receptor;5-hydroxytryptamine receptor 2A;Endonuclease 4;Menin/Histone-lysine N-methyltransferase MLL;Cytochrome P450 3A4;Pleiotropic ABC efflux transporter of multiple drugs;DNA repair protein RAD52 homolog;Peripheral myelin protein 22;5-hydroxytryptamine receptor 7;4'-phosphopantetheinyl transferase ffp;Nuclear receptor ROR-gamma;Cytochrome P450 2C9;Bile salt export pump;Serine/threonine-protein kinase mTOR;Potassium voltage-gated channel subfamily H member 2;D(1A) dopamine receptor;Ubiquitin-conjugating enzyme E2 N;Muscarinic acetylcholine receptor M1;5-hydroxytryptamine receptor 2C;5-hydroxytryptamine receptor 6;Prelamin-A/C;Nuclear factor NF-kappa-B p105 subunit;Microtubule-associated protein tau;Cytochrome P450 2C19;Neuropeptide S receptor;Mitogen-activated protein kinase 1;Lethal factor;Cytochrome P450 2D6;Aldehyde oxidase 1;Cytochrome P450 2J2;Geminin;Cytochrome P450 1A2;Thyrotropin receptor;Thrombopoietin;Cellular tumor antigen p53;Calmodulin-1,False,178,3.0810703892041684,0.6995117200968167,59.38775510204082,59.72789115646259,12.380952380952381
EOS101988,GELDANAMYCIN,inhibitor,"Heat shock protein HSP 90-beta;Endoplasmin;Heat shock protein HSP90;Heat shock protein 90, putative;Heat shock protein HSP 90-alpha;ATP-dependent molecular chaperone HSP82;Putative fructose-1,6-bisphosphate aldolase;Heat shock protein 75 kDa, mitochondrial;Nuclear receptor ROR-gamma;Heat shock protein HSP 90;Bcr/Abl fusion protein",True,259,3.943992603076486,2.614934319035503,85.91836734693878,79.59183673469387,98.2312925170068
EOS102000,COMPOUND 23 [PMID: 17125252],inhibitor,Cytochrome P450 2A6;Cytochrome P450 2C9;Cytochrome P450 2B6;Cytochrome P450 3A4;Cytochrome P450 2C19;Cytochrome P450 2E1,False,216,3.424600354387227,0.7153324155405365,73.40136054421768,67.89115646258503,15.510204081632653
EOS101462,MICONAZOLE,inhibitor;blocker;partial agonist;antagonist,"Lanosterol 14-alpha demethylase;ATP-dependent translocase ABCB1;D(3) dopamine receptor;Sodium-dependent serotonin transporter;Muscarinic acetylcholine receptor M4;Histamine H2 receptor;Indoleamine 2,3-dioxygenase 2;5-hydroxytryptamine receptor 2A;5-hydroxytryptamine receptor 1A;Delta-type opioid receptor;Muscarinic acetylcholine receptor M3;D(4) dopamine receptor;D(2) dopamine receptor;Melanocortin receptor 4;Beta-3 adrenergic receptor;Alpha-2A adrenergic receptor;Substance-P receptor;Epidermal growth factor receptor;Kappa-type opioid receptor;Melanocortin receptor 5;Prostaglandin G/H synthase 2;Sodium-dependent noradrenaline transporter;Melanocortin receptor 3;5-hydroxytryptamine receptor 6;Calcium release-activated calcium channel protein 1;Muscarinic acetylcholine receptor M2;Voltage gated L-type calcium channel;Inward rectifier potassium channel;Voltage-gated Potassium Channels;Calcium-activated potassium channel;Nuclear receptor subfamily 1 group I member 2;Nitric oxide synthase, inducible;Nitric oxide synthase, endothelial;Transient receptor potential cation channel subfamily V member 5;Receptor tyrosine-protein kinase erbB-2;Thromboxane-A synthase;Tyrosine-protein kinase Fyn;Sodium-dependent dopamine transporter;Adenosine receptor A2a;Substance-K receptor;Mu-type opioid receptor;Beta-1 adrenergic receptor;Alpha-2B adrenergic receptor;Voltage-dependent L-type calcium channel subunit alpha-1C;Alpha-1D adrenergic receptor;5-hydroxytryptamine receptor 2C;Cannabinoid receptor 1;Mycocyclosin synthase;Steroid 17-alpha-hydroxylase/17,20 lyase;Malate dehydrogenase, cytoplasmic;Prelamin-A/C;Cytochrome P450 2D6;Nuclear receptor ROR-gamma;Cytochrome P450 2C19;Cholinesterase;Aromatase;Fatty acid hydroperoxide lyase, chloroplastic;7-alpha-hydroxycholest-4-en-3-one 12-alpha-hydroxylase;Cytochrome P450 2C9;Indoleamine 2,3-dioxygenase 1;5-hydroxytryptamine receptor 1B;Cytochrome P450 1A2;Cytochrome P450 2J2;Cytochrome P450 3A4;Androgen receptor;Progesterone receptor;Acetylcholinesterase;Beta-lactamase;5-hydroxytryptamine receptor 2B;Replicative DNA helicase;Muscarinic acetylcholine receptor M1;D(1A) dopamine receptor;Type-2 angiotensin II receptor;Adenosine receptor A3;Adenosine receptor A1;Metabotropic glutamate receptor 6;Huntingtin;Cellular tumor antigen p53;Neuropeptide S receptor;Microtubule-associated protein tau;ATP-dependent DNA helicase Q1;Lysosomal alpha-glucosidase;4'-phosphopantetheinyl transferase ffp;Mitogen-activated protein kinase 1;Hypoxia-inducible factor 1-alpha;Protein RecA;Ubiquitin carboxyl-terminal hydrolase 2;Menin/Histone-lysine N-methyltransferase MLL;Transient receptor potential cation channel subfamily M member 2",False,105,2.245234066388966,0.9178341750293382,36.054421768707485,33.74149659863945,43.53741496598639
EOS101941,PD027679,,Histone-lysine N-methyltransferase NSD2;Cysteine protease ATG4B;Streptokinase A;Bloom syndrome protein;Mitogen-activated protein kinase 1;ATP-dependent DNA helicase Q1;Phospholipase A2;G-protein coupled receptor 35;Thyroid hormone receptor beta;Apoptotic protease-activating factor 1;Neuropeptide S receptor;Nuclear receptor ROR-gamma;60S ribosomal protein L19-A;Menin/Histone-lysine N-methyltransferase MLL;Histone-lysine N-methyltransferase 2A;Ferritin light chain;4'-phosphopantetheinyl transferase ffp;Cyclin-dependent kinase 5/CDK5 activator 1;Microtubule-associated protein tau;DNA damage-inducible transcript 3 protein;DNA polymerase beta;Retinal dehydrogenase 1;Pyruvate kinase PKM;Huntingtin;ATP-dependent molecular chaperone HSP82,True,269,4.896974937172814,3.3586332891167343,88.23129251700679,90.61224489795919,99.72789115646259
EOS101280,RIBOCICLIB,antagonist;inhibitor,"Cyclin-dependent kinase 4;Serine/threonine-protein kinase SIK2;Cyclin-dependent kinase 16;Calcium/calmodulin-dependent protein kinase type II subunit gamma;CDK6/cyclin D1;CDK6/cyclin D3;Calcium/calmodulin-dependent protein kinase type II subunit delta;Cyclin-dependent kinase 2;CDK9/cyclin T1;Serine/threonine-protein kinase D2;CDK4/Cyclin D3;Cyclin-G-associated kinase;Ferrochelatase, mitochondrial;Cyclin-dependent kinase 4/cyclin D1;Uncharacterized protein FLJ45252;Cyclin-dependent kinase 9;Cyclin-dependent kinase 6;CDK2/Cyclin A;Mitogen-activated protein kinase kinase kinase 1",False,127,2.6065474288449453,1.5119524547265475,45.17006802721089,48.29931972789115,83.80952380952381
EOS101293,VS-4718,inhibitor,Mitogen-activated protein kinase 10;Mitogen-activated protein kinase 9;Focal adhesion kinase 1,False,212,3.54019900376067,1.0081101156108525,72.17687074829932,71.0204081632653,53.74149659863946
EOS102112,SALINAZID,,Nuclear receptor ROR-gamma;Huntingtin;Lethal(3)malignant brain tumor-like protein 1;Beta-lactamase,False,117,2.4196934402975985,1.058648981327601,42.31292517006803,42.31292517006803,58.0952380952381
EOS102115,BENZAMIDE,,Poly [ADP-ribose] polymerase 1;Thyrotropin receptor;Microtubule-associated protein tau;Beta-lactamase;Cytochrome P450 3A4;Tyrosyl-DNA phosphodiesterase 1;3-hydroxyacyl-CoA dehydrogenase type-2;Bloom syndrome protein;Peripheral myelin protein 22,False,114,2.3243515215794854,1.132109159587589,41.08843537414966,37.823129251700685,63.40136054421769
EOS102034,ML117,,"dTDP-4-dehydrorhamnose 3,5-epimerase;Huntingtin;Pyruvate kinase PKM;Mitogen-activated protein kinase 1;dTDP-4-dehydrorhamnose 3,5-epimerase /dTDP-4-dehydrorhamnose reductase;Nuclear receptor ROR-gamma;Cellular tumor antigen p53;4'-phosphopantetheinyl transferase ffp;Prelamin-A/C;Lethal factor;Neuropeptide S receptor",False,155,2.764719730185755,0.7462410155695903,53.12925170068027,52.38095238095239,19.183673469387756
EOS102056,"2,2'-DIBENZOTHIAZYL DISULFIDE",,"Nuclear receptor ROR-gamma;D(3) dopamine receptor;Mu-type opioid receptor;D(2) dopamine receptor;5-hydroxytryptamine receptor 6;D(1A) dopamine receptor;Alpha-2B adrenergic receptor;Alpha-2C adrenergic receptor;Alpha-2A adrenergic receptor;5-hydroxytryptamine receptor 1A;Sodium-dependent dopamine transporter;C-C chemokine receptor type 2;Retinal dehydrogenase 1;Melanocortin receptor 5;Adenosine receptor A3;Polyunsaturated fatty acid lipoxygenase ALOX15;3-hydroxyacyl-CoA dehydrogenase type-2;15-hydroxyprostaglandin dehydrogenase [NAD(+)];Replicase polyprotein 1ab;Fructose-1,6-bisphosphatase 1;[Pyruvate dehydrogenase (acetyl-transferring)] kinase isozyme 1, mitochondrial;4'-phosphopantetheinyl transferase ffp;Kappa-type opioid receptor",False,39,1.5544897028488314,0.8559937980541604,0.9523809523809524,1.2244897959183674,34.965986394557824
EOS102032,WAY-320049,,Lysosomal alpha-glucosidase,False,48,1.642811414685462,1.4555774497610685,7.414965986394558,4.353741496598639,82.17687074829932
EOS101396,AZD2858,inhibitor,Glycogen synthase kinase-3 beta;Cyclin-dependent kinase 2/cyclin E,False,64,1.7577324376485728,1.7557286125640692,19.319727891156464,10.748299319727892,89.52380952380953
EOS101392,GSK461364,inhibitor,"Interleukin-1 receptor-associated kinase 1;Serine/threonine-protein kinase NIM1;Rho-associated protein kinase 1;Serine/threonine-protein kinase Nek1;Phosphatidylinositol 4-phosphate 5-kinase type-1 gamma;Death-associated protein kinase 2;Death-associated protein kinase 3;Casein kinase II subunit alpha;NUAK family SNF1-like kinase 2;Serine/threonine-protein kinase Nek9;Calcium/calmodulin-dependent protein kinase type II subunit gamma;Ankyrin repeat and protein kinase domain-containing protein 1;Serine/threonine-protein kinase pim-1;Death-associated protein kinase 1;Phosphatidylinositol 4-phosphate 5-kinase type-1 alpha;G protein-coupled receptor kinase 4;Serine/threonine-protein kinase 10;Calcium/calmodulin-dependent protein kinase type II subunit beta;Mitogen-activated protein kinase kinase kinase 9;Phosphatidylinositol 5-phosphate 4-kinase type-2 beta;Ribosomal protein S6 kinase alpha-3;Platelet-derived growth factor receptor beta;Serine/threonine-protein kinase PLK2;Tyrosine-protein kinase receptor Tie-1;SRSF protein kinase 3;Ribosomal protein S6 kinase alpha-6;Calcium/calmodulin-dependent protein kinase type II subunit delta;Mast/stem cell growth factor receptor Kit;Ribosomal protein S6 kinase alpha-2;Serine/threonine-protein kinase Nek2;BMP-2-inducible protein kinase;Rhodopsin kinase GRK7;Calcium/calmodulin-dependent protein kinase type II subunit alpha;Receptor-type tyrosine-protein kinase FLT3;Serine/threonine-protein kinase Nek5;Adenosine kinase;Interleukin-1 receptor-associated kinase 3;STE20-like serine/threonine-protein kinase;Tyrosine-protein kinase Mer;Serine/threonine-protein kinase pim-3;Cyclin-dependent kinase 7;Casein kinase II subunit alpha';Phosphatidylinositol 5-phosphate 4-kinase type-2 gamma;Mitogen-activated protein kinase kinase kinase 19;Phosphatidylinositol 4-phosphate 3-kinase C2 domain-containing subunit beta;Serine/threonine-protein kinase RIO3;Serine/threonine-protein kinase PLK3;Mitogen-activated protein kinase kinase kinase kinase 2;eIF-2-alpha kinase GCN2;Serine/threonine-protein kinase BRSK2;Phosphatidylinositol 4,5-bisphosphate 3-kinase catalytic subunit delta isoform;Serine/threonine-protein kinase D3;Serine/threonine-protein kinase TAO3;Phosphatidylinositol 4,5-bisphosphate 3-kinase catalytic subunit gamma isoform;Protein kinase C iota type;Serine/threonine-protein kinase PLK1;Mitogen-activated protein kinase kinase kinase 1;Phosphatidylinositol 4,5-bisphosphate 3-kinase catalytic subunit beta isoform;Protein kinase C delta type;Serine/threonine-protein kinase N2;Serine/threonine-protein kinase ULK2;Ribosomal protein S6 kinase alpha-4;Serine/threonine-protein kinase RIO1",False,276,4.242553194069972,0.7078475765315342,89.25170068027211,84.21768707482993,14.013605442176871
EOS101472,PYRAZOLANTHRONE,inhibitor,"Dual specificity protein kinase TTK;Mitogen-activated protein kinase 10;Mitogen-activated protein kinase 8;Mitogen-activated protein kinase 9;c-Jun N-terminal kinase, JNK",False,72,1.953250451027319,1.573595191010521,22.448979591836736,21.63265306122449,85.71428571428571
EOS100629,PERGOLIDE,agonist;agonist;partial agonist;partial agonist,Dopamine receptor;D(3) dopamine receptor;5-hydroxytryptamine receptor 7;Dopamine receptors; D2 & D3;Cytochrome P450 2D6;Bloom syndrome protein;4'-phosphopantetheinyl transferase ffp;D(4) dopamine receptor;Alpha-2C adrenergic receptor;5-hydroxytryptamine receptor 2C;5-hydroxytryptamine receptor 2A;Alpha-2A adrenergic receptor;5-hydroxytryptamine receptor 1D;Alpha-synuclein;Potassium voltage-gated channel subfamily H member 2;Adrenergic receptor alpha-2;5-hydroxytryptamine receptor 6;5-hydroxytryptamine receptor 1B;Alpha-1B adrenergic receptor;Cytochrome P450 3A4;Cerebral cortex alpha adrenergic receptor;Adrenergic receptor alpha-1;D(1A) dopamine receptor;D(1B) dopamine receptor;Alpha-2B adrenergic receptor;5-hydroxytryptamine receptor 2B;Alpha-1A adrenergic receptor;Serotonin (5-HT) receptor;5-hydroxytryptamine receptor 1A;D(2) dopamine receptor;Alpha-1D adrenergic receptor,False,54,1.9069560101122833,0.9621838683091622,12.857142857142856,19.727891156462583,49.38775510204081
EOS100626,BRIVANIB,inhibitor,Vascular endothelial growth factor receptor 1;Tyrosine-protein kinase receptor Tie-1;Tyrosine-protein kinase Blk;STE20-related kinase adapter protein alpha;Receptor-interacting serine/threonine-protein kinase 2;Platelet-derived growth factor receptor beta;Ephrin type-A receptor 6;Serine/threonine-protein kinase 32B;Proto-oncogene tyrosine-protein kinase LCK;Serine/threonine-protein kinase 33;Dual specificity mitogen-activated protein kinase kinase 5;Tyrosine-protein kinase HCK;Ephrin type-B receptor 6;Cytochrome P450 3A4;Mitogen-activated protein kinase kinase kinase 19;Tyrosine-protein kinase ABL2;Epithelial discoidin domain-containing receptor 1;Vascular endothelial growth factor receptor 3;Fibroblast growth factor receptor 4;Mitogen-activated protein kinase kinase kinase kinase 5;TRAF2 and NCK-interacting protein kinase;Fibroblast growth factor receptor 1;Fibroblast growth factor receptor 3;Ephrin type-A receptor 7;Serine/threonine-protein kinase 10;Angiopoietin-1 receptor;Misshapen-like kinase 1;Fibroblast growth factor receptor 2;Serine/threonine-protein kinase 35;Vascular endothelial growth factor receptor 2;Mast/stem cell growth factor receptor Kit;STE20-like serine/threonine-protein kinase;Proto-oncogene tyrosine-protein kinase receptor Ret;Mitogen-activated protein kinase kinase kinase kinase 4;Tyrosine-protein kinase ABL1;Macrophage colony-stimulating factor 1 receptor;Proto-oncogene tyrosine-protein kinase Src;Platelet-derived growth factor receptor alpha;Epidermal growth factor receptor;Potassium voltage-gated channel subfamily H member 2;Vascular endothelial growth factor receptor,False,107,2.3194089188708653,0.9759013883397751,37.142857142857146,37.41496598639456,50.7482993197279
EOS102302,PYRIDABEN,,Streptokinase A;Menin/Histone-lysine N-methyltransferase MLL;Nuclear receptor ROR-gamma;Histone-lysine N-methyltransferase 2A;ATP-dependent molecular chaperone HSP82;COUP transcription factor 2;Galanin receptor type 3,False,221,3.5035375163502067,1.1033064672684705,75.51020408163265,70.20408163265306,62.31292517006802
EOS101117,RKI-1447,inhibitor,"Rho-associated protein kinase 2;Serine/threonine-protein kinase N1;LIM domain kinase 1;Rho-associated protein kinase 1;Myotonin-protein kinase;Serine/threonine-protein kinase PAK 1;Serine/threonine-protein kinase MRCK alpha;Myosin light chain kinase, smooth muscle",False,126,2.5488168547694516,1.3081213466102926,45.034013605442176,47.074829931972786,77.14285714285715
EOS102197,ML025,,Protein RecA;Beta-lactamase;Lethal factor;Alpha-galactosidase A;Microtubule-associated protein tau;3-hydroxyacyl-CoA dehydrogenase type-2;Nuclear receptor ROR-gamma;Huntingtin;15-hydroxyprostaglandin dehydrogenase [NAD(+)];Cruzipain;Replicase polyprotein 1ab;Replicative DNA helicase;Neuropeptide S receptor;Cellular tumor antigen p53;Ferritin light chain;Thioredoxin glutathione reductase;Retinal dehydrogenase 1;X-box-binding protein 1,False,108,2.4333855403643554,1.1614646748477613,37.755102040816325,42.857142857142854,66.53061224489795
EOS102176,SU 4312,,Menin/Histone-lysine N-methyltransferase MLL;Vascular endothelial growth factor receptor 1;Geminin;Alpha-synuclein;4'-phosphopantetheinyl transferase ffp;Endonuclease 4;Platelet-derived growth factor receptor beta;Amyloid-beta A4 protein;Neuropeptide S receptor;Bloom syndrome protein;15-hydroxyprostaglandin dehydrogenase [NAD(+)];NPC intracellular cholesterol transporter 1;Mitogen-activated protein kinase 1;Peripheral myelin protein 22;Ras-related protein Rab-9A;Survival motor neuron protein;Prelamin-A/C;Nuclear receptor ROR-gamma;Retinal dehydrogenase 1;Microtubule-associated protein tau;Ferritin light chain;Serine/threonine-protein kinase mTOR,False,89,2.0232754057207702,1.9300231630211098,30.816326530612244,24.489795918367346,91.83673469387756
EOS102294,IBC 293,agonist,Hydroxycarboxylic acid receptor 3;15-hydroxyprostaglandin dehydrogenase [NAD(+)];Hydroxycarboxylic acid receptor 2,False,45,1.5986107320816252,0.6903782222357918,4.489795918367347,2.1768707482993195,11.020408163265307
EOS102215,PD065586,,Macrophage metalloelastase,False,51,1.706230339768359,0.7508693683034695,10.54421768707483,7.891156462585033,20.0
EOS100697,PD-0325901,inhibitor,Dual specificity mitogen-activated protein kinase kinase 1;Dual specificity mitogen-activated protein kinase kinase 2;Mitogen-activated protein kinase 1;Dual specificity mitogen-activated protein kinase kinase 5;Serine/threonine-protein kinase B-raf,False,49,1.767074075497066,1.2388782568464138,8.16326530612245,11.700680272108844,72.10884353741497
EOS101931,WAY-625858,,Thyrotropin receptor;Luciferin 4-monooxygenase;Cellular tumor antigen p53;Prelamin-A/C;Mitogen-activated protein kinase 1;NPC intracellular cholesterol transporter 1;Nuclear receptor ROR-gamma;Lethal factor;Huntingtin;Ferritin light chain;Ras-related protein Rab-9A,False,92,2.0796406912561554,0.7043271481417585,31.428571428571427,26.39455782312925,13.197278911564625
EOS101306,APITOLISIB,inhibitor,"Serine/threonine-protein kinase mTOR;Phosphatidylinositol 4,5-bisphosphate 3-kinase catalytic subunit beta isoform;Tyrosine-protein kinase ABL1;Serine/threonine-protein kinase ULK3;Serine/threonine-protein kinase PAK 4;Tyrosine-protein kinase Fer;Phosphatidylinositol 4-phosphate 3-kinase C2 domain-containing subunit beta;Phosphatidylinositol 4-phosphate 3-kinase C2 domain-containing subunit alpha;Mitogen-activated protein kinase kinase kinase 9;DNA-dependent protein kinase catalytic subunit;Tyrosine-protein kinase Tec;Dual specificity mitogen-activated protein kinase kinase 5;Phosphatidylinositol 4,5-bisphosphate 3-kinase catalytic subunit alpha isoform;Phosphatidylinositol 3-kinase catalytic subunit type 3;Phosphatidylinositol 4,5-bisphosphate 3-kinase catalytic subunit delta isoform;Phosphatidylinositol 4,5-bisphosphate 3-kinase catalytic subunit gamma isoform;Serine/threonine-protein kinase 10;STE20-like serine/threonine-protein kinase;Protein kinase C alpha type;Epidermal growth factor receptor;Tyrosine-protein kinase BTK;Tyrosine-protein kinase SYK;Tyrosine-protein kinase Fgr;Tyrosine-protein kinase JAK1",False,215,3.563700306552139,0.8760949188612551,72.99319727891157,71.42857142857143,38.095238095238095
EOS101362,BMX-IN-1,inhibitor,Tyrosine-protein kinase BTK;Tyrosine-protein kinase Blk;Cytoplasmic tyrosine-protein kinase BMX;Tyrosine-protein kinase JAK3,False,201,3.0183260963056395,0.9595672238349415,68.16326530612244,57.95918367346938,48.97959183673469
EOS101202,QUIZARTINIB,inhibitor,"Mast/stem cell growth factor receptor Kit;Epithelial discoidin domain-containing receptor 1;Mitogen-activated protein kinase 15;MAP kinase-interacting serine/threonine-protein kinase 2;Receptor-interacting serine/threonine-protein kinase 2;Vascular endothelial growth factor receptor 3;Vascular endothelial growth factor receptor 2;Ephrin type-A receptor 6;High affinity nerve growth factor receptor;Mitogen-activated protein kinase kinase kinase 19;BDNF/NT-3 growth factors receptor;STE20-like serine/threonine-protein kinase;Bone morphogenetic protein receptor type-1B;Receptor-interacting serine/threonine-protein kinase 1;Myosin light chain kinase 3;Mitogen-activated protein kinase kinase kinase kinase 4;Mitogen-activated protein kinase kinase kinase kinase 5;Tyrosine-protein kinase Lyn;Myosin-10;Macrophage colony-stimulating factor 1 receptor;Proto-oncogene tyrosine-protein kinase LCK;Tyrosine-protein kinase receptor Tie-1;Tyrosine-protein kinase ABL1;TRAF2 and NCK-interacting protein kinase;Receptor-type tyrosine-protein kinase FLT3;Ephrin type-A receptor 7;Vascular endothelial growth factor receptor 1;Platelet-derived growth factor receptor alpha;Platelet-derived growth factor receptor beta;Proto-oncogene tyrosine-protein kinase receptor Ret;Ephrin type-B receptor 6;Muscle, skeletal receptor tyrosine-protein kinase;Tyrosine-protein kinase FRK;Homeodomain-interacting protein kinase 4;Serine/threonine-protein kinase 10;Mitogen-activated protein kinase kinase kinase 7;NT-3 growth factor receptor;Discoidin domain-containing receptor 2;Myosin light chain kinase, smooth muscle;Ephrin type-A receptor 3",False,187,3.2636567426879073,1.3883007091096355,62.517006802721085,63.94557823129252,79.18367346938776
EOS101242,PAZOPANIB,inhibitor,"Tyrosine-protein kinase ABL1;Mitogen-activated protein kinase kinase kinase kinase 3;Mitogen-activated protein kinase 9;Non-receptor tyrosine-protein kinase TYK2;Tyrosine-protein kinase Yes;Tyrosine-protein kinase FRK;Mitogen-activated protein kinase kinase kinase 9;Cyclin-dependent kinase 11B;Dual specificity mitogen-activated protein kinase kinase 4;Calcium-dependent protein kinase 1;Mitogen-activated protein kinase kinase kinase 19;Phosphatidylinositol 4-phosphate 5-kinase type-1 gamma;Cyclin-dependent kinase 11A;BMP-2-inducible protein kinase;Macrophage colony-stimulating factor 1 receptor;STE20-like serine/threonine-protein kinase;Ephrin type-B receptor 6;Proto-oncogene tyrosine-protein kinase ROS;Receptor-interacting serine/threonine-protein kinase 2;Tyrosine-protein kinase Fgr;Proto-oncogene tyrosine-protein kinase receptor Ret;Focal adhesion kinase 1;ALK tyrosine kinase receptor;Non-receptor tyrosine-protein kinase TNK1;Tyrosine-protein kinase JAK3;Serine/threonine-protein kinase NLK;Tyrosine-protein kinase Lyn;Serine/threonine-protein kinase SIK2;Serine/threonine-protein kinase Nek2;Dual specificity protein kinase TTK;Tyrosine-protein kinase HCK;AarF domain-containing protein kinase 1;Fibroblast growth factor 1;Tyrosine-protein kinase ITK/TSK;ATP-binding cassette sub-family C member 4;Bile salt export pump;Activated CDC42 kinase 1;TGF-beta receptor type-2;Serine/threonine-protein kinase 36;Cyclin-dependent kinase 7;Angiopoietin-1 receptor;Serine/threonine-protein kinase TAO2;Calcium/calmodulin-dependent protein kinase type 1G;Receptor-interacting serine/threonine-protein kinase 3;Acetylcholinesterase;Mitogen-activated protein kinase 8;Serine/threonine-protein kinase Nek5;Mitogen-activated protein kinase kinase kinase 1;Mitogen-activated protein kinase kinase kinase kinase 2;Tyrosine-protein kinase Fes/Fps;Tyrosine-protein kinase JAK2;Serine/threonine-protein kinase TAO3;Dual specificity mitogen-activated protein kinase kinase 6;Phosphatidylinositol 4-kinase beta;Serine/threonine-protein kinase 10;Mitogen-activated protein kinase 10;Interleukin-1 receptor-associated kinase 3;Epithelial discoidin domain-containing receptor 1;Insulin-like growth factor 1 receptor;Serine/threonine-protein kinase PLK4;Proto-oncogene tyrosine-protein kinase Src;Tyrosine-protein kinase TXK;Mast/stem cell growth factor receptor Kit;Vascular endothelial growth factor receptor 2;Vascular endothelial growth factor receptor 1;Interleukin-1 receptor-associated kinase 1;Bone morphogenetic protein receptor type-1B;Receptor-interacting serine/threonine-protein kinase 1;RAF proto-oncogene serine/threonine-protein kinase;Protein-tyrosine kinase 6;Tyrosine-protein kinase Fyn;Serine/threonine-protein kinase 16;Tyrosine-protein kinase Srms;LIM domain kinase 1;Fibroblast growth factor receptor 4;Calcium/calmodulin-dependent protein kinase type 1;Fibroblast growth factor receptor 3;Fibroblast growth factor receptor 2;Interferon-induced, double-stranded RNA-activated protein kinase;Tyrosine-protein kinase Fer;Cyclin-dependent kinase 16;Leukocyte tyrosine kinase receptor;Proto-oncogene tyrosine-protein kinase LCK;Discoidin domain-containing receptor 2;Tyrosine-protein kinase ABL2;Tyrosine-protein kinase SYK;Cyclin-G-associated kinase;Activin receptor type-2B;Receptor-type tyrosine-protein kinase FLT3;Platelet-derived growth factor receptor alpha;Mitogen-activated protein kinase kinase kinase kinase 5;Mitogen-activated protein kinase kinase kinase 11;Myosin light chain kinase 2, skeletal/cardiac muscle;AP2-associated protein kinase 1;LIM domain kinase 2;Phosphatidylinositol 5-phosphate 4-kinase type-2 gamma;Mitogen-activated protein kinase kinase kinase kinase 4;Serine/threonine-protein kinase B-raf;Aurora kinase B;Mitogen-activated protein kinase kinase kinase kinase 1;Aurora kinase A;Tyrosine-protein kinase receptor Tie-1;Serine/threonine-protein kinase SIK1;Aurora kinase C;MAP/microtubule affinity-regulating kinase 3;TRAF2 and NCK-interacting protein kinase;Dual specificity mitogen-activated protein kinase kinase 5;Serine/threonine-protein kinase TAO1;Serine/threonine-protein kinase RIO2;Mitogen-activated protein kinase kinase kinase 10;Hepatocyte growth factor receptor;Tyrosine-protein kinase Mer;Tyrosine-protein kinase Blk;Fibroblast growth factor receptor 1;Platelet-derived growth factor receptor beta;Vascular endothelial growth factor receptor 3;Mitogen-activated protein kinase kinase kinase 2;SH2B adapter protein 3",False,100,2.416950926810944,0.8664701921157948,34.08163265306122,41.904761904761905,36.59863945578231
EOS101206,IC261,,Prelamin-A/C;Peripheral myelin protein 22;Microtubule-associated protein tau;Cytochrome P450 1A2;15-hydroxyprostaglandin dehydrogenase [NAD(+)];Bloom syndrome protein;Retinal dehydrogenase 1;Muscarinic acetylcholine receptor M1;Lethal factor;Mitogen-activated protein kinase 1;Thrombopoietin;Cellular tumor antigen p53;Cytochrome P450 2C19;Ferritin light chain;Casein kinase I isoform epsilon;Casein kinase I isoform delta;Geminin;Cytochrome P450 3A4;Hypoxia-inducible factor 1-alpha;Cytochrome P450 2C9;Endonuclease 4,False,294,5.243964677826653,0.827369869372807,93.94557823129252,92.78911564625851,31.564625850340132
EOS101204,MIBEFRADIL,inhibitor;blocker;antagonist;inhibitor;inhibitor;blocker;antagonist,ATP-dependent translocase ABCB1;Voltage-gated L-type calcium channel;Voltage-dependent R-type calcium channel subunit alpha-1E;Prelamin-A/C;Peripheral myelin protein 22;4'-phosphopantetheinyl transferase ffp;Endonuclease 4;Huntingtin;Menin/Histone-lysine N-methyltransferase MLL;Neuropeptide S receptor;Geminin;Sodium channel protein type 9 subunit alpha;Serine/threonine-protein kinase mTOR;Calcium release-activated calcium channel protein 1;Sodium channel protein type 2 subunit alpha;Sodium channel alpha subunit;Cacna1b/Cacnb3;Sodium channel protein type 5 subunit alpha;Sodium channel protein type 4 subunit alpha;Potassium channel subfamily K member 9;Voltage-dependent L-type calcium channel subunit alpha-1D;Voltage-dependent L-type calcium channel subunit alpha-1F;Voltage-dependent L-type calcium channel subunit alpha-1S;Voltage-dependent L-type calcium channel subunit beta-1;Voltage-dependent L-type calcium channel subunit beta-2;Voltage-dependent L-type calcium channel subunit beta-3;Voltage-dependent L-type calcium channel subunit beta-4;Anoctamin-1;Ferritin light chain;Mitogen-activated protein kinase 1;Voltage-dependent T-type calcium channel subunit alpha-1H;Cytochrome P450 2J2;Potassium voltage-gated channel subfamily H member 2;Cytochrome P450 3A4;Voltage-dependent N-type calcium channel subunit alpha-1B;Microtubule-associated protein tau;Cytochrome P450 2D6;Cytochrome P450 2C9;Cation channel sperm-associated protein 1;Cation channel sperm-associated protein 4;Voltage-dependent T-type calcium channel subunit alpha-1I;Hypoxia-inducible factor 1-alpha;Nuclear receptor ROR-gamma;Muscarinic acetylcholine receptor M1;Voltage-dependent T-type calcium channel subunit alpha-1G;Thrombopoietin;Cellular tumor antigen p53;Bile salt export pump;Cation channel sperm-associated protein 3;Cation channel sperm-associated protein 2;Polyunsaturated fatty acid lipoxygenase ALOX15;Cytochrome P450 1A2;Voltage-dependent P/Q-type calcium channel subunit alpha-1A;Voltage-dependent L-type calcium channel subunit alpha-1C;Cytochrome P450 2C19;Voltage-gated T-type calcium channel,False,284,5.384748104678096,1.9916041046142703,91.49659863945578,94.28571428571428,92.65306122448979
EOS101029,CGK 733,,Nuclear receptor ROR-gamma;Serine-protein kinase ATM;Serine/threonine-protein kinase ATR;Menin/Histone-lysine N-methyltransferase MLL,False,221,3.311781465946593,0.8348126990422106,75.51020408163265,65.4421768707483,32.38095238095238
EOS100888,BI-D1870,inhibitor,Ribosomal protein S6 kinase alpha-2;Ribosomal protein S6 kinase alpha-1;Ribosomal protein S6 kinase alpha-3;Ribosomal protein S6 kinase alpha-6;Casein kinase I isoform alpha;Bromodomain-containing protein 4;Tyrosine-protein kinase JAK2;Serine/threonine-protein kinase VRK1,False,102,2.1191928345815594,1.005759067802665,34.69387755102041,28.57142857142857,53.333333333333336
EOS102338,ML017,,Steroidogenic factor 1,False,115,2.2867678983951136,0.6816630048284974,41.564625850340136,36.19047619047619,10.068027210884352
EOS100820,ML311,,"Serine-protein kinase ATM;Ferritin light chain;Nuclear receptor ROR-gamma;Replicase polyprotein 1ab;Heat shock protein HSP 90-alpha;Heat shock protein 90, putative;Histone-lysine N-methyltransferase 2A;Streptokinase A",False,197,3.0084577230615372,0.7562235631744494,66.59863945578232,57.82312925170068,20.816326530612244
EOS100807,CICLOPIROX,inhibitor;binding agent,"Deoxyhypusine hydroxylase;Poly [ADP-ribose] polymerase 1;Prelamin-A/C;Nuclear receptor ROR-gamma;Hypoxia-inducible factor 1-alpha;Mitogen-activated protein kinase 1;Cellular tumor antigen p53;Cytochrome P450 1A2;Polyunsaturated fatty acid lipoxygenase ALOX12;Heat shock protein 90, putative;Lysine-specific demethylase 4E;Sodium/potassium-transporting ATPase subunit alpha-1",False,256,3.9151179822770814,0.8599892110806068,85.51020408163265,78.77551020408163,35.64625850340136
EOS100870,BEMCENTINIB,inhibitor,Tyrosine-protein kinase Mer;Tyrosine-protein kinase receptor UFO;Receptor-type tyrosine-protein kinase FLT3;ALK tyrosine kinase receptor;Vascular endothelial growth factor receptor 2;Platelet-derived growth factor receptor alpha;Epidermal growth factor receptor;Proto-oncogene tyrosine-protein kinase receptor Ret;Aurora kinase A;Hepatocyte growth factor receptor;Proto-oncogene tyrosine-protein kinase Src;Tyrosine-protein kinase receptor TYRO3;Epithelial discoidin domain-containing receptor 1;Aurora kinase B;Mast/stem cell growth factor receptor Kit,False,178,3.078524626910455,1.0312935860855412,59.38775510204082,59.591836734693885,55.646258503401356
EOS100861,ML-030,,"cAMP-specific 3',5'-cyclic phosphodiesterase 4B;cAMP-specific 3',5'-cyclic phosphodiesterase 4C;cGMP-inhibited 3',5'-cyclic phosphodiesterase A;Phosphodiesterase 4;Menin/Histone-lysine N-methyltransferase MLL;cGMP-inhibited 3',5'-cyclic phosphodiesterase B;cAMP-specific 3',5'-cyclic phosphodiesterase 4A;Beta-lactamase;cAMP and cAMP-inhibited cGMP 3',5'-cyclic phosphodiesterase 10A;cAMP-specific 3',5'-cyclic phosphodiesterase 4D",False,233,3.957773584951784,1.553660856542651,80.47619047619048,79.72789115646258,84.89795918367346
EOS100854,TAK-632,inhibitor,Receptor-interacting serine/threonine-protein kinase 3;Fibroblast growth factor receptor 3;Platelet-derived growth factor subunit A;Glycogen synthase kinase-3 beta;Platelet-derived growth factor receptor beta;Serine/threonine-protein kinase Chk1;CDK2/Cyclin A;Mitogen-activated protein kinase 14;Inhibitor of nuclear factor kappa-B kinase subunit beta;Receptor-interacting serine/threonine-protein kinase 1;Cyclin-dependent kinase 1/cyclin B1;Vascular endothelial growth factor receptor 2;Angiopoietin-1 receptor;Serine/threonine-protein kinase B-raf;RAF proto-oncogene serine/threonine-protein kinase;Aurora kinase B;Dual specificity mitogen-activated protein kinase kinase 1,False,95,2.156483399981091,1.0777521051364256,32.44897959183673,30.068027210884352,60.40816326530612
EOS100836,ITRACONAZOLE,inhibitor,Lanosterol 14-alpha demethylase,False,84,2.0057960023022328,2.0486683341625955,28.639455782312922,24.217687074829932,93.06122448979592
EOS100883,DAPOXETINE,inhibitor,Sodium-dependent serotonin transporter,False,61,1.8233264531416216,0.8402691318016943,18.027210884353742,15.238095238095239,33.46938775510204
EOS100226,BMS-202,agonist,Cannabinoid receptor 1;Programmed cell death 1 ligand 1;Programmed cell death protein 1/Programmed cell death 1 ligand 1;Cannabinoid receptor 2,False,167,3.0834447062229655,1.0891519823018039,55.986394557823125,60.0,61.08843537414966
EOS101577,PIMASERTIB,inhibitor,"Isoleucine--tRNA ligase, mitochondrial;Protein kinase C zeta type;Dual specificity mitogen-activated protein kinase kinase 2;Dual specificity mitogen-activated protein kinase kinase 1",False,81,2.00320204705704,2.0214166877236277,27.27891156462585,23.945578231292515,92.92517006802721
EOS100326,CFI-400945,inhibitor,High affinity nerve growth factor receptor;Serine/threonine-protein kinase PLK4;Cytochrome P450 3A4;Aurora kinase A;Fibroblast growth factor receptor 1;BDNF/NT-3 growth factors receptor;Cytochrome P450 2C19;Angiopoietin-1 receptor;Aurora kinase B;Aurora kinase B/Inner centromere protein;Cytochrome P450 2C9,False,221,4.413633534456882,1.0852171856429904,75.51020408163265,85.85034013605443,60.544217687074834
EOS100553,LMK 235,,Histone deacetylase 2;Histone deacetylase 4;Histone deacetylase 11;Histone deacetylase 6;Histone deacetylase 1;Histone deacetylase 8;Histone deacetylase 5;Histone deacetylase,False,163,2.9151175511091028,2.415062948511024,55.17006802721088,54.96598639455782,97.14285714285714
EOS100376,GW843682X,,Vascular endothelial growth factor receptor 2;LIM domain kinase 1;Receptor tyrosine-protein kinase erbB-2;Receptor-type tyrosine-protein kinase FLT3;Serine/threonine-protein kinase PLK3;Serine/threonine-protein kinase Nek2;Serine/threonine-protein kinase 3;Vascular endothelial growth factor receptor 1;cGMP-dependent protein kinase 1;cAMP-dependent protein kinase catalytic subunit PRKX;Glycogen synthase kinase-3 beta;Mast/stem cell growth factor receptor Kit;Testis-specific serine/threonine-protein kinase 2;Proto-oncogene tyrosine-protein kinase LCK;Mitogen-activated protein kinase kinase kinase kinase 5;Epidermal growth factor receptor;Ribosomal protein S6 kinase alpha-5;Serine/threonine-protein kinase PLK1;Mitogen-activated protein kinase kinase kinase kinase 4;Dual specificity protein kinase CLK4;Tyrosine-protein kinase ITK/TSK;Aurora kinase A;Serine/threonine-protein kinase PLK4;Tyrosine-protein kinase receptor UFO;Serine/threonine-protein kinase BRSK1;Testis-specific serine/threonine-protein kinase 1;Tyrosine-protein kinase JAK2;Focal adhesion kinase 1;Vascular endothelial growth factor receptor 3;Macrophage colony-stimulating factor 1 receptor;Proto-oncogene tyrosine-protein kinase Src;MAP kinase-activated protein kinase 5;Dual specificity tyrosine-phosphorylation-regulated kinase 1A;Tyrosine-protein kinase JAK3;Ribosomal protein S6 kinase alpha-3;Protein-tyrosine kinase 2-beta;STE20-like serine/threonine-protein kinase;Platelet-derived growth factor receptor beta;Maternal embryonic leucine zipper kinase;High affinity nerve growth factor receptor;Fibroblast growth factor receptor 1,False,279,5.172172498846962,2.317034110081172,90.06802721088435,92.51700680272108,96.19047619047619
EOS101185,CF-102,agonist,Adenosine receptor A1;Adenosine receptor A3;Peroxisome proliferator-activated receptor delta;Adenosine receptor A2b;Adenosine receptor A2a;Ferritin light chain;Peroxisome proliferator-activated receptor gamma;Equilibrative nucleoside transporter 1;5-hydroxytryptamine receptor 2C;5-hydroxytryptamine receptor 2B,False,42,1.6083266528508013,1.6487539980092416,1.9727891156462583,2.585034013605442,87.07482993197279
EOS101948,PANTOTHENATE KINASE INHIBITOR,,"Pantothenate kinase 2, mitochondrial;Pantothenate kinase 3;Pantothenate kinase 1",False,198,3.0947990550854025,1.2465269434559025,67.14285714285714,60.952380952380956,72.78911564625851
EOS100255,SP2509,,Lysine-specific histone demethylase 1A;Cytochrome P450 2C19;Cytochrome P450 2C9;Cytochrome P450 3A4,False,232,4.018996588993288,1.4653314695631225,80.0,81.08843537414965,82.58503401360544
EOS102297,BF-170 HYDROCHLORIDE,,"Microtubule-associated protein tau;Pyruvate kinase PKM;Nuclear receptor ROR-gamma;Putative fructose-1,6-bisphosphate aldolase;Ras-related protein Rab-9A;Lysine-specific demethylase 4E;Geminin;Endonuclease 4;Pyruvate kinase;Thrombopoietin;Cellular tumor antigen p53;Survival motor neuron protein;Retinal dehydrogenase 1;3-hydroxyacyl-CoA dehydrogenase type-2;15-hydroxyprostaglandin dehydrogenase [NAD(+)];Muscarinic acetylcholine receptor M1;Cytochrome P450 3A4;Bloom syndrome protein;Menin/Histone-lysine N-methyltransferase MLL;Peripheral myelin protein 22;NPC intracellular cholesterol transporter 1",False,208,3.696482537218492,2.6806222153784245,70.95238095238095,74.14965986394559,99.04761904761905
EOS101627,DULOXETINE,antagonist;inhibitor,"5-hydroxytryptamine receptor 2A;Sodium-dependent serotonin transporter;Voltage-dependent L-type calcium channel subunit alpha-1C;Voltage-gated potassium channel, IKs; KCNQ1(Kv7.1)/KCNE1(MinK);Sodium channel protein type 5 subunit alpha;Potassium voltage-gated channel subfamily D member 3;Potassium voltage-gated channel subfamily H member 2;5-hydroxytryptamine receptor 6;Lysosomal alpha-glucosidase;5-hydroxytryptamine receptor 2C;Transporter;Serine hydroxymethyltransferase, mitochondrial;Cytochrome P450 3A4;Huntingtin;Cytochrome P450 1A2;Cytochrome P450 2C19;Sodium-dependent noradrenaline transporter;Cytochrome P450 2C9;Cytochrome P450 2D6;Sodium-dependent dopamine transporter;Histone-lysine N-methyltransferase 2A;Voltage-gated L-type calcium channel",False,112,2.32456414389367,1.2803311528827654,39.86394557823129,37.95918367346939,74.96598639455783
EOS101905,WAY-601979,,"Microtubule-associated protein tau;Nuclear receptor ROR-gamma;Beta-lactamase;15-hydroxyprostaglandin dehydrogenase [NAD(+)];Glucose-6-phosphate dehydrogenase-6-phosphogluconolactonase;Retinal dehydrogenase 1;Thioredoxin glutathione reductase;Prelamin-A/C;Lysine-specific demethylase 4E;Putative fructose-1,6-bisphosphate aldolase",False,130,2.4193067777748256,1.5074059933066526,45.57823129251701,42.17687074829932,83.6734693877551
EOS101696,TGX-221,inhibitor,"Phosphatidylinositol 4,5-bisphosphate 3-kinase catalytic subunit beta isoform;PI3-kinase p110-alpha/p85-alpha;Casein kinase I isoform alpha;PI3-kinase p110-delta/p85-alpha;Phosphatidylinositol 4,5-bisphosphate 3-kinase catalytic subunit delta isoform;Focal adhesion kinase 1;Phosphatidylinositol 4,5-bisphosphate 3-kinase catalytic subunit alpha isoform;Dual specificity protein kinase CLK4;PI3K p110 beta/p85 alpha;Phosphatidylinositol 4,5-bisphosphate 3-kinase catalytic subunit gamma isoform",False,48,1.7210049503163838,1.7359840156645214,7.414965986394558,8.571428571428571,88.9795918367347
EOS101773,CCT251545,inhibitor,Glycogen synthase kinase-3 alpha;CDK8/Cyclin C;Cyclin-dependent kinase 19;Protein kinase C theta type;Glycogen synthase kinase-3 beta;Cyclin-dependent kinase 8;Poly [ADP-ribose] polymerase tankyrase-2;Cyclin-C/Cyclin-dependent kinase 19;Protein Wnt-3a;Cyclin-dependent kinase 8/19,False,196,3.7443094001845347,1.4166788554159602,66.05442176870748,76.19047619047619,80.95238095238095
EOS102113,N-PHENYL-1H-PYRAZOLE-3-CARBOXAMIDE,,Nuclear receptor ROR-gamma;Cyclin-dependent kinase 2;Survival motor neuron protein;Beta-lactamase;NPC intracellular cholesterol transporter 1;Ras-related protein Rab-9A;Polyunsaturated fatty acid lipoxygenase ALOX15,False,132,2.4381340202153896,2.3222652603923293,46.25850340136054,43.12925170068027,96.4625850340136
EOS101632,BLU9931,inhibitor,Fibroblast growth factor receptor 3;Fibroblast growth factor receptor 4;Fibroblast growth factor receptor 2;Fibroblast growth factor receptor 1;Cytochrome P450 2C9;Cytochrome P450 2D6;Macrophage colony-stimulating factor 1 receptor;Cytochrome P450 1A2;Cytochrome P450 3A4;Cytochrome P450 2C19,False,204,3.699466328096164,2.23676473209986,69.38775510204081,74.6938775510204,95.37414965986395
EOS100187,PF-CBP1,,Bromodomain-containing protein 4;Voltage-gated L-type calcium channel;CREB-binding protein;Alpha-1A adrenergic receptor;CREB-binding protein/Histone acetyltransferase p300,False,79,2.084803903221525,1.2944182029045996,26.258503401360546,26.93877551020408,75.91836734693878
EOS101690,ECONAZOLE,antagonist;blocker;partial agonist,"Lanosterol 14-alpha demethylase;Malate dehydrogenase, cytoplasmic;Cytochrome P450 2D6;Sodium-dependent dopamine transporter;D(1A) dopamine receptor;Cytochrome P450 2C9;Adenosine receptor A3;Substance-K receptor;Tyrosine-protein kinase Fyn;Delta-type opioid receptor;Histamine H2 receptor;Cytochrome P450 2C19;Muscarinic acetylcholine receptor M4;Alpha-2A adrenergic receptor;Adenosine receptor A1;Indoleamine 2,3-dioxygenase 2;5-hydroxytryptamine receptor 2B;D(4) dopamine receptor;Alpha-2B adrenergic receptor;5-hydroxytryptamine receptor 6;Melanocortin receptor 5;Thromboxane-A synthase;Muscarinic acetylcholine receptor M1;Adenosine receptor A2a;Nuclear receptor subfamily 1 group I member 2;Transient receptor potential cation channel subfamily V member 5;5-hydroxytryptamine receptor 1A;Epidermal growth factor receptor;Sigma non-opioid intracellular receptor 1;Mu-type opioid receptor;Sodium-dependent serotonin transporter;5-hydroxytryptamine receptor 2C;Receptor tyrosine-protein kinase erbB-2;Kappa-type opioid receptor;Beta-1 adrenergic receptor;Calcium release-activated calcium channel protein 1;Substance-P receptor;5-hydroxytryptamine receptor 2A;Matrix metalloproteinase-9;Muscarinic acetylcholine receptor M3;D(2) dopamine receptor;Muscarinic acetylcholine receptor M2;Melanocortin receptor 3;Cytochrome P450 3A4;Mitogen-activated protein kinase 1;Microtubule-associated protein tau;Prelamin-A/C;Nuclear receptor ROR-gamma;Acetylcholinesterase;Mycocyclosin synthase;Steroid 17-alpha-hydroxylase/17,20 lyase;Cholinesterase;5-hydroxytryptamine receptor 1B;Alpha-1A adrenergic receptor;Neuropeptide Y receptor type 2;Cannabinoid receptor 1;7-alpha-hydroxycholest-4-en-3-one 12-alpha-hydroxylase;Bile salt export pump;Beta-lactamase;Androgen receptor;Progesterone receptor;Indoleamine 2,3-dioxygenase 1;4'-phosphopantetheinyl transferase ffp;Lethal factor;D(3) dopamine receptor;Cellular tumor antigen p53;Cytochrome P450 1A2;Sodium-dependent noradrenaline transporter;Beta-3 adrenergic receptor;Alpha-1D adrenergic receptor;Ubiquitin carboxyl-terminal hydrolase 2;Protein RecA;Neuropeptide S receptor;Menin/Histone-lysine N-methyltransferase MLL;Neuropeptide Y receptor type 1;Huntingtin;ATP-dependent DNA helicase Q1;Lysosomal alpha-glucosidase;Retinal dehydrogenase 1;Heat shock protein HSP 90-alpha;Replicative DNA helicase;Thyrotropin receptor;Hypoxia-inducible factor 1-alpha;Transient receptor potential cation channel subfamily M member 2",False,66,1.8943832070016917,2.885498468402011,20.272108843537413,19.319727891156464,99.31972789115646
EOS101682,PICTILISIB,inhibitor,"Non-receptor tyrosine-protein kinase TYK2;PI3-kinase p110-delta/p85-alpha;Leucine-rich repeat serine/threonine-protein kinase 2;Phosphatidylinositol 3-kinase catalytic subunit type 3;Homeodomain-interacting protein kinase 3;Potassium voltage-gated channel subfamily H member 2;Interleukin-1 receptor-associated kinase 3;Serine/threonine-protein kinase PLK4;AP2-associated protein kinase 1;Serine/threonine-protein kinase ICK;Homeodomain-interacting protein kinase 2;Dual specificity tyrosine-phosphorylation-regulated kinase 2;Myosin light chain kinase family member 4;Mitogen-activated protein kinase 9;Homeodomain-interacting protein kinase 4;PI3K p110 beta/p85 alpha;Dual specificity tyrosine-phosphorylation-regulated kinase 1B;Dual specificity protein kinase TTK;Cyclin-G-associated kinase;Ribosomal protein S6 kinase alpha-6;Homeodomain-interacting protein kinase 1;PI3-kinase subunit gamma/Phosphoinositide 3-kinase regulatory subunit 5;Tyrosine-protein kinase JAK1;Cyclin-dependent kinase 18;Casein kinase I isoform delta;Ephrin type-B receptor 6;Ribosomal protein S6 kinase alpha-3;RAC-alpha serine/threonine-protein kinase;ATP-binding cassette sub-family C member 4;Bile salt export pump;Mitogen-activated protein kinase 10;Cyclin-dependent kinase 7;Dual specificity protein kinase CLK4;Death-associated protein kinase 1;Serine/threonine-protein kinase 16;Death-associated protein kinase 3;Casein kinase II subunit alpha';Phosphatidylinositol 4-kinase beta;Ribosyldihydronicotinamide dehydrogenase [quinone];Dual specificity protein kinase CLK2;Phosphatidylinositol 4,5-bisphosphate 3-kinase catalytic subunit beta isoform;Phosphatidylinositol 4,5-bisphosphate 3-kinase catalytic subunit alpha isoform;Phosphatidylinositol 4,5-bisphosphate 3-kinase catalytic subunit delta isoform;Phosphatidylinositol 4,5-bisphosphate 3-kinase catalytic subunit gamma isoform;Serine/threonine-protein kinase mTOR;Mitogen-activated protein kinase kinase kinase 19;Receptor-type tyrosine-protein kinase FLT3;Phosphatidylinositol 4-phosphate 3-kinase C2 domain-containing subunit beta;DNA-dependent protein kinase catalytic subunit;Maternal embryonic leucine zipper kinase;Serine/threonine-protein kinase RIO2;High affinity nerve growth factor receptor;Dual specificity protein kinase CLK1;Cyclin-dependent kinase 16;Calcium/calmodulin-dependent protein kinase type 1G;Casein kinase I isoform epsilon;Mitogen-activated protein kinase 8;Phosphatidylinositol 4-phosphate 3-kinase C2 domain-containing subunit alpha;PI3-kinase p110-alpha/p85-alpha;Calcium/calmodulin-dependent protein kinase type 1;Phosphatidylinositol 3-kinase C2 domain-containing subunit gamma;PI3-kinase class I",False,267,5.36832711917519,1.130669141467649,87.95918367346938,93.87755102040816,63.26530612244898
EOS102036,SIRREAL2,,NAD-dependent protein deacetylase sirtuin-2,False,45,1.6945717433605834,1.3561276806806406,4.489795918367347,6.802721088435375,78.50340136054422
EOS101401,XMD8-92,inhibitor,Bromodomain-containing protein 4;Leucine-rich repeat serine/threonine-protein kinase 2;Serine/threonine-protein kinase DCLK2;Mitogen-activated protein kinase 7;Serine/threonine-protein kinase PLK4;Non-receptor tyrosine-protein kinase TNK1;Serine/threonine-protein kinase DCLK1,False,47,1.7937585848836768,1.436563291317098,6.394557823129252,13.333333333333334,81.49659863945578
EOS101240,BMS-345541,allosteric modulator,Inhibitor of nuclear factor kappa-B kinase subunit beta;Serine/threonine-protein kinase TAO1;Serine/threonine-protein kinase 36;Ribosomal protein S6 kinase alpha-1;Aurora kinase B;Serine/threonine-protein kinase PknB;Cyclin-dependent kinase 1;Cyclin-dependent kinase 16;Mast/stem cell growth factor receptor Kit;Inhibitor of nuclear factor kappa-B kinase subunit alpha;Mitogen-activated protein kinase 6;Homeodomain-interacting protein kinase 4;Serine/threonine-protein kinase D1;Dual specificity tyrosine-phosphorylation-regulated kinase 2;Cyclin-dependent kinase 13;Ribosomal protein S6 kinase alpha-6;Serine/threonine-protein kinase D3;Non-receptor tyrosine-protein kinase TYK2;LIM domain kinase 1;Cyclin-dependent kinase 7;Cyclin-dependent kinase 9;Mitogen-activated protein kinase 15;Casein kinase I isoform delta;Cyclin-dependent kinase 11A;Mitogen-activated protein kinase 7;Serine/threonine-protein kinase/endoribonuclease IRE1;Cyclin-dependent kinase 2;Nuclear receptor ROR-gamma;Cyclin-dependent kinase 11B;Serine/threonine-protein kinase DCLK3;Myosin light chain kinase family member 4;Ribosomal protein S6 kinase alpha-4;Mitogen-activated protein kinase kinase kinase 19;Serine/threonine-protein kinase D2,False,242,3.747514649306281,2.271288032259395,83.33333333333334,76.32653061224491,95.78231292517006
EOS101324,TRAMETINIB,antagonist;inhibitor;inhibitor,Dual specificity mitogen-activated protein kinase kinase 2;Dual specificity mitogen-activated protein kinase kinase 1;ATP-dependent translocase ABCB1;Dual specificity mitogen-activated protein kinase kinase; MEK1/2;Serine/threonine-protein kinase B-raf,False,112,2.7601482010405345,1.7753321462651905,39.86394557823129,52.10884353741496,89.93197278911565
EOS102282,WAY-113583,,Retinal dehydrogenase 1;Huntingtin;Lysine-specific demethylase 4E,False,168,3.0660955969446073,1.3963505798360314,56.394557823129254,59.31972789115646,80.0
EOS101057,BAICALEIN,,"Casein kinase 2;Cyclin-dependent kinase 1/cyclin B1;DNA-(apurinic or apyrimidinic site) endonuclease;Receptor-type tyrosine-protein phosphatase S;Lysine-specific histone demethylase 1A;15-hydroxyprostaglandin dehydrogenase [NAD(+)];Tyrosine-protein kinase Yes;Fructose-1,6-bisphosphatase 1;Xanthine dehydrogenase/oxidase;Thyroid hormone receptor beta;Dual specificity tyrosine-phosphorylation-regulated kinase 1A;GABA-A receptor; anion channel;Cytochrome P450 1A2;Hemoglobin subunit beta;Survival motor neuron protein;Cytochrome P450 2C19;Cytochrome P450 2C9;Cytochrome P450 1B1;Polyunsaturated fatty acid lipoxygenase ALOX15B;Trypsin;UDP-glucuronosyltransferase 1A1;G-protein coupled receptor 35;ATP-dependent translocase ABCB1;Voltage-dependent L-type calcium channel subunit alpha-1C;Alpha-synuclein;3-hydroxyacyl-CoA dehydrogenase type-2;Sucrase-isomaltase, intestinal;Polyunsaturated fatty acid 5-lipoxygenase;Cyclooxygenase;Polyunsaturated fatty acid lipoxygenase ALOX12;Polyunsaturated fatty acid lipoxygenase ALOX15;Menin/Histone-lysine N-methyltransferase MLL;Lysine-specific demethylase 4E;Microtubule-associated protein tau;Cruzipain;Cytochrome P450 3A4;Integrase;Lactoylglutathione lyase;Retinal dehydrogenase 1;4'-phosphopantetheinyl transferase ffp;Lethal(3)malignant brain tumor-like protein 1;Lethal factor;Cellular tumor antigen p53;Bloom syndrome protein;G protein-coupled receptor kinase 6;Replicase polyprotein 1ab;Prolyl endopeptidase;ATP-dependent DNA helicase Q1;Nuclear receptor ROR-gamma;Putative fructose-1,6-bisphosphate aldolase;Cytochrome P450 2D6;Cytochrome P450 1A1;Cyclic AMP-responsive element-binding protein 1",False,162,2.6976424280179385,1.2317813073066266,54.625850340136054,50.34013605442177,71.29251700680273
EOS100700,NILOTINIB,inhibitor;antagonist;inhibitor,"Receptor-type tyrosine-protein kinase FLT3;Ferrochelatase, mitochondrial;Proto-oncogene tyrosine-protein kinase LCK;Ephrin type-B receptor 3;Tyrosine-protein kinase CSK;Mitogen-activated protein kinase 8;Carbonic anhydrase 13;Tyrosine-protein kinase Fgr;Integrin-linked protein kinase;Mitogen-activated protein kinase 9;Dual specificity protein kinase CLK1;Tyrosine-protein kinase Lyn;Phosphorylase b kinase gamma catalytic chain, liver/testis isoform;BDNF/NT-3 growth factors receptor;Platelet-derived growth factor receptor alpha;Carbonic anhydrase 6;Serine/threonine-protein kinase MRCK beta;RAF proto-oncogene serine/threonine-protein kinase;Cytochrome P450 3A4;Angiopoietin-1 receptor;Ephrin type-A receptor 3;Serine/threonine-protein kinase TNNI3K;Ephrin type-A receptor 1;Macrophage colony-stimulating factor 1 receptor;Ephrin type-A receptor 5;Tyrosine-protein kinase Blk;Ephrin type-A receptor 6;Ephrin type-A receptor 8;Serine/threonine-protein kinase TAO3;Carbonic anhydrase 9;Mitogen-activated protein kinase 11;Carbonic anhydrase 5A, mitochondrial;Dual specificity protein kinase CLK4;Carbonic anhydrase 5B, mitochondrial;PCSK9/LDLR;Tyrosine-protein kinase Yes;Tyrosine-protein kinase receptor Tie-1;Ephrin type-A receptor 4;Proto-oncogene tyrosine-protein kinase Src;Proto-oncogene tyrosine-protein kinase receptor Ret;Mitogen-activated protein kinase kinase kinase kinase 1;Ephrin type-B receptor 4;Tyrosine-protein kinase ABL1;Carbonic anhydrase 12;Carbonic anhydrase 7;Carbonic anhydrase 2;Carbonic anhydrase 1;Receptor-interacting serine/threonine-protein kinase 3;Ephrin type-B receptor 6;Ephrin type-B receptor 1;Platelet-derived growth factor receptor beta;Mitogen-activated protein kinase 10;Ribosyldihydronicotinamide dehydrogenase [quinone];Mitogen-activated protein kinase kinase kinase 20;NT-3 growth factor receptor;Tyrosine-protein kinase ABL2;Ephrin type-A receptor 2;Serine/threonine-protein kinase B-raf;Tyrosine-protein kinase Fyn;Serine/threonine-protein kinase 10;Carbonic anhydrase 15;Breakpoint cluster region protein;Carbonic anhydrase 14;Carbonic anhydrase 4;Carbonic anhydrase 3;Potassium voltage-gated channel subfamily H member 2;Dual specificity mitogen-activated protein kinase kinase 5;Mitogen-activated protein kinase 14;Tyrosine-protein kinase FRK;Calcium-dependent protein kinase 1;Serine/threonine-protein kinase TAO1;Tyrosine-protein kinase HCK;Ephrin type-B receptor 2;Discoidin domain-containing receptor 2;Epithelial discoidin domain-containing receptor 1;Bcr/Abl fusion protein;Mast/stem cell growth factor receptor Kit;Phosphatidylinositol 5-phosphate 4-kinase type-2 gamma;Voltage-gated L-type calcium channel",False,52,1.7639682602373716,2.158869919848289,11.224489795918368,11.292517006802722,94.6938775510204
EOS100613,CD 437,agonist,Nuclear receptor ROR-gamma;Polyunsaturated fatty acid lipoxygenase ALOX15;Retinoic acid receptor beta;15-hydroxyprostaglandin dehydrogenase [NAD(+)];Cruzipain;3-hydroxyacyl-CoA dehydrogenase type-2;Ferritin light chain;Retinal dehydrogenase 1;Microtubule-associated protein tau;Cytochrome P450 3A4;Mitogen-activated protein kinase 1;Polyunsaturated fatty acid lipoxygenase ALOX12;Lysine-specific demethylase 4E;Retinoic acid receptor gamma;Retinoic acid receptor alpha;Cellular tumor antigen p53;Menin/Histone-lysine N-methyltransferase MLL;Lethal factor,False,287,5.5086310454351475,1.8262681464034438,92.24489795918367,95.10204081632652,91.29251700680273
EOS100662,DABRAFENIB,antagonist;inhibitor,Tyrosine-protein kinase Fgr;Proto-oncogene tyrosine-protein kinase LCK;Maternal embryonic leucine zipper kinase;Activin receptor type-1B;Serine/threonine-protein kinase D3;Receptor-interacting serine/threonine-protein kinase 3;Tyrosine-protein kinase Yes;Calcium/calmodulin-dependent protein kinase type IV;Cyclin-dependent kinase 16;Ephrin type-A receptor 1;Mitogen-activated protein kinase kinase kinase 11;Tyrosine-protein kinase ABL1;Serine/threonine-protein kinase PLK4;Serine/threonine-protein kinase SIK3;Non-receptor tyrosine-protein kinase TNK1;Mitogen-activated protein kinase kinase kinase 20;Receptor-interacting serine/threonine-protein kinase 1;Tyrosine-protein kinase CSK;Serine/threonine-protein kinase Nek1;Cyclin-dependent-like kinase 5;Eukaryotic translation initiation factor 2-alpha kinase 1;Serine/threonine-protein kinase/endoribonuclease IRE1;Tyrosine-protein kinase FRK;Dual serine/threonine and tyrosine protein kinase;RAF proto-oncogene serine/threonine-protein kinase;GTPase KRas;Serine/threonine-protein kinase SIK1;LIM domain kinase 2;Tyrosine-protein kinase JAK2;Cyclin-dependent kinase 17;Tyrosine-protein kinase ABL2;Receptor-interacting serine/threonine-protein kinase 2;TGF-beta receptor type-2;Serine/threonine-protein kinase B-raf;Serine/threonine-protein kinase A-Raf;Protein-tyrosine kinase 6;Serine/threonine-protein kinase ULK3;Cyclin-dependent kinase 6;Hepatocyte growth factor receptor;Serine/threonine-protein kinase/endoribonuclease IRE2;Tyrosine-protein kinase Lyn;Dual specificity mitogen-activated protein kinase kinase 5;Cyclin-dependent kinase 1;Serine/threonine-protein kinase Nek9;Cyclin-dependent kinase 4;Interleukin-1 receptor-associated kinase 1;LIM domain kinase 1;TGF-beta receptor type-1;Serine/threonine-protein kinase D2;Serine/threonine-protein kinase SIK2;Serine/threonine-protein kinase ULK1;Cyclin-dependent kinase 2;Ephrin type-B receptor 6;Tyrosine-protein kinase Fyn;Tyrosine-protein kinase HCK;Serine/threonine-protein kinase Nek11,False,90,2.089887116491448,1.2716622837131977,31.22448979591837,27.2108843537415,74.6938775510204
EOS100689,CEDIRANIB,inhibitor,Aurora kinase C;Cyclin-G-associated kinase;Exosome RNA helicase MTR4;Activin receptor type-1B;Leukocyte tyrosine kinase receptor;Serine/threonine-protein kinase 26;Macrophage-stimulating protein receptor;Receptor tyrosine-protein kinase erbB-3;Epithelial discoidin domain-containing receptor 1;Casein kinase I isoform epsilon;Tyrosine-protein kinase Fyn;Serine/threonine-protein kinase 35;Mitogen-activated protein kinase kinase kinase 19;Ephrin type-A receptor 8;Tyrosine-protein kinase Lyn;Activin receptor type-1;Receptor tyrosine-protein kinase erbB-2;Serine/threonine-protein kinase SIK2;Tyrosine-protein kinase receptor TYRO3;Ephrin type-A receptor 3;Fibroblast growth factor receptor 3;Mitogen-activated protein kinase kinase kinase kinase 3;Ephrin type-B receptor 4;Aurora kinase B;Serine/threonine-protein kinase 33;Serine/threonine-protein kinase PLK4;Ephrin type-A receptor 1;Tyrosine-protein kinase ABL2;Ephrin type-B receptor 6;Long-chain-fatty-acid--CoA ligase 5;Receptor-interacting serine/threonine-protein kinase 2;Ephrin type-A receptor 6;Angiopoietin-1 receptor;Fibroblast growth factor receptor 2;Tyrosine-protein kinase BTK;Serine/threonine-protein kinase 3;Serine/threonine-protein kinase 4;Platelet-derived growth factor receptor alpha;Tyrosine-protein kinase receptor Tie-1;Tyrosine-protein kinase Mer;Dual specificity mitogen-activated protein kinase kinase 5;Tyrosine-protein kinase HCK;TRAF2 and NCK-interacting protein kinase;Tyrosine-protein kinase Yes;Tyrosine-protein kinase Fgr;Discoidin domain-containing receptor 2;Tyrosine-protein kinase SYK;Vascular endothelial growth factor receptor 3;Mitogen-activated protein kinase kinase kinase kinase 1;Receptor tyrosine-protein kinase erbB-4;Misshapen-like kinase 1;Hepatocyte growth factor receptor;STE20-like serine/threonine-protein kinase;Eukaryotic translation initiation factor 2-alpha kinase 1;Serine/threonine-protein kinase 10;Proto-oncogene tyrosine-protein kinase LCK;Breakpoint cluster region protein;Mitogen-activated protein kinase kinase kinase kinase 2;Ephrin type-A receptor 7;Mitogen-activated protein kinase kinase kinase kinase 5;Protein-tyrosine kinase 6;Proto-oncogene tyrosine-protein kinase Src;Tyrosine-protein kinase Fer;Epidermal growth factor receptor;Tyrosine-protein kinase ABL1;Mast/stem cell growth factor receptor Kit;Platelet-derived growth factor receptor beta;Serine/threonine-protein kinase TAO2;Serine/threonine-protein kinase D2;TGF-beta receptor type-1;Vascular endothelial growth factor receptor 2;Mitogen-activated protein kinase kinase kinase kinase 4;Dual specificity mitogen-activated protein kinase kinase 2;Serine/threonine-protein kinase TAO3;Tyrosine-protein kinase FRK;Serine/threonine-protein kinase/endoribonuclease IRE1;Calcium/calmodulin-dependent protein kinase type II subunit beta;Serine/threonine-protein kinase Chk2;ALK tyrosine kinase receptor;Tyrosine-protein kinase receptor UFO;Receptor-type tyrosine-protein kinase FLT3;Vascular endothelial growth factor receptor 1;Macrophage colony-stimulating factor 1 receptor;Fibroblast growth factor receptor 1;Fibroblast growth factor receptor 4;Serine/threonine-protein kinase TAO1;Proto-oncogene tyrosine-protein kinase receptor Ret;Tyrosine-protein kinase Blk;Vascular endothelial growth factor receptor,False,153,3.162387524385196,1.5997639227402043,52.10884353741496,62.176870748299315,86.12244897959184
EOS100813,HINOKITIOL,,"Collagenase ColG;Histone deacetylase 8;Cytochrome P450 3A4;Ferritin light chain;Carboxypeptidase A1;15-hydroxyprostaglandin dehydrogenase [NAD(+)];Polyunsaturated fatty acid lipoxygenase ALOX12;Polyunsaturated fatty acid lipoxygenase ALOX15;Retinal dehydrogenase 1;Lysine-specific demethylase 4E;MDM2-MDMX;Huntingtin;Putative fructose-1,6-bisphosphate aldolase;Histone deacetylase 2;Cellular tumor antigen p53;Beta-lactamase;4'-phosphopantetheinyl transferase ffp;Thioredoxin glutathione reductase;Nuclear receptor ROR-gamma;Microtubule-associated protein tau;Tyrosinase",False,67,1.8735820075655492,1.7940475521354489,20.884353741496597,18.095238095238095,90.20408163265307
EOS100603,AT-7519,inhibitor,Serine/threonine-protein kinase DCLK2;Cyclin-dependent kinase 3;Cyclin-dependent kinase 7;Cyclin-dependent kinase 18;CDK6/cyclin D3;CDK4/Cyclin D3;Cyclin-dependent kinase 5/CDK5 activator 1;Peripheral plasma membrane protein CASK;Dual specificity protein kinase CLK3;Mitogen-activated protein kinase 7;CDK2/Cyclin A;Calcium/calmodulin-dependent protein kinase kinase 2;Cyclin-dependent kinase 19;Serine/threonine-protein kinase DCLK3;Cyclin-dependent kinase 15;Dual specificity tyrosine-phosphorylation-regulated kinase 2;Cyclin-dependent kinase-like 2;Dual specificity protein kinase CLK2;Dual specificity tyrosine-phosphorylation-regulated kinase 1B;CDK7/Cyclin H/MNAT1;Cyclin-dependent kinase 14/Cyclin-Y;CDK9/cyclin T1;Cyclin-dependent kinase 12;Dual specificity protein kinase CLK4;Cyclin-dependent kinase 11A;Cyclin-dependent kinase-like 5;Cyclin-dependent kinase 2/cyclin E1;Cyclin-dependent kinase 9;Serine/threonine-protein kinase MAK;Serine/threonine-protein kinase TAO2;Mitogen-activated protein kinase 15;Glycogen synthase kinase-3 beta;Cyclin-dependent kinase 1;Cyclin-dependent kinase 6;Cyclin-dependent kinase 4;Cyclin-dependent kinase 2;Cyclin-dependent kinase 14;Serine/threonine-protein kinase TAO1;Serine/threonine-protein kinase ICK;Glycogen synthase kinase-3 alpha;Cyclin-dependent kinase 11B;Dual specificity tyrosine-phosphorylation-regulated kinase 1A;Cyclin-dependent kinase 13;STE20-like serine/threonine-protein kinase;Cyclin-dependent-like kinase 5;Myotonin-protein kinase;Cyclin-dependent kinase 16;Cyclin-dependent kinase 2/cyclin A;CDK3/Cyclin E;Cyclin-dependent kinase 1/cyclin B1;Cyclin-dependent kinase 17;Serine/threonine-protein kinase TAO3;Cyclin-dependent kinase 4/cyclin D1;Dual specificity protein kinase CLK1;Serine/threonine-protein kinase tousled-like 1;Cyclin-dependent kinase,False,182,3.7255971607142166,1.6384925657606302,60.952380952380956,75.37414965986395,86.80272108843538
EOS101944,PD120664,,Mitogen-activated protein kinase 1;Neuropeptide S receptor;Huntingtin;Microtubule-associated protein tau;4'-phosphopantetheinyl transferase ffp;Beta-lactamase;Nuclear receptor ROR-gamma;Menin/Histone-lysine N-methyltransferase MLL;Ferritin light chain;X-box-binding protein 1;Apoptotic protease-activating factor 1;Microphthalmia-associated transcription factor;ATP-dependent molecular chaperone HSP82,False,292,4.931890181281067,1.1463638855877791,92.99319727891157,90.74829931972789,65.4421768707483
EOS100594,AZD-7762,inhibitor,Potassium voltage-gated channel subfamily H member 2;Tyrosine-protein kinase ABL2;STE20-like serine/threonine-protein kinase;Ribosomal protein S6 kinase alpha-4;Proto-oncogene tyrosine-protein kinase receptor Ret;5'-AMP-activated protein kinase catalytic subunit alpha-1;Serine/threonine-protein kinase PAK 4;MAP/microtubule affinity-regulating kinase 3;Mitogen-activated protein kinase kinase kinase kinase 3;Mitogen-activated protein kinase kinase kinase kinase 2;Dual specificity mitogen-activated protein kinase kinase 5;Interleukin-1 receptor-associated kinase 4;Tyrosine-protein kinase ABL1;Tyrosine-protein kinase Yes;TRAF2 and NCK-interacting protein kinase;Tyrosine-protein kinase Tec;Serine/threonine-protein kinase 3;Proto-oncogene tyrosine-protein kinase Src;Serine/threonine-protein kinase 10;Serine/threonine-protein kinase 4;Tyrosine-protein kinase Fes/Fps;Uncharacterized protein FLJ45252;5'-AMP-activated protein kinase subunit gamma-1;Serine/threonine-protein kinase PLK4;Maternal embryonic leucine zipper kinase;Mitogen-activated protein kinase kinase kinase 11;Cyclin-G-associated kinase;Epidermal growth factor receptor;Casein kinase II subunit alpha';Tyrosine-protein kinase CSK;Serine/threonine-protein kinase Chk2;Serine/threonine-protein kinase D3;Protein kinase C delta type;Serine/threonine-protein kinase MARK2;Mitogen-activated protein kinase kinase kinase kinase 5;Breakpoint cluster region protein;Activin receptor type-2B;Serine/threonine-protein kinase D2;Tyrosine-protein kinase HCK;Serine/threonine-protein kinase Chk1;Activated CDC42 kinase 1;Tyrosine-protein kinase SYK;Serine/threonine-protein kinase SIK2;Protein-tyrosine kinase 2-beta;Focal adhesion kinase 1;Serine/threonine-protein kinase SIK3;Tyrosine-protein kinase Fyn;Ribosomal protein S6 kinase alpha-6;Serine/threonine-protein kinase ULK3;5'-AMP-activated protein kinase subunit gamma-2;Dual specificity mitogen-activated protein kinase kinase 1;Tyrosine-protein kinase JAK2;Aurora kinase B;Cyclin-dependent kinase 3;Proto-oncogene tyrosine-protein kinase LCK;Serine/threonine-protein kinase N2;Dual specificity mitogen-activated protein kinase kinase 2;Serine/threonine-protein kinase N1;Myosin light chain kinase 3;Tyrosine-protein kinase FRK;Tyrosine-protein kinase Fer;Mitogen-activated protein kinase kinase kinase kinase 4;Mitogen-activated protein kinase kinase kinase kinase 1;Dual specificity tyrosine-phosphorylation-regulated kinase 1A;Tyrosine-protein kinase Lyn;Serine/threonine-protein kinase ULK1;BMP-2-inducible protein kinase;AP2-associated protein kinase 1;Protein-tyrosine kinase 6;Platelet-derived growth factor receptor beta;MAP/microtubule affinity-regulating kinase 4;Tyrosine-protein kinase BTK,False,295,5.866405596856351,1.1748522273619884,94.28571428571428,96.87074829931973,68.29931972789116
EOS100640,PIK-93,inhibitor,"Phosphatidylinositol 4,5-bisphosphate 3-kinase catalytic subunit gamma isoform;Phosphatidylinositol 4-phosphate 3-kinase C2 domain-containing subunit beta;Phosphatidylinositol 3-kinase catalytic subunit type 3;DNA-dependent protein kinase catalytic subunit;Phosphatidylinositol 4-phosphate 3-kinase C2 domain-containing subunit alpha;Phosphatidylinositol 4-kinase beta;Phosphatidylinositol 4,5-bisphosphate 3-kinase catalytic subunit alpha isoform;Phosphatidylinositol 4,5-bisphosphate 3-kinase catalytic subunit delta isoform;Phosphatidylinositol 4,5-bisphosphate 3-kinase catalytic subunit beta isoform;Phosphatidylinositol 4-kinase alpha",False,176,3.0059528739205303,0.9906529883318366,58.43537414965987,57.41496598639456,52.244897959183675
EOS100630,MUBRITINIB,inhibitor,Receptor tyrosine-protein kinase erbB-2;Misshapen-like kinase 1;Epidermal growth factor receptor,False,193,3.0597414958782245,1.5737457703004567,65.23809523809524,59.04761904761905,85.85034013605443
EOS100174,DBET6,inhibitor,Bromodomain-containing protein 4;E3 ubiquitin-protein ligase TRIM33;Transcription intermediary factor 1-alpha,False,171,3.356767726816648,2.392076310584612,57.48299319727891,66.12244897959184,96.87074829931973
EOS102295,OXYMETAZOLINE,agonist;partial agonist;agonist,Alpha-2C adrenergic receptor;Muscarinic acetylcholine receptor M1;5-hydroxytryptamine receptor 2B;5-hydroxytryptamine receptor 2A;Muscarinic acetylcholine receptor M5;Muscarinic acetylcholine receptor M4;Neuropeptide S receptor;Inositol monophosphatase 1;5-hydroxytryptamine receptor 1A;Bloom syndrome protein;Peripheral myelin protein 22;Thyrotropin receptor;Alpha-2A adrenergic receptor;Prelamin-A/C;Adrenergic receptor alpha;Lethal factor;Adrenergic receptor alpha-2;Menin/Histone-lysine N-methyltransferase MLL;Alpha-2B adrenergic receptor;Adrenergic receptor alpha-1;Cytochrome P450 2D6;5-hydroxytryptamine receptor 1B;Cytochrome P450 1A2;5-hydroxytryptamine receptor 1D;5-hydroxytryptamine receptor 2C;Alpha-1B adrenergic receptor;Alpha-1D adrenergic receptor;Alpha-1A adrenergic receptor;Cytochrome P450 3A4;Nischarin;5-hydroxytryptamine receptor 6,False,69,2.044468760299628,3.582850977706998,21.360544217687075,25.03401360544218,99.8639455782313
EOS100830,SPAUTIN-1,,Ubiquitin carboxyl-terminal hydrolase 10;Phosphatidylinositol 3-kinase catalytic subunit type 3;Ubiquitin carboxyl-terminal hydrolase 13,False,176,2.7111125271312257,2.985125777511427,58.43537414965987,50.7482993197279,99.59183673469387
EOS100636,IMATINIB,antagonist;inhibitor;inhibitor,"Carbonic anhydrase 15;Epidermal growth factor receptor;Carbonic anhydrase 13;Carbonic anhydrase 14;Carbonic anhydrase 12;Carbonic anhydrase 7;Lysine--tRNA ligase;Bile salt export pump;Carbonic anhydrase 1;Mitogen-activated protein kinase 10;Tyrosine-protein kinase Blk;Serine/threonine-protein kinase PLK4;Prelamin-A/C;Cruzipain;Albumin;Serine/threonine-protein kinase TNNI3K;Casein kinase II subunit alpha';Carbonic anhydrase 6;Carbonic anhydrase 2;Maternal embryonic leucine zipper kinase;Tyrosine-protein kinase Fgr;Nuclear receptor ROR-gamma;Multidrug and toxin extrusion protein 2;RET proto-oncogene;Solute carrier family 22 member 3;Thromboxane-A synthase;5-hydroxytryptamine receptor 2A;Sodium-dependent serotonin transporter;Histamine H2 receptor;Solute carrier family 22 member 2;Broad substrate specificity ATP-binding cassette transporter ABCG2;Breakpoint cluster region protein;Multidrug and toxin extrusion protein 1;DNA repair protein RAD52 homolog;Cytochrome P450 3A4;Homeodomain-interacting protein kinase 4;Serine/threonine-protein kinase TAO1;Tyrosine-protein kinase Lyn;ATP-dependent RNA helicase DDX3X;Tyrosine-protein kinase SYK;Receptor-type tyrosine-protein kinase FLT3;Discoidin domain-containing receptor 2;Phosphatidylinositol 5-phosphate 4-kinase type-2 gamma;Bcr/Abl fusion protein;Epithelial discoidin domain-containing receptor 1;Mitogen-activated protein kinase 8;Cyclin-G-associated kinase;Proto-oncogene tyrosine-protein kinase LCK;Tyrosine-protein kinase ABL;Cyclin-dependent kinase 19;Ephrin type-A receptor 8;Tyrosine-protein kinase ABL2;Ribosyldihydronicotinamide dehydrogenase [quinone];Carbonic anhydrase 5B, mitochondrial;Carbonic anhydrase 4;Carbonic anhydrase 3;Platelet-derived growth factor receptor;Proto-oncogene tyrosine-protein kinase Src;Tyrosine-protein kinase ABL1;Macrophage colony-stimulating factor 1 receptor;Interleukin-1 receptor-associated kinase 1;Tyrosine-protein kinase FRK;Serine/threonine-protein kinase 17A;Dual specificity protein kinase CLK4;Mitogen-activated protein kinase kinase kinase 20;Carbonic anhydrase 5A, mitochondrial;Serine/threonine-protein kinase B-raf;Vascular endothelial growth factor receptor 2;Dual specificity protein kinase CLK1;ATP-dependent translocase ABCB1;Platelet-derived growth factor receptor alpha;Tyrosine-protein kinase Fyn;Mitogen-activated protein kinase 14;Mitogen-activated protein kinase 9;MAP kinase p38;RAF proto-oncogene serine/threonine-protein kinase;Non-receptor tyrosine-protein kinase TYK2;Mast/stem cell growth factor receptor Kit;Platelet-derived growth factor receptor beta;Carbonic anhydrase 9;High affinity nerve growth factor receptor",False,167,3.0817631584416976,4.623284517498673,55.986394557823125,59.863945578231295,100.0
